1658132905.898195 0.005376026 0.003507436 -0.148867533 -0.000994167 0.005051482 -0.000181275 0.999986768
1658132906.199492 0.037224125 0.011470294 -0.419602931 0.011714114 -0.004728882 0.002460908 0.999917209
1658132906.396755 0.016683437 0.008628136 -0.552948713 0.005199994 0.003818904 0.003556967 0.999972880
1658132906.597605 0.021119285 0.014383207 -0.742235780 -0.001010205 0.001936348 0.002061978 0.999995530
1658132906.798973 0.027017877 0.017481593 -0.945323110 0.004875308 0.002843292 0.000214639 0.999984026
1658132906.898730 0.036477834 0.020679783 -1.053127646 0.003847122 0.001316892 -0.000790039 0.999991477
1658132907.099413 0.037748951 0.024470355 -1.259718060 0.008900369 0.006672928 0.000785092 0.999937832
1658132907.296681 0.045053355 0.030927463 -1.469296336 0.006524368 0.006948886 0.002637960 0.999951124
1658132907.496498 0.065489344 0.037880171 -1.692012906 0.004384430 0.006970274 0.002887569 0.999961972
1658132907.697683 0.058540098 0.044041023 -1.901650071 0.003842001 0.009820683 0.004763795 0.999933064
1658132907.797597 0.067367353 0.046331171 -2.012572289 0.002874851 0.008500812 0.006184049 0.999940693
1658132907.998424 0.065284617 0.049078587 -2.227054596 0.004005003 0.005790970 0.006599464 0.999953449
1658132908.199673 0.083615936 0.049518660 -2.449504137 0.011020023 0.000167501 0.005078570 0.999926388
1658132908.297576 0.071685731 0.050039127 -2.551331282 0.013327926 0.004297965 0.005235253 0.999888241
1658132908.496922 0.094191097 0.048998360 -2.776267767 0.011835918 0.006279266 0.006372700 0.999889910
1658132908.697899 0.085131600 0.054675408 -2.996328592 0.009577922 0.009085053 0.006698177 0.999890447
1658132908.898694 0.091250233 0.058148917 -3.222190857 0.012030806 0.007153912 0.006037476 0.999883831
1658132908.998803 0.101618245 0.060857974 -3.337222576 0.012079783 0.007270989 0.005712271 0.999884367
1658132909.199548 0.123534426 0.065162756 -3.569334984 0.010949773 0.006931547 0.005701222 0.999899864
1658132909.395977 0.105042301 0.068397716 -3.790951729 0.010287762 0.009350330 0.005544983 0.999888003
1658132909.597159 0.129870117 0.071717411 -4.025538445 0.012469868 0.006977039 0.005761910 0.999881387
1658132909.797510 0.116886653 0.075445950 -4.254146099 0.012059404 0.006337735 0.006789994 0.999884188
1658132909.999012 0.136363626 0.081460722 -4.487624645 0.013104469 0.006495623 0.004919581 0.999880970
1658132910.101028 0.123226024 0.082208909 -4.599909306 0.013753646 0.007294224 0.004577005 0.999868333
1658132910.295638 0.141951770 0.089721739 -4.826635838 0.010134301 0.005818207 0.004770057 0.999920368
1658132910.496975 0.128921404 0.089563459 -5.053448200 0.014009883 0.005687861 0.004914614 0.999873638
1658132910.698118 0.142440528 0.092698395 -5.282137394 0.014509605 0.001935014 0.005767508 0.999876261
1658132910.797792 0.143312097 0.093935579 -5.395772457 0.015207437 0.001382280 0.005462759 0.999868512
1658132910.998851 0.128550038 0.094578780 -5.620078564 0.016759196 -0.000386783 0.004689337 0.999848485
1658132911.202316 0.140095040 0.100618720 -5.847584248 0.015865907 -0.003367237 0.003816091 0.999861240
1658132911.396686 0.148285478 0.105754517 -6.071002483 0.015363317 -0.006755834 0.004261585 0.999850094
1658132911.596820 0.128060132 0.107207209 -6.296151161 0.011011055 -0.005640405 0.004093068 0.999915123
1658132911.697211 0.133495539 0.113360927 -6.411248684 0.011499539 -0.003872821 0.003651654 0.999919772
1658132911.898297 0.131400928 0.117852263 -6.640073776 0.013703068 -0.003066939 0.003210014 0.999896288
1658132912.099022 0.143416911 0.127316952 -6.866815090 0.013556535 -0.005783033 0.003518263 0.999885201
1658132912.295508 0.149181291 0.136362806 -7.078411102 0.010372458 -0.006056860 0.002682795 0.999924302
1658132912.497344 0.136109874 0.143130153 -7.266731739 0.009962518 -0.007138781 0.002501424 0.999921799
1658132912.698423 0.138078287 0.150167599 -7.406020641 0.010083838 -0.010298932 0.003201404 0.999891043
1658132912.800010 0.139373332 0.155387864 -7.452934265 0.010704216 -0.010270860 0.003504965 0.999883890
1658132912.999760 0.136874080 0.158435062 -7.507602215 0.011871711 -0.012840285 0.003808342 0.999839902
1658132913.200911 0.133345723 0.159687862 -7.525916576 0.012936757 -0.014063561 0.003591281 0.999810994
1658132913.399201 0.132396787 0.166004300 -7.525067806 0.013537223 -0.012283200 0.002189324 0.999830544
1658132913.597539 0.131330281 0.171686158 -7.515516758 0.009311403 -0.012034186 0.000306534 0.999884248
1658132913.800116 0.130202040 0.180557832 -7.505220413 0.007732597 -0.010624842 0.000190886 0.999913692
1658132913.898718 0.130996823 0.182202324 -7.501380920 0.006022408 -0.009562609 0.000324103 0.999936104
1658132914.099623 0.136743262 0.188342735 -7.495825768 0.004731735 -0.008533283 0.001475534 0.999951363
1658132914.295542 0.140195996 0.189851239 -7.494818687 0.004831362 -0.006630957 0.002626180 0.999962926
1658132914.496958 0.147190705 0.193724617 -7.496024609 0.002873640 -0.004687324 0.003517998 0.999978721
1658132914.697878 0.151417404 0.197276175 -7.497754574 0.005254744 -0.003864758 0.004132624 0.999970198
1658132914.898639 0.153583720 0.198769629 -7.500331402 0.006875931 -0.006579329 0.004271667 0.999945641
1658132915.001563 0.156431183 0.197095647 -7.501291752 0.007294985 -0.008503825 0.004323109 0.999927938
1658132915.199791 0.161127314 0.195204407 -7.504391193 0.008540581 -0.007387486 0.004140230 0.999927700
1658132915.395787 0.168187112 0.197597638 -7.507296085 0.009615784 -0.002398435 0.003940188 0.999943137
1658132915.496367 0.160695910 0.197823703 -7.509575844 0.008777623 -0.001084045 0.003982731 0.999952972
1658132915.696906 0.162387148 0.199903831 -7.512261391 0.008621858 -0.004158930 0.003869069 0.999946713
1658132915.897777 0.163817421 0.200853571 -7.513453960 0.008427935 -0.007218602 0.003346268 0.999932885
1658132916.098882 0.167007715 0.198609367 -7.515467644 0.008245667 -0.007849433 0.003189233 0.999930143
1658132916.199610 0.169020340 0.199698821 -7.516918659 0.007843250 -0.008053691 0.003768470 0.999929786
1658132916.397146 0.173879460 0.201046079 -7.520017624 0.005712676 -0.006505772 0.005263219 0.999948740
1658132916.597098 0.180620462 0.197761714 -7.524243355 0.004066349 -0.003906076 0.005204743 0.999970555
1658132916.797809 0.182517275 0.192913771 -7.528722763 0.008052666 0.004892823 -0.014239041 0.999854267
1658132916.898246 0.184037387 0.191863954 -7.529432297 0.010942304 0.002318314 -0.021017514 0.999716580
1658132917.100256 0.183772013 0.187966362 -7.529890060 0.013777320 -0.002659785 -0.026911404 0.999539375
1658132917.297521 0.181814164 0.190828472 -7.531964779 0.014534509 -0.002639937 -0.025538931 0.999564707
1658132917.498384 0.179691300 0.189404070 -7.542673588 0.012077007 0.000837779 -0.023418166 0.999652505
1658132917.596896 0.176201433 0.187924325 -7.552457809 0.011249339 0.001657599 -0.023204558 0.999666154
1658132917.797813 0.168365315 0.189286828 -7.588930607 0.012581768 -0.000488594 -0.026175437 0.999578059
1658132917.998538 0.162345424 0.188222244 -7.656514645 0.015757233 0.001598674 -0.030139463 0.999420285
1658132918.099618 0.155764192 0.188575208 -7.705739975 0.014442264 0.005164368 -0.031447172 0.999387741
1658132918.296011 0.149041548 0.192480117 -7.837405205 0.013104107 0.016219763 -0.033018187 0.999237239
1658132918.496371 0.129898533 0.198357016 -8.025565147 0.010797543 0.020480858 -0.032457020 0.999204934
1658132918.697568 0.108661547 0.206185475 -8.270796776 0.010913449 0.022645665 -0.032628309 0.999151409
1658132918.797343 0.090864368 0.209736496 -8.410124779 0.013181019 0.022213589 -0.032889478 0.999125183
1658132918.997894 0.061512772 0.221974045 -8.703331947 0.016121447 0.016054181 -0.031195030 0.999254346
1658132919.198744 0.018645935 0.240984768 -9.008512497 0.008569250 0.010758057 -0.029057149 0.999483168
1658132919.396408 -0.019330850 0.256054372 -9.310538292 0.000348812 0.008086083 -0.026474603 0.999616802
1658132919.596573 -0.063336886 0.270117253 -9.619050026 0.004206869 0.010372231 -0.023430811 0.999662817
1658132919.697524 -0.083203420 0.273899078 -9.770494461 0.007295126 0.008534173 -0.023193933 0.999668002
1658132919.898278 -0.125977665 0.283932507 -10.071277618 0.014601599 0.011105327 -0.022449741 0.999579668
1658132920.099291 -0.165595770 0.293181270 -10.363320351 0.015638661 0.012878872 -0.021005252 0.999574125
1658132920.198931 -0.189262375 0.296309531 -10.508471489 0.013658676 0.012929748 -0.021306513 0.999596059
1658132920.395751 -0.229469150 0.300906181 -10.785874367 0.014149834 0.012294756 -0.021786936 0.999586940
1658132920.598825 -0.277845562 0.311795861 -11.066192627 0.015046757 0.009309525 -0.023037864 0.999577999
1658132920.797116 -0.320767969 0.315781474 -11.345264435 0.018550048 0.009282378 -0.023734793 0.999503076
1658132920.897857 -0.344206154 0.318075150 -11.485856056 0.019481836 0.008674303 -0.023670986 0.999492347
1658132921.098981 -0.385533810 0.322546571 -11.765214920 0.016109997 0.012889986 -0.023200376 0.999517977
1658132921.295153 -0.437475115 0.327601522 -12.039746284 0.019906146 0.006010089 -0.022851717 0.999522626
1658132921.496981 -0.483740717 0.330456048 -12.319492340 0.025638428 0.000972600 -0.022285964 0.999422371
1658132921.597365 -0.512139797 0.335029215 -12.459598541 0.026204538 -0.000223360 -0.022166582 0.999410808
1658132921.798086 -0.558610380 0.339420855 -12.737031937 0.027965035 -0.001519425 -0.023623491 0.999328613
1658132922.001411 -0.606151581 0.349498391 -13.015965462 0.028428828 -0.000015481 -0.024531733 0.999294758
1658132922.199971 -0.650017142 0.357508868 -13.292263031 0.024879491 0.000515400 -0.025015682 0.999377310
1658132922.396625 -0.695484221 0.362568855 -13.563077927 0.023413399 -0.001653363 -0.025033506 0.999411106
1658132922.496803 -0.718128562 0.368822306 -13.702845573 0.023406338 -0.001469851 -0.024353221 0.999428332
1658132922.697625 -0.758355021 0.374670386 -13.977697372 0.025691181 0.000981541 -0.022727912 0.999411106
1658132922.898251 -0.796929181 0.385206640 -14.253622055 0.027246891 0.003352913 -0.022026557 0.999380410
1658132922.998688 -0.816586494 0.391867399 -14.391357422 0.027134707 0.003773867 -0.022253959 0.999376893
1658132923.201466 -0.849774063 0.396379709 -14.665732384 0.029096235 0.001500463 -0.023561168 0.999297798
1658132923.396354 -0.889883637 0.406210959 -14.934083939 0.031282105 0.002697866 -0.023337673 0.999234498
1658132923.597453 -0.921977162 0.417787641 -15.211776733 0.030397529 0.006320968 -0.023405273 0.999243855
1658132923.697403 -0.938188672 0.420580238 -15.350272179 0.030221907 0.006528705 -0.023164460 0.999253452
1658132923.898319 -0.969789267 0.434336364 -15.622711182 0.031424034 0.003021712 -0.023330240 0.999229312
1658132924.199329 -1.035729885 0.450737804 -16.035551071 0.028108452 0.005701858 -0.023615384 0.999309659
1658132924.396134 -1.071596622 0.462141931 -16.305179596 0.028896566 0.006197640 -0.023527745 0.999286294
1658132924.496552 -1.086715698 0.469660312 -16.443761826 0.029233936 0.005515865 -0.023495397 0.999281228
1658132924.697342 -1.126880527 0.480497897 -16.719108582 0.028735079 0.004356494 -0.023413213 0.999303341
1658132924.797664 -1.140627146 0.486663014 -16.856155396 0.028699214 0.003381395 -0.023529097 0.999305427
1658132925.098873 -1.196560264 0.508806467 -17.268207550 0.027055988 0.003821545 -0.024116794 0.999335706
1658132925.295219 -1.238452435 0.523467720 -17.537780762 0.026141446 0.005979276 -0.024202002 0.999347389
1658132925.495970 -1.274151564 0.533908367 -17.811267853 0.025897335 0.006103166 -0.024362953 0.999349058
1658132925.596291 -1.296185017 0.538879871 -17.948244095 0.026331035 0.005863656 -0.024399042 0.999338269
1658132925.797419 -1.332275629 0.558892012 -18.225605011 0.027385620 0.004541864 -0.024313254 0.999318898
1658132925.997809 -1.366751313 0.569627702 -18.501438141 0.025760040 0.005074728 -0.023814734 0.999371588
1658132926.198592 -1.407205462 0.580999732 -18.776393890 0.025831951 0.004910307 -0.023703437 0.999373198
1658132926.395971 -1.442581534 0.599776983 -19.047719955 0.026105419 0.004237096 -0.023999801 0.999362111
1658132926.596776 -1.481750727 0.610955298 -19.322200775 0.026460242 0.001228440 -0.023807850 0.999365568
1658132926.697369 -1.498254776 0.616017938 -19.459379196 0.026474947 0.001416884 -0.023712231 0.999367237
1658132926.898297 -1.539846897 0.635592282 -19.737617493 0.025761908 0.005116429 -0.023523118 0.999378264
1658132927.098723 -1.574333429 0.648635209 -20.008258820 0.025566455 0.002833861 -0.023571115 0.999391258
1658132927.295197 -1.614069104 0.658412158 -20.275846481 0.025894247 0.001691511 -0.024012571 0.999374807
1658132927.496116 -1.655201674 0.674809992 -20.551734924 0.029548544 -0.000010864 -0.023809860 0.999279737
1658132927.696826 -1.693708420 0.686186314 -20.823688507 0.030672058 -0.001601367 -0.023840420 0.999243915
1658132927.797321 -1.713388562 0.687678039 -20.961051941 0.029664712 -0.001596160 -0.023850044 0.999274075
1658132927.998053 -1.751430392 0.705883324 -21.237829208 0.028806295 -0.000198696 -0.024133751 0.999293625
1658132928.198635 -1.788840413 0.719168842 -21.512527466 0.030005196 0.002058130 -0.023917016 0.999261498
1658132928.395547 -1.824353814 0.728189886 -21.780111313 0.027077284 0.004008960 -0.023552421 0.999347866
1658132928.495933 -1.842389345 0.737098098 -21.918979645 0.026666276 0.004633594 -0.023947133 0.999346793
1658132928.696741 -1.874751925 0.749429047 -22.190895081 0.026602929 0.004899505 -0.024510680 0.999333620
1658132928.897449 -1.912372947 0.758625925 -22.463619232 0.025214799 0.004084482 -0.024337238 0.999377489
1658132929.098222 -1.952546716 0.775243163 -22.737670898 0.023553194 0.004761749 -0.024614383 0.999408185
1658132929.198951 -1.969806433 0.781583607 -22.874431610 0.024277283 0.005474563 -0.024618685 0.999387085
1658132929.396554 -2.004218817 0.789576411 -23.142704010 0.023705106 0.006620436 -0.024817755 0.999389052
1658132929.597191 -2.046144724 0.806525171 -23.420265198 0.024306936 0.007197046 -0.024316639 0.999382854
1658132929.798245 -2.083940744 0.825110853 -23.691247940 0.026442591 0.004221931 -0.024116036 0.999350488
1658132929.999040 -2.116293907 0.833099127 -23.966629028 0.026862577 0.002720449 -0.024336999 0.999339163
1658132930.099084 -2.137151480 0.847364962 -24.105398178 0.026454071 0.004310575 -0.024439067 0.999341965
1658132930.295094 -2.174783945 0.855977178 -24.372119904 0.024081772 0.007188366 -0.024431165 0.999385595
1658132930.495654 -2.205733538 0.863367081 -24.645307541 0.022662990 0.007042760 -0.024025917 0.999429643
1658132930.697018 -2.242584229 0.879269004 -24.923316956 0.026452810 0.007319970 -0.023884730 0.999337912
1658132930.897192 -2.284357071 0.887689769 -25.196609497 0.027881529 0.006822674 -0.024201261 0.999294937
1658132930.997667 -2.305858135 0.889655471 -25.330707550 0.027198112 0.007051701 -0.024264555 0.999310732
1658132931.198342 -2.337802649 0.906162560 -25.608821869 0.027595451 0.007310618 -0.023857739 0.999307692
1658132931.396074 -2.376320601 0.916336238 -25.878711700 0.031361427 0.004677578 -0.023418035 0.999222815
1658132931.596887 -2.418078423 0.919663608 -26.147705078 0.027188905 0.004778695 -0.023678575 0.999338448
1658132931.797610 -2.455873251 0.938825130 -26.428577423 0.025958730 0.006470187 -0.024735043 0.999336064
1658132931.898193 -2.475740194 0.938924015 -26.563205719 0.025562502 0.005872894 -0.025131794 0.999339998
1658132932.098728 -2.513850212 0.952968240 -26.834274292 0.027220452 0.004711797 -0.025383765 0.999296069
1658132932.294879 -2.546947956 0.961751163 -27.101804733 0.025089115 0.005933389 -0.024826994 0.999359310
1658132932.496328 -2.581879139 0.982824206 -27.380689621 0.025333416 0.009568397 -0.024066063 0.999343574
1658132932.697112 -2.616493940 0.992674649 -27.653858185 0.027449520 0.009383293 -0.023764752 0.999296665
1658132932.897835 -2.652458191 1.000238419 -27.925802231 0.026213652 0.008672941 -0.023812175 0.999335110
1658132933.098693 -2.692794085 1.012980103 -28.198064804 0.026122134 0.007731420 -0.023317832 0.999356925
1658132933.294842 -2.730622292 1.027917624 -28.475671768 0.025770884 0.009452164 -0.023795670 0.999339938
1658132933.496102 -2.771564007 1.045527816 -28.749774933 0.026879791 0.009086102 -0.023849966 0.999312818
1658132933.696960 -2.806343079 1.047517538 -29.022031784 0.028012706 0.007916357 -0.024114156 0.999285340
1658132933.797752 -2.823411226 1.056189895 -29.155893326 0.028698662 0.008139134 -0.024210725 0.999261796
1658132933.998097 -2.866070271 1.066760898 -29.437217712 0.027863406 0.008292572 -0.024251573 0.999283135
1658132934.198611 -2.906136036 1.080036879 -29.709682465 0.027459832 0.007249167 -0.023930103 0.999310136
1658132934.396048 -2.949084282 1.087812066 -29.975128174 0.025757579 0.007357446 -0.023952205 0.999354184
1658132934.495955 -2.953721523 1.093756557 -30.109987259 0.025576701 0.006418466 -0.024245655 0.999358237
1658132934.696916 -3.003504038 1.108544946 -30.390287399 0.025579013 0.005325044 -0.024801752 0.999350905
1658132934.897503 -3.039546251 1.126997232 -30.664794922 0.024785839 0.004898340 -0.024962148 0.999369085
1658132935.098352 -3.085252285 1.137866735 -30.936822891 0.023900310 0.005511750 -0.024878526 0.999389589
1658132935.198800 -3.105028629 1.138146281 -31.075056076 0.024364829 0.006202156 -0.024952626 0.999372423
1658132935.395563 -3.145121336 1.153813601 -31.348232269 0.024991076 0.006611926 -0.024880767 0.999356151
1658132935.596309 -3.186820507 1.158288360 -31.620435715 0.023951011 0.006641358 -0.025006527 0.999378264
1658132935.797302 -3.235017300 1.168373585 -31.892608643 0.024463801 0.006115453 -0.025137734 0.999365926
1658132935.997677 -3.262449265 1.179926515 -32.163921356 0.025789017 0.006185915 -0.025118057 0.999332666
1658132936.295462 -3.311786175 1.201190591 -32.577548981 0.026327776 0.003797520 -0.025483642 0.999321282
1658132936.497193 -3.356023550 1.209645391 -32.851985931 0.024039151 0.004736000 -0.025221495 0.999381602
1658132936.596310 -3.372972488 1.221231818 -32.989536285 0.022919009 0.004900904 -0.025243776 0.999406576
1658132936.796651 -3.406900644 1.224573135 -33.261054993 0.023904832 0.004606106 -0.025825884 0.999370039
1658132936.997422 -3.446841002 1.249578953 -33.546333313 0.027046893 0.004406404 -0.026286792 0.999278784
1658132937.198153 -3.484044552 1.250513554 -33.820484161 0.025328873 0.008396961 -0.024608891 0.999340951
1658132937.294990 -3.506078243 1.260433793 -33.952091217 0.023410825 0.008904681 -0.023979569 0.999398649
1658132937.498359 -3.540837765 1.266756177 -34.224071503 0.022096910 0.010667187 -0.024204683 0.999405921
1658132937.699563 -3.578369617 1.288293481 -34.504756927 0.022153424 0.009222510 -0.024967914 0.999400198
1658132937.897899 -3.615148783 1.295862675 -34.772819519 0.023833452 0.008217349 -0.025148189 0.999365807
1658132938.100248 -3.646710396 1.310221791 -35.043071747 0.025618957 0.006008118 -0.024025640 0.999364972
1658132938.395878 -3.693356752 1.322597980 -35.416870117 0.029715249 -0.000931333 -0.023471247 0.999282420
1658132938.596970 -3.729471445 1.340978384 -35.622238159 0.032352313 -0.007570704 -0.023446081 0.999172807
1658132938.797372 -3.758889198 1.344846845 -35.767318726 0.031699844 -0.018716242 -0.023722252 0.999040604
1658132938.998196 -3.780861616 1.345902801 -35.861793518 0.029601069 -0.022336053 -0.024682803 0.999007404
1658132939.198841 -3.799716234 1.343566537 -35.905735016 0.028723018 -0.020928221 -0.025267832 0.999048829
1658132939.396689 -3.804832935 1.376282811 -35.926628113 0.034177557 -0.015159652 0.041801531 0.998426139
1658132939.597042 -3.789526939 1.383300900 -35.927890778 0.019403594 -0.005712850 0.108883694 0.993848681
1658132939.797506 -3.809465885 1.391986251 -35.912288666 0.005046987 0.002415797 0.133178338 0.991076291
1658132939.998523 -3.794650316 1.391386032 -35.905143738 0.028198680 -0.000565600 0.134604961 0.990497947
1658132940.099019 -3.784354687 1.391992092 -35.903182983 0.036071304 -0.001692047 0.134353057 0.990275383
1658132940.294835 -3.779551506 1.386280298 -35.897979736 0.034533139 0.008406301 0.135901436 0.990084708
1658132940.496119 -3.786031246 1.382512689 -35.893531799 0.031039141 0.032379281 0.137323260 0.989510238
1658132940.696718 -3.782972097 1.374016523 -35.885700226 0.027472794 0.047107093 0.138214245 0.988899887
1658132940.797585 -3.802924156 1.374247313 -35.895053864 0.025638163 0.055272274 0.137847051 0.988577724
1658132940.998589 -3.841745615 1.365564585 -35.890022278 0.022940433 0.081539467 0.137011036 0.986941278
1658132941.201157 -3.909296036 1.350541592 -35.887329102 0.018579146 0.116844028 0.136421993 0.983560562
1658132941.398917 -4.004520416 1.317645073 -35.883750916 0.013961311 0.148859128 0.135064691 0.979491532
1658132941.495815 -4.073437214 1.281927586 -35.883445740 0.013290515 0.161472127 0.133540243 0.977710128
1658132941.696971 -4.157813549 1.271319389 -35.826335907 0.034656055 0.030508101 0.133643419 0.989953399
1658132941.897499 -4.291474819 1.203705549 -35.712913513 0.046207380 -0.173709810 0.123777054 0.975893974
1658132942.098018 -4.370070934 1.194336414 -35.751319885 0.039150648 -0.121104456 0.127352938 0.983657598
1658132942.294591 -4.404138565 1.193815231 -35.807281494 0.028189464 -0.025085615 0.133569986 0.990320742
1658132942.395201 -4.430692673 1.185123086 -35.825721741 0.028919531 -0.004462397 0.135075644 0.990403116
1658132942.596915 -4.457548141 1.174803495 -35.819801331 0.035731100 -0.003381606 0.134005383 0.990330458
1658132942.799083 -4.466779232 1.166807294 -35.807720184 0.039282758 -0.021201774 0.131310254 0.990335822
1658132942.997514 -4.486977100 1.153531790 -35.811294556 0.038354602 -0.019308394 0.130285174 0.990546286
1658132943.201005 -4.491083145 1.152082682 -35.815895081 0.034168560 -0.008245237 0.129661337 0.990935206
1658132943.295231 -4.495737553 1.138596654 -35.818435669 0.032053649 -0.004516850 0.129857466 0.991004169
1658132943.495488 -4.491449356 1.134596229 -35.818790436 0.032541882 0.000994075 0.129938602 0.990987360
1658132943.696203 -4.479894161 1.133050680 -35.820327759 0.033907775 0.002240487 0.130333930 0.990887702
1658132943.897161 -4.472155094 1.130891562 -35.819061279 0.030816831 0.003068866 0.131580651 0.990821660
1658132943.998116 -4.467566967 1.134179235 -35.817920685 0.028629541 0.002208762 0.132062599 0.990825415
1658132944.198723 -4.454546452 1.126572132 -35.811027527 0.024536429 0.006199010 0.132338867 0.990881443
1658132944.395837 -4.450626373 1.133116603 -35.810588837 0.027193738 0.006891621 0.131045073 0.990979433
1658132944.596819 -4.433464527 1.141931057 -35.810642242 0.032570384 0.004776667 0.130373418 0.990918338
1658132944.697972 -4.431868553 1.138321042 -35.805099487 0.032176726 0.000839886 0.130207866 0.990964115
1658132944.897832 -4.434909344 1.150991678 -35.810306549 0.026649598 -0.002519931 0.130966738 0.991025388
1658132945.098906 -4.426241875 1.161242127 -35.813507080 0.022718435 0.001696455 0.131004706 0.991119981
1658132945.296521 -4.423854351 1.166340113 -35.816482544 0.021770898 0.004576062 0.131296873 0.991093516
1658132945.497105 -4.416408062 1.173631191 -35.811355591 0.025887040 0.001497928 0.130954519 0.991049230
1658132945.696831 -4.412755966 1.167977691 -35.808662415 0.028286986 -0.002858289 0.130134732 0.991088629
1658132945.796384 -4.415467739 1.156778574 -35.800178528 0.028836586 -0.004853140 0.130387396 0.991031885
1658132945.997111 -4.421960354 1.164148688 -35.798995972 0.026897229 -0.003044771 0.131302327 0.990972817
1658132946.197886 -4.413928986 1.163483262 -35.806270599 0.025078619 -0.003212149 0.130602866 0.991112351
1658132946.395627 -4.414714336 1.171309829 -35.805847168 0.027647570 -0.003868669 0.129947558 0.991127789
1658132946.596466 -4.409243107 1.177786827 -35.803112030 0.027706433 -0.003547484 0.130498022 0.991055071
1658132946.796999 -4.409704685 1.176208019 -35.802062988 0.024288557 -0.003907856 0.130317047 0.991167128
1658132946.998200 -4.408248425 1.176635146 -35.801856995 0.024826022 -0.003715815 0.130341962 0.991151273
1658132947.198469 -4.409654617 1.183309793 -35.799732208 0.026146008 -0.005328021 0.130914271 0.991034567
1658132947.394742 -4.406832218 1.182846785 -35.801803589 0.026355559 -0.003543440 0.130705237 0.991064548
1658132947.495552 -4.405196190 1.188590527 -35.800613403 0.026363732 -0.003945638 0.130407915 0.991102040
1658132947.696487 -4.404411316 1.190246820 -35.803985596 0.025204998 -0.002215164 0.130599931 0.991112292
1658132947.897413 -4.402165890 1.191945791 -35.803825378 0.022275375 -0.001793526 0.130772755 0.991160512
1658132948.097973 -4.403174877 1.190811872 -35.805511475 0.025345735 -0.003160211 0.130608246 0.991105020
1658132948.294321 -4.398851395 1.189586639 -35.805545807 0.026480462 -0.006520085 0.130265340 0.991104066
1658132948.495504 -4.400026798 1.190121651 -35.808055878 0.027815744 -0.004670272 0.130431861 0.991056025
1658132948.696295 -4.393166065 1.182615280 -35.799697876 0.028222125 -0.005446708 0.130749777 0.990998745
1658132948.897315 -4.396909237 1.183537245 -35.801704407 0.027441438 -0.004110522 0.130955681 0.990999877
1658132949.098181 -4.390683651 1.184531927 -35.813144684 0.027131595 -0.002559730 0.132232651 0.990844011
1658132949.294659 -4.388438702 1.188872218 -35.814891815 0.027301233 -0.002275753 0.130614668 0.991054654
1658132949.394645 -4.387654781 1.190338016 -35.814048767 0.030226914 -0.001328972 0.130124122 0.991035998
1658132949.595621 -4.385452747 1.185365200 -35.818183899 0.029640799 0.000079184 0.130297333 0.991031885
1658132949.798746 -4.385915756 1.183837414 -35.817909241 0.025423823 -0.000357279 0.130846977 0.991076469
1658132949.997082 -4.376876831 1.185905933 -35.821193695 0.024843130 0.001997805 0.130918920 0.991079748
1658132950.197620 -4.370899200 1.187244892 -35.823158264 0.027853966 0.001687789 0.130916595 0.991000593
1658132950.294236 -4.366385460 1.189656615 -35.823848724 0.028447654 0.002791808 0.130757585 0.991002202
1658132950.495106 -4.364443302 1.190627217 -35.825668335 0.030118702 0.003796056 0.130787641 0.990945578
1658132950.696574 -4.369603634 1.188160777 -35.825126648 0.029094432 0.003764845 0.131142780 0.990929365
1658132950.896708 -4.364135265 1.193668842 -35.825363159 0.026715916 0.003250420 0.131067961 0.991008043
1658132951.097456 -4.365166187 1.190945864 -35.823497772 0.028482204 0.000558354 0.129628494 0.991153359
1658132951.294322 -4.364286900 1.200769544 -35.820858002 0.030552037 -0.002050455 0.129926234 0.991050780
1658132951.395649 -4.365735531 1.195561290 -35.823467255 0.028404770 -0.001827531 0.130190492 0.991080344
1658132951.596644 -4.371023655 1.194993854 -35.822078705 0.026262881 0.000312129 0.129429013 0.991240799
1658132951.797211 -4.372383595 1.200412750 -35.823005676 0.026509186 0.000927886 0.129206434 0.991262972
1658132951.997893 -4.365842342 1.197788119 -35.822341919 0.023737073 0.000293432 0.130498752 0.991164327
1658132952.198651 -4.373912811 1.204430699 -35.824470520 0.025445938 0.003692313 0.130830482 0.991071284
1658132952.294538 -4.364660263 1.204857826 -35.824077606 0.027897824 0.004701001 0.130538642 0.991039574
1658132952.496257 -4.362483025 1.200549006 -35.824447632 0.028087307 0.004241532 0.129677430 0.991149306
1658132952.696781 -4.362122059 1.199386716 -35.823131561 0.025603369 0.001103996 0.129502177 0.991248012
1658132952.897376 -4.371360779 1.203588963 -35.822162628 0.023932762 0.000594263 0.130221680 0.991195917
1658132953.098076 -4.369740963 1.202818632 -35.823371887 0.021600030 0.001879157 0.131263182 0.991110504
1658132953.294069 -4.370731354 1.210457563 -35.822425842 0.023384379 0.002913889 0.131659746 0.991014898
1658132953.395345 -4.369492054 1.205930114 -35.824554443 0.024648098 0.002880094 0.131623581 0.990989149
1658132953.596025 -4.369232178 1.208984852 -35.823097229 0.027255004 0.002009655 0.131317511 0.990963578
1658132953.796770 -4.374941349 1.208040953 -35.823471069 0.027151566 0.000233384 0.131468147 0.990948498
1658132953.998083 -4.367998123 1.202765584 -35.823543549 0.024138302 -0.000439774 0.130777568 0.991117775
1658132954.198268 -4.377128601 1.201502919 -35.825973511 0.022875708 0.002146307 0.130607724 0.991167903
1658132954.395148 -4.381342888 1.199729562 -35.823986053 0.022710796 0.001175520 0.130721331 0.991158307
1658132954.595836 -4.387297630 1.201500297 -35.823806763 0.024026994 -0.000585238 0.130512163 0.991155386
1658132954.696173 -4.389116764 1.201399326 -35.822784424 0.022722961 -0.001453032 0.130512550 0.991185248
1658132954.896979 -4.395688534 1.189700007 -35.826126099 0.024536738 0.000093916 0.128941476 0.991348624
1658132955.097747 -4.390998363 1.188955545 -35.823589325 0.029630842 -0.004976959 0.128881767 0.991204739
1658132955.294003 -4.396776676 1.186786056 -35.813713074 0.029852251 -0.005251513 0.129298046 0.991142452
1658132955.495227 -4.405546665 1.178800225 -35.817371368 0.027719218 -0.002269607 0.130206496 0.991096795
1658132955.595694 -4.400370121 1.188463330 -35.822784424 0.029298237 -0.004283935 0.130487919 0.991007626
1658132955.796764 -4.409103394 1.182298422 -35.808986664 0.027304905 -0.010510040 0.129718289 0.991119206
1658132955.997105 -4.409411430 1.180063009 -35.808258057 0.029149616 -0.009067018 0.129232630 0.991144359
1658132956.197845 -4.413498402 1.182217240 -35.813602448 0.028848816 -0.004366128 0.129999861 0.991084635
1658132956.394645 -4.417299271 1.185660481 -35.804729462 0.026634794 -0.010036635 0.130458176 0.991045177
1658132956.494996 -4.416463852 1.189970255 -35.812461853 0.026476163 -0.010245970 0.131296083 0.990936697
1658132956.695820 -4.420141697 1.182255268 -35.813053131 0.025281282 -0.007911337 0.132330552 0.990851641
1658132956.896480 -4.421915531 1.180182338 -35.815258026 0.027366379 -0.005012737 0.131681666 0.990901530
1658132957.097343 -4.426505566 1.175720692 -35.806697845 0.026714552 -0.007501838 0.130965561 0.990998566
1658132957.293899 -4.430351734 1.175591707 -35.805824280 0.027955150 -0.010219311 0.129777163 0.991096377
1658132957.394494 -4.431362152 1.168679953 -35.806091309 0.029216813 -0.010790716 0.129574656 0.991080403
1658132957.595221 -4.436178684 1.176144838 -35.805847168 0.030182775 -0.010693073 0.129466176 0.991066694
1658132957.795986 -4.429709911 1.172652125 -35.808105469 0.025732502 -0.012366008 0.130637050 0.991019189
1658132957.996717 -4.431100845 1.180481791 -35.815357208 0.021823917 -0.010671594 0.130890831 0.991099179
1658132958.197495 -4.439967632 1.182000995 -35.820846558 0.020208234 -0.005590496 0.130906716 0.991172969
1658132958.395348 -4.439007759 1.183309317 -35.822616577 0.023554441 -0.006100028 0.130265072 0.991180658
1658132958.496214 -4.429444313 1.183143258 -35.823097229 0.025113380 -0.007124458 0.130329803 0.991127014
1658132958.696646 -4.428985596 1.187085748 -35.825363159 0.024146941 -0.007127600 0.130141079 0.991175830
1658132958.897243 -4.426939011 1.191457748 -35.829246521 0.028353821 -0.004538517 0.128662944 0.991272628
1658132959.097947 -4.415669441 1.194283485 -35.832069397 0.025931446 -0.002503448 0.129719883 0.991208375
1658132959.293910 -4.410799980 1.192727804 -35.839199066 0.021776468 0.001915427 0.131165713 0.991119385
1658132959.395213 -4.407301903 1.193716645 -35.839363098 0.020713210 0.005125727 0.131692305 0.991060972
1658132959.595891 -4.400828362 1.195939064 -35.841800690 0.022636801 0.006073388 0.131959185 0.990978062
1658132959.796642 -4.392042160 1.196160555 -35.841056824 0.024739092 0.002188198 0.132453308 0.990878105
1658132959.997398 -4.386425018 1.201445460 -35.841758728 0.024757680 0.002360768 0.132694930 0.990844905
1658132960.198498 -4.379999638 1.195008993 -35.844726562 0.024968963 0.007699498 0.131908298 0.990917563
1658132960.394213 -4.372297764 1.198303342 -35.845588684 0.030118996 0.007603807 0.132091850 0.990750670
1658132960.494889 -4.362868309 1.172798991 -35.830921173 0.030582465 0.007021796 0.132277057 0.990716040
1658132960.695414 -4.356407642 1.183905959 -35.832118988 0.028156219 0.008802404 0.133425817 0.990619659
1658132960.896110 -4.352899551 1.181252122 -35.832580566 0.026550451 0.009752385 0.133233115 0.990681052
1658132961.096926 -4.358483791 1.191742659 -35.848937988 0.029445877 0.010767671 0.132971153 0.990623891
1658132961.293978 -4.342837334 1.181069374 -35.833450317 0.029716201 0.007696042 0.132860690 0.990659297
1658132961.495188 -4.343047619 1.179822445 -35.833339691 0.027729904 0.005835557 0.131850988 0.990864456
1658132961.596219 -4.349070549 1.188535690 -35.846054077 0.027608424 0.005723047 0.131562680 0.990906835
1658132961.796236 -4.351682186 1.186325908 -35.846736908 0.028662786 0.003028368 0.131513521 0.990895271
1658132961.997010 -4.352924824 1.186334372 -35.846324921 0.027097732 0.004839808 0.131232470 0.990969479
1658132962.197769 -4.354423523 1.186281681 -35.844692230 0.028633537 0.003284557 0.130155295 0.991074622
1658132962.394881 -4.359395027 1.181667805 -35.847606659 0.028197601 0.003599298 0.132078245 0.990831673
1658132962.595323 -4.362073421 1.181311965 -35.842441559 0.027368059 0.000362229 0.133360073 0.990689695
1658132962.695758 -4.357926846 1.186009884 -35.841693878 0.029878937 0.000138905 0.132658347 0.990711391
1658132962.796038 -4.365716934 1.182606220 -35.841915131 0.031522106 0.000254893 0.131358624 0.990833640
1658132963.097166 -4.366069317 1.183700562 -35.840976715 0.024307454 0.001035790 0.131150246 0.991063952
1658132963.293720 -4.372722149 1.186083078 -35.839557648 0.026117422 0.000027863 0.131131351 0.991020918
1658132963.494841 -4.377741814 1.186485767 -35.838645935 0.029176630 -0.000320635 0.131804004 0.990846276
1658132963.695618 -4.381893158 1.178447366 -35.838947296 0.030539759 0.000088081 0.131537408 0.990840673
1658132963.796639 -4.377099514 1.168318987 -35.832057953 0.031143585 0.001148402 0.131207898 0.990864933
1658132963.996631 -4.385642052 1.172523022 -35.838214874 0.028840486 0.000259629 0.130705714 0.991001666
1658132964.197416 -4.388648987 1.173699379 -35.837001801 0.027968159 -0.001158014 0.130873263 0.991003871
1658132964.394450 -4.397944450 1.168839693 -35.836273193 0.026036084 -0.002025846 0.130408466 0.991116405
1658132964.595168 -4.400914669 1.169697285 -35.835460663 0.027144067 -0.002787501 0.130390495 0.991087198
1658132964.697221 -4.399006844 1.177010298 -35.836174011 0.026736993 -0.002488170 0.130768493 0.991049290
1658132964.896701 -4.401020527 1.173240185 -35.838630676 0.028617390 0.000301734 0.130474985 0.991038501
1658132965.098592 -4.397445202 1.168475986 -35.830272675 0.031113984 -0.000485982 0.130439818 0.990967810
1658132965.293757 -4.393827915 1.161805749 -35.829986572 0.030397490 0.000086138 0.130830631 0.990938604
1658132965.496274 -4.407488346 1.163449287 -35.837039948 0.029333012 0.001864927 0.130754963 0.990979016
1658132965.697881 -4.407005787 1.165007591 -35.835330963 0.029235670 0.000801977 0.131173655 0.990927875
1658132965.801006 -4.408951283 1.159180999 -35.832054138 0.028303191 -0.000039293 0.131400466 0.990925312
1658132965.997549 -4.407677650 1.165470362 -35.831180573 0.025573272 -0.001095157 0.131219953 0.991022766
1658132966.198070 -4.407959461 1.168511391 -35.828365326 0.025855927 -0.004111810 0.130572841 0.991093040
1658132966.394835 -4.409894466 1.171087623 -35.826190948 0.026409142 -0.006144721 0.130622312 0.991061389
1658132966.595667 -4.419186115 1.162363052 -35.828765869 0.027196938 -0.004949440 0.130252704 0.991095424
1658132966.696040 -4.419727802 1.164687395 -35.829010010 0.027489414 -0.003334603 0.129773349 0.991156995
1658132966.897142 -4.423812866 1.169050694 -35.827388763 0.027368208 -0.003353161 0.129877552 0.991146624
1658132967.097565 -4.422487259 1.160915256 -35.826377869 0.024478326 -0.003135557 0.130127519 0.991190135
1658132967.293752 -4.419540405 1.165299892 -35.824653625 0.024052652 -0.003463369 0.130552560 0.991143584
1658132967.495043 -4.426898003 1.172183633 -35.826293945 0.025209568 -0.001441681 0.130734012 0.991095901
1658132967.597019 -4.419430256 1.169485211 -35.827136993 0.025682123 -0.002186402 0.130605340 0.991099417
1658132967.796281 -4.415141106 1.168650746 -35.827262878 0.024428982 -0.000784268 0.130307391 0.991172373
1658132967.997459 -4.417895317 1.171724677 -35.826793671 0.022655128 0.000255559 0.130538881 0.991184294
1658132968.197988 -4.416706085 1.167948961 -35.826938629 0.026286891 0.000576555 0.130120218 0.991149545
1658132968.396751 -4.415256023 1.179945350 -35.824565887 0.028759848 0.001501790 0.130421117 0.991040349
1658132968.595376 -4.412239075 1.169408083 -35.825668335 0.024674181 0.000490897 0.130779997 0.991104186
1658132968.695568 -4.404408455 1.173363209 -35.825038910 0.025032910 0.000204486 0.130126938 0.991181314
1658132968.896522 -4.408306599 1.177301288 -35.823631287 0.026745021 -0.000290334 0.130274430 0.991117179
1658132969.097199 -4.407136440 1.175191045 -35.824302673 0.028103326 0.003224958 0.131011203 0.990977287
1658132969.394698 -4.393399239 1.184523225 -35.821079254 0.034106214 0.000009957 0.132496208 0.990596533
1658132969.595773 -4.393184185 1.170565367 -35.810535431 0.032292861 -0.000978604 0.131233290 0.990824938
1658132969.695444 -4.396802902 1.177934408 -35.810695648 0.030555639 0.000428063 0.131141737 0.990892589
1658132969.896192 -4.391087532 1.180726528 -35.812885284 0.031304188 0.003479317 0.131368548 0.990833104
1658132970.096867 -4.385902405 1.174956322 -35.800136566 0.034660805 0.011129082 0.132612005 0.990499377
1658132970.293616 -4.392771721 1.183083177 -35.779479980 0.036337081 0.012650289 0.132498205 0.990436196
1658132970.494434 -4.400835991 1.192521691 -35.754215240 0.034330413 0.012702651 0.131497711 0.990640461
1658132970.695219 -4.410958767 1.203303099 -35.711715698 0.029876487 0.007966376 0.130403519 0.990978777
1658132970.795609 -4.409500122 1.204686999 -35.687843323 0.027452761 0.003978643 0.130211234 0.991098225
1658132970.996981 -4.417451382 1.212896466 -35.647651672 0.021878239 -0.002769639 0.130258128 0.991234839
1658132971.197028 -4.425555229 1.222606182 -35.621646881 0.020483855 -0.003717691 0.129509076 0.991359711
1658132971.394875 -4.430652618 1.226883769 -35.613601685 0.021266686 -0.002825696 0.130027398 0.991278350
1658132971.595702 -4.436155319 1.232485175 -35.617584229 0.026121974 -0.001725303 0.132366881 0.990855038
1658132971.796594 -4.553711414 1.207666516 -35.678443909 0.003996047 0.146533445 0.133751526 0.980113566
1658132971.997029 -4.531961441 1.206657290 -35.627544403 0.024649978 0.005754970 0.132179648 0.990902543
1658132972.198389 -4.564364433 1.191284657 -35.599098206 0.033491347 -0.056300279 0.130459890 0.989287078
1658132972.394616 -4.632872105 1.183650613 -35.648963928 0.025263524 0.008238696 0.132652089 0.990806460
1658132972.595495 -4.711951733 1.174255133 -35.692081451 0.019237183 0.078554109 0.133865625 0.987693906
1658132972.796252 -4.805817127 1.151074767 -35.708732605 0.012499167 0.114955299 0.135096997 0.984061956
1658132972.996961 -4.924540043 1.109926581 -35.719139099 0.006794295 0.135474607 0.134943932 0.981524706
1658132973.197641 -5.085208893 1.082167625 -35.733585358 0.006095793 0.154322937 0.133028537 0.979004979
1658132973.293705 -5.196854115 1.048687577 -35.738243103 0.005964593 0.162804738 0.132739574 0.977670312
1658132973.495615 -5.437663555 0.992305994 -35.748130798 0.004097044 0.177288517 0.132972226 0.975125909
1658132973.695576 -5.712566376 0.919756651 -35.755748749 0.007753363 0.155417755 0.131027386 0.979089975
1658132973.898183 -5.974395275 0.850498736 -35.731708527 0.021596704 0.050411589 0.128863111 0.990144789
1658132974.097120 -6.321482182 0.766848743 -35.747600555 0.018550402 0.056884762 0.128391758 0.989916980
1658132974.293270 -6.692120552 0.681481898 -35.777584076 0.012889837 0.081935182 0.130292535 0.988000154
1658132974.495185 -7.065625191 0.588855445 -35.790264130 0.010670449 0.081989914 0.131896913 0.987809241
1658132974.696276 -7.452522755 0.496559680 -35.800567627 0.013247554 0.075433955 0.131468371 0.988357365
1658132974.896100 -7.863307476 0.403731167 -35.815841675 0.012968116 0.078062117 0.131399602 0.988166153
1658132975.098200 -8.299628258 0.293339729 -35.829120636 0.011281608 0.082651570 0.132309228 0.987692118
1658132975.293219 -8.732990265 0.190368950 -35.840190887 0.007811641 0.083521061 0.132486880 0.987628698
1658132975.494646 -9.186189651 0.077182293 -35.855670929 0.009683550 0.081754759 0.132230997 0.987794280
1658132975.695270 -9.663311005 -0.039976835 -35.866584778 0.008412052 0.082652815 0.133413479 0.987572134
1658132975.896391 -10.148997307 -0.153679252 -35.884643555 0.009031764 0.081971444 0.132929370 0.987688720
1658132976.096845 -10.643339157 -0.284133554 -35.895145416 0.013032288 0.062751934 0.133574694 0.988964200
1658132976.198199 -10.908349037 -0.340906799 -35.909378052 0.011129748 0.069981188 0.133490235 0.988513649
1658132976.393991 -11.445343018 -0.483803809 -35.928928375 0.006571813 0.093920045 0.134031311 0.986494601
1658132976.594637 -11.983288765 -0.606475532 -35.944637299 0.003724542 0.096364670 0.134086490 0.986266077
1658132976.796169 -12.527795792 -0.743608952 -35.962047577 0.005795782 0.085339032 0.133780509 0.987312734
1658132976.996128 -13.096608162 -0.878075898 -35.982028961 0.011200918 0.082415819 0.132217139 0.987725079
1658132977.199123 -13.695320129 -1.022999287 -36.004428864 0.015335154 0.085820191 0.131965667 0.987413228
1658132977.393688 -14.284356117 -1.172708988 -36.012157440 0.015337692 0.083831452 0.132581249 0.987501562
1658132977.594471 -14.898318291 -1.336829901 -36.043849945 0.014201880 0.077352978 0.131833017 0.988147199
1658132977.695086 -15.205549240 -1.416124821 -36.055404663 0.015264999 0.076563962 0.131722361 0.988207579
1658132977.895828 -15.851963043 -1.584449410 -36.081245422 0.016223062 0.077259392 0.130625948 0.988283753
1658132978.097081 -16.490541458 -1.751938224 -36.105503082 0.021255407 0.078062013 0.129482269 0.988275707
1658132978.293199 -17.148256302 -1.900973797 -36.138538361 0.023532385 0.083224274 0.131079361 0.987592101
1658132978.494956 -17.821601868 -2.077516556 -36.167160034 0.017188376 0.088253856 0.131724477 0.987200320
1658132978.696608 -18.496055603 -2.243438244 -36.189624786 0.020385325 0.087273225 0.130277187 0.987418711
1658132978.896383 -19.176553726 -2.433894634 -36.200912476 0.012877403 0.086724944 0.129808232 0.987655222
1658132979.097153 -19.889120102 -2.594820976 -36.234329224 0.008548721 0.088413253 0.128631428 0.987706423
1658132979.197506 -20.243062973 -2.690283537 -36.244701385 0.007857972 0.090144165 0.128006101 0.987636983
1658132979.394946 -20.931335449 -2.868510008 -36.264804840 0.011141783 0.086166777 0.126848787 0.988109589
1658132979.595517 -21.648679733 -3.043822765 -36.287437439 0.013491589 0.073756173 0.124949209 0.989325941
1658132979.795876 -22.371543884 -3.218333483 -36.314548492 0.011635417 0.061903343 0.124742188 0.990187883
1658132979.996632 -23.080106735 -3.404563665 -36.338081360 0.003537631 0.054818932 0.126702666 0.990418553
1658132980.197348 -23.815650940 -3.566386461 -36.365627289 0.008391821 0.051690210 0.125710785 0.990683913
1658132980.394320 -24.516988754 -3.740946531 -36.396118164 0.014993914 0.055667881 0.126634955 0.990272641
1658132980.494861 -24.892707825 -3.831077099 -36.414257050 0.014029457 0.059222195 0.127666280 0.989948094
1658132980.695528 -25.607294083 -4.010917187 -36.440570831 0.008859290 0.062351979 0.129563227 0.989569187
1658132980.896208 -26.315050125 -4.192780495 -36.460948944 0.004433536 0.059217911 0.130743235 0.989636242
1658132981.096992 -27.023725510 -4.368257999 -36.476707458 0.008596767 0.050311252 0.129628718 0.990248144
1658132981.293282 -27.714101791 -4.527597427 -36.510787964 0.007076854 0.048191715 0.129865438 0.990334511
1658132981.494441 -28.427402496 -4.703406811 -36.544265747 0.006386999 0.052368715 0.128966928 0.990244627
1658132981.695200 -29.132247925 -4.868852139 -36.574165344 0.009821747 0.053165503 0.127348870 0.990383387
1658132981.795541 -29.480775833 -4.966502666 -36.587104797 0.011242661 0.051268507 0.127148852 0.990494013
1658132981.996259 -30.182079315 -5.142798424 -36.620887756 0.008884910 0.054415464 0.128224909 0.990211308
1658132982.197316 -30.894428253 -5.324139118 -36.649436951 0.005267910 0.061827693 0.130095005 0.989557922
1658132982.393769 -31.587886810 -5.505687714 -36.675064087 0.006807978 0.060032353 0.130208313 0.989644229
1658132982.594512 -32.266586304 -5.659145355 -36.699413300 0.016968919 0.047463663 0.128659174 0.990407050
1658132982.796013 -32.967754364 -5.853213310 -36.731761932 0.018303126 0.048734501 0.127402037 0.990484059
1658132982.996193 -33.691459656 -6.041010380 -36.761692047 0.011191533 0.058007237 0.128480539 0.989950836
1658132983.096587 -34.030315399 -6.129936695 -36.776409149 0.008402771 0.056317765 0.129632428 0.989925861
1658132983.293183 -34.708988190 -6.295686245 -36.799373627 0.014025443 0.049521208 0.128932938 0.990316808
1658132983.493896 -35.407119751 -6.485985756 -36.823596954 0.015547184 0.047453769 0.127944410 0.990523398
1658132983.694783 -36.119045258 -6.663589001 -36.853542328 0.014379997 0.048484012 0.127235755 0.990582526
1658132983.895927 -36.825595856 -6.835762978 -36.891437531 0.010682801 0.057488915 0.128479689 0.989986837
1658132984.096098 -37.519386292 -7.013648510 -36.917335510 0.008035657 0.057825398 0.130263999 0.989759028
1658132984.292983 -38.194480896 -7.193713665 -36.943340302 0.006782896 0.056419104 0.132738724 0.989520788
1658132984.493963 -38.896892548 -7.371787071 -36.960754395 0.007460813 0.052767463 0.134679601 0.989455104
1658132984.694671 -39.591606140 -7.559256554 -36.984394073 0.015081041 0.047468826 0.134972975 0.989596725
1658132984.794932 -39.938518524 -7.645898819 -37.002323151 0.017895829 0.047899775 0.134629086 0.989575863
1658132984.995601 -40.633636475 -7.823665142 -37.035343170 0.021272579 0.051863346 0.135017425 0.989256322
1658132985.196357 -41.324428558 -8.007190704 -37.069953918 0.019345261 0.054472581 0.134744793 0.989192784
1658132985.394275 -42.034915924 -8.185844421 -37.090721130 0.016081041 0.054670598 0.134886384 0.989221096
1658132985.595302 -42.723342896 -8.355365753 -37.122497559 0.015783569 0.054149196 0.134770125 0.989270329
1658132985.795627 -43.406608582 -8.528817177 -37.152751923 0.017990204 0.052375987 0.134697452 0.989338040
1658132985.996360 -44.119731903 -8.711622238 -37.186012268 0.015517248 0.062042031 0.133951783 0.988922179
1658132986.096706 -44.463214874 -8.793642998 -37.203338623 0.014975932 0.061285753 0.134248540 0.988937378
1658132986.292858 -45.132831573 -8.962692261 -37.226039886 0.013891430 0.050883736 0.134764373 0.989472806
1658132986.494364 -45.832115173 -9.134736061 -37.253929138 0.014949725 0.045128047 0.133976966 0.989843547
1658132986.695853 -46.542396545 -9.305600166 -37.288032532 0.013507448 0.048669800 0.133359611 0.989779830
1658132986.895945 -47.236087799 -9.479800224 -37.317939758 0.011294558 0.050604172 0.132964566 0.989763677
1658132986.996684 -47.591735840 -9.551992416 -37.332008362 0.009425084 0.052654907 0.132192641 0.989779711
1658132987.196893 -48.293781281 -9.735534668 -37.364849091 0.010011513 0.057284325 0.131840065 0.989563882
1658132987.393785 -48.973045349 -9.886856079 -37.395221710 0.010384087 0.063285574 0.132697478 0.989079654
1658132987.594545 -49.658355713 -10.064547539 -37.433822632 0.009693531 0.061889030 0.133942425 0.989007235
1658132987.795652 -50.344097137 -10.230585098 -37.463665009 0.011447095 0.058533665 0.133994907 0.989185631
1658132987.895715 -50.695339203 -10.308827400 -37.474365234 0.012258627 0.055621002 0.134716421 0.989246011
1658132988.096547 -51.389205933 -10.486505508 -37.509033203 0.012308960 0.054452252 0.135882437 0.989150882
1658132988.292834 -52.074573517 -10.652915001 -37.539382935 0.012002610 0.052825570 0.137305439 0.989046335
1658132988.493985 -52.773208618 -10.842110634 -37.566818237 0.012883963 0.051696748 0.138452783 0.988934994
1658132988.594342 -53.113109589 -10.924432755 -37.587947845 0.012635931 0.051263168 0.138639390 0.988934577
1658132988.795134 -53.797996521 -11.103992462 -37.620121002 0.011224900 0.050216164 0.140050143 0.988806546
1658132988.996534 -54.503097534 -11.273232460 -37.652725220 0.011830003 0.050496969 0.140289426 0.988751292
1658132989.196520 -55.203025818 -11.447783470 -37.683429718 0.014290261 0.052334651 0.139973730 0.988667965
1658132989.292937 -55.527824402 -11.522352219 -37.701618195 0.014542179 0.051369622 0.140511170 0.988638639
1658132989.493515 -56.230674744 -11.708692551 -37.739158630 0.014282330 0.053615257 0.140221193 0.988564312
1658132989.694206 -56.927097321 -11.885413170 -37.773464203 0.016487146 0.052375399 0.139257386 0.988732696
1658132989.895285 -57.622459412 -12.059148788 -37.813274384 0.017494114 0.049514174 0.137398273 0.989122868
1658132990.096585 -58.327438354 -12.238677025 -37.848514557 0.016887264 0.047788061 0.136153474 0.989390433
1658132990.196135 -58.673057556 -12.332193375 -37.867992401 0.016662702 0.049378857 0.135488644 0.989407420
1658132990.393304 -59.362701416 -12.505084991 -37.902801514 0.017104240 0.050027687 0.135094196 0.989421189
1658132990.595912 -60.064937592 -12.678660393 -37.940650940 0.017167529 0.049673818 0.134629175 0.989501357
1658132990.794612 -60.751380920 -12.837010384 -37.980144501 0.018334113 0.047971066 0.135395482 0.989459813
1658132990.894980 -61.105510712 -12.937685013 -37.992984772 0.017862374 0.051215537 0.135702476 0.989263773
1658132991.095893 -61.813003540 -13.118925095 -38.032878876 0.017112505 0.056257494 0.135962218 0.988967419
1658132991.292641 -62.497421265 -13.292524338 -38.059947968 0.019824563 0.039930094 0.134935409 0.989850998
1658132991.496501 -63.209606171 -13.463884354 -38.090221405 0.020999011 0.038342826 0.133345887 0.990104973
1658132991.695144 -63.897731781 -13.652642250 -38.134708405 0.019096581 0.041525424 0.132687494 0.990103602
1658132991.796029 -64.250373840 -13.731298447 -38.149997711 0.018465634 0.043957699 0.132127076 0.990085483
1658132992.097001 -65.295684814 -13.988498688 -38.202503204 0.015477696 0.043568708 0.133062497 0.990028620
1658132992.293382 -65.978614807 -14.164296150 -38.237712860 0.015890123 0.043180287 0.133207068 0.990019619
1658132992.494185 -66.674812317 -14.342329025 -38.270088196 0.015740732 0.043315426 0.132926092 0.990053892
1658132992.695579 -67.368240356 -14.499685287 -38.312343597 0.016902803 0.042433839 0.132200688 0.990170002
1658132992.897975 -68.065353394 -14.681526184 -38.346050262 0.016660566 0.042907216 0.131854609 0.990199924
1658132993.096474 -68.772186279 -14.852628708 -38.382099152 0.016385989 0.044591788 0.131438106 0.990185440
1658132993.292570 -69.448760986 -15.020363808 -38.422451019 0.014455954 0.044836208 0.131983340 0.990131915
1658132993.494577 -70.143363953 -15.191048622 -38.456809998 0.015196261 0.043349169 0.132268816 0.990148962
1658132993.694993 -70.841949463 -15.368533134 -38.497097015 0.016414279 0.043741051 0.132073581 0.990138352
1658132993.896210 -71.542243958 -15.531002045 -38.531051636 0.015209511 0.043616101 0.132359445 0.990124881
1658132993.995985 -71.894638062 -15.618676186 -38.550796509 0.014363455 0.044792879 0.131922454 0.990143299
1658132994.196638 -72.587799072 -15.787604332 -38.590553284 0.014594186 0.044133030 0.131956756 0.990164995
1658132994.394528 -73.272285461 -15.950228691 -38.626987457 0.016815126 0.043606028 0.131426081 0.990223706
1658132994.594406 -73.961471558 -16.117019653 -38.670379639 0.017239025 0.044189934 0.131392092 0.990195036
1658132994.795552 -74.668884277 -16.300559998 -38.707084656 0.015450971 0.044509057 0.131708294 0.990168273
1658132994.997258 -75.356956482 -16.468360901 -38.748462677 0.013924537 0.045802224 0.131664380 0.990137756
1658132995.196833 -76.054939270 -16.636947632 -38.787185669 0.013106448 0.045822494 0.131334484 0.990191817
1658132995.393321 -76.736061096 -16.807161331 -38.822563171 0.013413790 0.045402981 0.131830692 0.990141094
1658132995.596172 -77.431472778 -16.985639572 -38.862720490 0.013594153 0.043675538 0.131955355 0.990199745
1658132995.796012 -78.119506836 -17.146144867 -38.900497437 0.013909095 0.042369179 0.132624224 0.990162730
1658132995.895311 -78.483192444 -17.243833542 -38.925464630 0.011908532 0.049985331 0.132195055 0.989890993
1658132996.197050 -79.515609741 -17.504123688 -38.983127594 0.013793317 0.041112334 0.131697208 0.990341067
1658132996.393786 -80.199218750 -17.675254822 -39.022281647 0.014321462 0.037778430 0.131518021 0.990490198
1658132996.493433 -80.547721863 -17.752857208 -39.043807983 0.013653627 0.037058972 0.131791145 0.990490496
1658132996.694189 -81.241142273 -17.919805527 -39.084167480 0.009852822 0.037263267 0.131912589 0.990511715
1658132996.895122 -81.938041687 -18.096549988 -39.122753143 0.008707498 0.037395954 0.131933779 0.990514696
1658132997.095918 -82.633705139 -18.268312454 -39.163726807 0.009867925 0.039441239 0.132239774 0.990383625
1658132997.292544 -83.316772461 -18.419630051 -39.202732086 0.012733363 0.041535363 0.132487372 0.990232229
1658132997.493273 -84.014015198 -18.607765198 -39.240718842 0.015211136 0.041256733 0.131941199 0.990281761
1658132997.694318 -84.710426331 -18.787826538 -39.284175873 0.014810539 0.045107976 0.132927671 0.989987969
1658132997.894680 -85.397567749 -18.947860718 -39.324417114 0.011424540 0.045371074 0.134300590 0.989835501
1658132998.095539 -86.085914612 -19.123350143 -39.364830017 0.012941313 0.044461004 0.133372754 0.989983559
1658132998.294755 -86.763153076 -19.291151047 -39.401859283 0.015829524 0.044557210 0.133005455 0.989986718
1658132998.494153 -87.458816528 -19.465572357 -39.442527771 0.015731972 0.042015739 0.133677751 0.990008831
1658132998.694855 -88.153388977 -19.643600464 -39.487056732 0.013851344 0.043228116 0.134735867 0.989841282
1658132998.895598 -88.845726013 -19.811264038 -39.533859253 0.014968957 0.046989575 0.134543344 0.989679813
1658132999.096316 -89.550109863 -19.979755402 -39.578315735 0.015131901 0.048480678 0.133831501 0.989701867
1658132999.293147 -90.211608887 -20.161437988 -39.632316589 0.014353191 0.052259263 0.131832719 0.989789426
1658132999.494002 -90.902526855 -20.330686569 -39.684101105 0.014722588 0.054562900 0.131137893 0.989752054
1658132999.694884 -91.595870972 -20.506330490 -39.732719421 0.016008889 0.054445613 0.130992174 0.989757776
1658132999.895488 -92.292045593 -20.669981003 -39.776103973 0.016494943 0.049744014 0.129056171 0.990251482
1658133000.096193 -92.974243164 -20.850591660 -39.822490692 0.012149174 0.045881636 0.127493605 0.990703106
1658133000.294980 -93.661216736 -21.015861511 -39.862667084 0.009075011 0.044054147 0.127634048 0.990800917
1658133000.493658 -94.356605530 -21.191991806 -39.910221100 0.009168554 0.049102545 0.129202157 0.990359366
1658133000.694572 -95.048004150 -21.368015289 -39.954669952 0.010638324 0.049098060 0.129131883 0.990354121
1658133000.896672 -95.747131348 -21.555000305 -39.998191833 -0.000853348 0.049303800 0.130809382 0.990180433
1658133001.098800 -96.448219299 -21.746265411 -40.041515350 -0.017479615 0.054072879 0.132363468 0.989570916
1658133001.292915 -97.118255615 -21.935955048 -40.080410004 -0.028006740 0.042221144 0.135432959 0.989490271
1658133001.494562 -97.799034119 -22.142549515 -40.120857239 -0.038344938 0.031341843 0.142513961 0.988553107
1658133001.697030 -98.490463257 -22.351533890 -40.165405273 -0.049664374 0.030712165 0.151789501 0.986686468
1658133001.897109 -99.179931641 -22.581691742 -40.213066101 -0.060953949 0.029131850 0.164675131 0.984031558
1658133002.097523 -99.830162048 -22.854984283 -40.255836487 -0.069610752 0.024871673 0.179691613 0.980941772
1658133002.292782 -100.496139526 -23.099082947 -40.302558899 -0.077059902 0.021535821 0.196232557 0.977287471
1658133002.493620 -101.143844604 -23.404554367 -40.349655151 -0.086257942 0.016181190 0.214333683 0.972809792
1658133002.694444 -101.789245605 -23.729356766 -40.397754669 -0.090646327 0.013311261 0.232694611 0.968224883
1658133002.895552 -102.407890320 -24.081777573 -40.450908661 -0.097982630 0.011280886 0.252457082 0.962568223
1658133003.096195 -103.017059326 -24.467279434 -40.496780396 -0.104884587 0.006926038 0.274726063 0.955759883
1658133003.292331 -103.587402344 -24.867450714 -40.545948029 -0.108788811 0.001438646 0.297041386 0.948646069
1658133003.493215 -104.151718140 -25.314933777 -40.589294434 -0.110956363 -0.002594731 0.319196999 0.941166997
1658133003.693727 -104.687271118 -25.793106079 -40.628696442 -0.112008736 -0.009014664 0.342573404 0.932746708
1658133003.895171 -105.209732056 -26.286499023 -40.685722351 -0.112374492 -0.013366909 0.365424842 0.923936129
1658133004.195665 -105.926498413 -27.092279434 -40.745494843 -0.115095757 -0.020967729 0.399691522 0.909153461
1658133004.393209 -106.374404907 -27.651887894 -40.790210724 -0.112510726 -0.023367811 0.421788782 0.899382889
1658133004.593362 -106.816474915 -28.235366821 -40.840698242 -0.109867573 -0.022854710 0.443302155 0.889320016
1658133004.794212 -107.205924988 -28.844776154 -40.884685516 -0.109220408 -0.024986863 0.463760704 0.878847301
1658133004.995902 -107.580368042 -29.470771790 -40.926139832 -0.110749260 -0.035018839 0.484996855 0.866767764
1658133005.195608 -107.905197144 -30.122461319 -40.964954376 -0.112142414 -0.036217429 0.504122794 0.855553985
1658133005.393604 -108.197669983 -30.780447006 -41.006862640 -0.113692418 -0.036814157 0.524112046 0.843223214
1658133005.594563 -108.469924927 -31.454011917 -41.047462463 -0.115804419 -0.041848283 0.544668257 0.829562902
1658133005.694363 -108.580444336 -31.806526184 -41.057338715 -0.116022050 -0.045869462 0.555232823 0.822284281
1658133005.895197 -108.803039551 -32.501617432 -41.099552155 -0.118308961 -0.046693720 0.575081170 0.808148801
1658133006.096053 -108.996673584 -33.216232300 -41.141498566 -0.116862699 -0.048434075 0.594286621 0.794242203
1658133006.292151 -109.149986267 -33.903167725 -41.170722961 -0.108990699 -0.061376713 0.614531815 0.778912485
1658133006.493533 -109.246459961 -34.629211426 -41.194763184 -0.106068730 -0.068353370 0.633070707 0.763740003
1658133006.694364 -109.335517883 -35.374458313 -41.229606628 -0.104300201 -0.067257926 0.650544643 0.749259293
1658133006.894869 -109.374328613 -36.119773865 -41.250236511 -0.105173297 -0.067782849 0.667492509 0.734028459
1658133007.095648 -109.382263184 -36.839096069 -41.285923004 -0.102477476 -0.066746093 0.684490502 0.718690634
1658133007.293083 -109.363052368 -37.565467834 -41.317390442 -0.098312415 -0.066709250 0.700672150 0.703521907
1658133007.493376 -109.305686951 -38.292358398 -41.336795807 -0.092905261 -0.066115253 0.715874135 0.688855350
1658133007.694168 -109.235778809 -39.043815613 -41.361774445 -0.090380691 -0.064668328 0.730135083 0.674204767
1658133007.894978 -109.121520996 -39.774131775 -41.384571075 -0.085637115 -0.060917825 0.742822111 0.661188841
1658133008.095606 -108.993576050 -40.493103027 -41.405590057 -0.077582642 -0.057570238 0.754747927 0.648862243
1658133008.196269 -108.929168701 -40.848808289 -41.416191101 -0.075318009 -0.054057855 0.759595215 0.643754721
1658133008.392899 -108.777595520 -41.557426453 -41.438850403 -0.066818707 -0.047782905 0.768862009 0.634116113
1658133008.593190 -108.609634399 -42.267265320 -41.464828491 -0.058936816 -0.039561935 0.776322305 0.626326680
1658133008.793957 -108.428009033 -43.003349304 -41.476615906 -0.049300753 -0.027612958 0.782369912 0.620245337
1658133008.994804 -108.254676819 -43.723907471 -41.496734619 -0.043002579 -0.020341247 0.785868585 0.616561174
1658133009.195441 -108.047729492 -44.423027039 -41.515068054 -0.041903678 -0.020557702 0.787709355 0.614276469
1658133009.392658 -107.862487793 -45.126113892 -41.525268555 -0.038483974 -0.018464234 0.788739800 0.613243520
1658133009.593299 -107.649909973 -45.826324463 -41.542758942 -0.035020057 -0.016151618 0.788861871 0.613359332
1658133009.793912 -107.448143005 -46.521682739 -41.558734894 -0.032618105 -0.013825998 0.789038479 0.613321483
1658133009.894335 -107.364837646 -46.887634277 -41.569519043 -0.031424593 -0.013032379 0.789325297 0.613031983
1658133010.095391 -107.172882080 -47.581848145 -41.586601257 -0.030122356 -0.014330648 0.789280891 0.613125622
1658133010.292000 -106.981819153 -48.262443542 -41.606613159 -0.028769780 -0.015554801 0.788526297 0.614130795
1658133010.493675 -106.800209045 -48.963066101 -41.625339508 -0.028614599 -0.012337217 0.787290275 0.615794659
1658133010.695173 -106.613273621 -49.659088135 -41.650054932 -0.031534988 -0.011405054 0.787171125 0.615822375
1658133010.895040 -106.420455933 -50.375755310 -41.675857544 -0.042908698 -0.005092982 0.787474811 0.614830434
1658133011.095919 -106.247665405 -51.065338135 -41.697582245 -0.042281553 -0.005197225 0.787828684 0.614419520
1658133011.291966 -106.074783325 -51.735755920 -41.702388763 -0.027819026 -0.015171807 0.788825274 0.613800168
1658133011.493765 -105.896141052 -52.437484741 -41.723037720 -0.028468506 -0.016811460 0.788659513 0.613940716
1658133011.694163 -105.715881348 -53.147560120 -41.745666504 -0.034860685 -0.016011903 0.788680553 0.613605201
1658133011.895056 -105.538825989 -53.833747864 -41.767246246 -0.039025124 -0.011767957 0.788450301 0.613746464
1658133012.096175 -105.373733521 -54.520652771 -41.790073395 -0.037957486 -0.008010545 0.788936198 0.613249421
1658133012.291959 -105.204635620 -55.201698303 -41.811660767 -0.039729413 -0.008043808 0.788840532 0.613259733
1658133012.493508 -105.039009094 -55.895065308 -41.829185486 -0.040254302 -0.009926998 0.788366258 0.613807619
1658133012.694116 -104.862480164 -56.580123901 -41.855167389 -0.042347137 -0.008256451 0.787538350 0.614753664
1658133012.894800 -104.695983887 -57.274818420 -41.873607635 -0.041245084 -0.008019740 0.787558675 0.614805639
1658133013.095492 -104.535232544 -57.964668274 -41.893955231 -0.041849196 -0.008217862 0.787444651 0.614908218
1658133013.291754 -104.369430542 -58.639312744 -41.915447235 -0.042333916 -0.008131097 0.787408292 0.614922762
1658133013.493236 -104.196586609 -59.335922241 -41.938102722 -0.045326289 -0.008180900 0.787986100 0.613967836
1658133013.693719 -104.029327393 -60.018661499 -41.957279205 -0.046228059 -0.010122428 0.788537204 0.613163710
1658133013.794434 -103.948760986 -60.368644714 -41.965259552 -0.046972528 -0.009665097 0.788326502 0.613385260
1658133013.994922 -103.780258179 -61.065940857 -41.987739563 -0.045080032 -0.010377333 0.788193524 0.613686502
1658133014.291845 -103.533172607 -62.086441040 -42.018981934 -0.043929383 -0.010614669 0.788514555 0.613353312
1658133014.392708 -103.449554443 -62.439964294 -42.030261993 -0.044080112 -0.009914096 0.788207293 0.613749087
1658133014.693975 -103.201843262 -63.496032715 -42.062221527 -0.041571386 -0.009868137 0.787881613 0.614342690
1658133014.894495 -103.025222778 -64.189689636 -42.084556580 -0.041815560 -0.012484477 0.787983477 0.614147902
1658133015.095089 -102.857757568 -64.886680603 -42.106426239 -0.039079860 -0.012442539 0.787268043 0.615245521
1658133015.392341 -102.609939575 -65.920303345 -42.145515442 -0.039091777 -0.009924817 0.787046015 0.615574539
1658133015.593007 -102.437713623 -66.616409302 -42.170471191 -0.040265258 -0.010093256 0.786882460 0.615705192
1658133015.793863 -102.266990662 -67.314918518 -42.192001343 -0.038442269 -0.009917304 0.786963224 0.615721345
1658133015.996080 -102.102371216 -68.022338867 -42.219230652 -0.044970743 -0.004998354 0.786134541 0.616396964
1658133016.195171 -101.925430298 -68.711593628 -42.239337921 -0.038001467 -0.010515546 0.786439478 0.616407573
1658133016.393085 -101.758331299 -69.392051697 -42.260967255 -0.036428455 -0.016251264 0.787683189 0.614787877
1658133016.594858 -101.590576172 -70.098640442 -42.285911560 -0.034984525 -0.017266603 0.787826777 0.614660025
1658133016.794559 -101.425148010 -70.800971985 -42.317424774 -0.038518384 -0.011570420 0.788257539 0.614029765
1658133016.995344 -101.261085510 -71.502906799 -42.344615936 -0.039349657 -0.008913665 0.788021624 0.614324093
1658133017.196670 -101.088012695 -72.193214417 -42.371654510 -0.038879309 -0.009175572 0.787530422 0.614979744
1658133017.393703 -100.922836304 -72.872474670 -42.396720886 -0.039458115 -0.008905191 0.786793053 0.615889966
1658133017.593665 -100.750854492 -73.561775208 -42.424064636 -0.042801071 -0.011766114 0.786434531 0.616076708
1658133017.794380 -100.591888428 -74.258705139 -42.448635101 -0.040996235 -0.011700755 0.786380768 0.616269171
1658133017.995271 -100.422027588 -74.961921692 -42.474662781 -0.040647283 -0.012118499 0.786893547 0.615629315
1658133018.195914 -100.258239746 -75.652946472 -42.497947693 -0.037352934 -0.017407242 0.788243473 0.613982141
1658133018.392767 -100.100463867 -76.338005066 -42.527244568 -0.033604782 -0.015616721 0.788800776 0.613530934
1658133018.593422 -99.927772522 -77.043548584 -42.555480957 -0.034016430 -0.011034380 0.788574338 0.613898754
1658133018.794237 -99.764511108 -77.737182617 -42.587131500 -0.037118301 -0.010181392 0.788178325 0.614242315
1658133018.995054 -99.582931519 -78.444358826 -42.612876892 -0.043468729 -0.009397636 0.787763655 0.614370108
1658133019.291574 -99.338600159 -79.466384888 -42.651870728 -0.046057638 -0.015388368 0.788104236 0.613623321
1658133019.392576 -99.260116577 -79.819374084 -42.666645050 -0.044156168 -0.011795754 0.787980855 0.614001095
1658133019.593294 -99.087066650 -80.511741638 -42.694259644 -0.036449462 -0.006494377 0.787729383 0.614907920
1658133019.793915 -98.924446106 -81.201286316 -42.718963623 -0.036368702 -0.011279278 0.788835287 0.613424063
1658133019.995113 -98.753143311 -81.899703979 -42.739978790 -0.036427870 -0.013791665 0.789472938 0.612548172
1658133020.291800 -98.502990723 -82.928642273 -42.781635284 -0.034313086 -0.008216839 0.788836777 0.613589227
1658133020.492542 -98.337203979 -83.621139526 -42.811481476 -0.031985030 -0.008932642 0.788118780 0.614626765
1658133020.593621 -98.245964050 -83.968246460 -42.825103760 -0.034122977 -0.010565660 0.787866950 0.614808738
1658133020.794139 -98.073905945 -84.669387817 -42.853969574 -0.036394078 -0.013279157 0.788194716 0.614205420
1658133020.994563 -97.908462524 -85.374877930 -42.886840820 -0.042925525 -0.007399791 0.787216961 0.615135849
1658133021.195290 -97.745162964 -86.073432922 -42.912033081 -0.037148144 -0.012028987 0.787473798 0.615110159
1658133021.392300 -97.580780029 -86.746978760 -42.939323425 -0.031169146 -0.017533809 0.788003683 0.614630997
1658133021.594719 -97.407997131 -87.452484131 -42.971076965 -0.031866856 -0.016677547 0.787847579 0.614819109
1658133021.793737 -97.238555908 -88.150619507 -43.001502991 -0.031361155 -0.013881143 0.787310421 0.615602195
1658133021.995136 -97.078384399 -88.848754883 -43.032196045 -0.032775972 -0.014258654 0.787356496 0.615461051
1658133022.195414 -96.913345337 -89.546890259 -43.062751770 -0.035696231 -0.014026059 0.787185013 0.615523279
1658133022.395166 -96.747917175 -90.231369019 -43.092414856 -0.036981646 -0.013137914 0.787428319 0.615155578
1658133022.593791 -96.578117371 -90.922721863 -43.125980377 -0.039716598 -0.014876092 0.787925661 0.614308119
1658133022.795661 -96.412376404 -91.619171143 -43.159500122 -0.041861404 -0.011008769 0.787940264 0.614228427
1658133022.995080 -96.249748230 -92.322341919 -43.190982819 -0.038212616 -0.007792392 0.787705421 0.614816427
1658133023.196059 -96.081192017 -93.006118774 -43.217140198 -0.035427921 -0.009987819 0.787801266 0.614828706
1658133023.395810 -95.914115906 -93.683380127 -43.247924805 -0.036535688 -0.011159676 0.788224936 0.614200473
1658133023.593440 -95.747138977 -94.383331299 -43.279636383 -0.039353840 -0.009363168 0.788453341 0.613762915
1658133023.794945 -95.579353333 -95.081718445 -43.309829712 -0.040519722 -0.008819700 0.788234890 0.613975704
1658133023.994920 -95.413482666 -95.775177002 -43.342296600 -0.038881432 -0.011675823 0.788163900 0.614125073
1658133024.196585 -95.240531921 -96.473510742 -43.372398376 -0.038076367 -0.014081451 0.787525952 0.614942908
1658133024.393365 -95.074966431 -97.151565552 -43.403800964 -0.035360262 -0.015910391 0.787179708 0.615503669
1658133024.593222 -94.911140442 -97.859359741 -43.435546875 -0.033449899 -0.015531207 0.786758661 0.616158068
1658133024.794636 -94.739097595 -98.550659180 -43.470546722 -0.032678194 -0.016964767 0.786699116 0.616237640
1658133024.994732 -94.571434021 -99.237388611 -43.506244659 -0.032719139 -0.017134171 0.786735475 0.616184413
1658133025.197008 -94.403099060 -99.941329956 -43.537918091 -0.034565389 -0.018753659 0.787229836 0.615404546
1658133025.392339 -94.238037109 -100.627471924 -43.570541382 -0.033793721 -0.017711723 0.787224352 0.615485370
1658133025.593692 -94.072708130 -101.323516846 -43.606868744 -0.033688985 -0.015824772 0.786888778 0.615971327
1658133025.793707 -93.907043457 -102.022285461 -43.641448975 -0.033723097 -0.016413927 0.787249804 0.615492642
1658133025.994884 -93.741462708 -102.738105774 -43.680980682 -0.045985736 -0.011437712 0.786360919 0.615947247
1658133026.195373 -93.588157654 -103.423065186 -43.709270477 -0.035009876 -0.021600889 0.787686467 0.614701390
1658133026.392020 -93.411933899 -104.098205566 -43.735851288 -0.022673288 -0.028852921 0.788173914 0.614357591
1658133026.592775 -93.247085571 -104.810859680 -43.771961212 -0.023437690 -0.024523132 0.787297606 0.615639329
1658133026.793988 -93.088081360 -105.513290405 -43.816013336 -0.031789601 -0.021140231 0.786240578 0.616740048
1658133026.994293 -92.923812866 -106.211990356 -43.853965759 -0.035714466 -0.018291537 0.785612464 0.617416441
1658133027.195023 -92.740234375 -106.910690308 -43.885757446 -0.035946552 -0.016752666 0.785396457 0.617721319
1658133027.391896 -92.584266663 -107.584098816 -43.917137146 -0.034702726 -0.018442366 0.785679996 0.617383659
1658133027.592938 -92.421348572 -108.269950867 -43.952423096 -0.031993996 -0.019345339 0.785844743 0.617292643
1658133027.793481 -92.245353699 -108.977310181 -43.984668732 -0.033630058 -0.018132376 0.785696805 0.617430806
1658133027.994117 -92.083549500 -109.675003052 -44.017547607 -0.035397492 -0.018012270 0.785631895 0.617418051
1658133028.194844 -91.910957336 -110.369651794 -44.053524017 -0.034807187 -0.018020935 0.785699666 0.617365181
1658133028.393088 -91.745460510 -111.055725098 -44.085494995 -0.033844907 -0.017924299 0.785918772 0.617142558
1658133028.593574 -91.572555542 -111.744438171 -44.119625092 -0.031993218 -0.019336315 0.786167562 0.616881728
1658133028.794116 -91.413787842 -112.444931030 -44.155483246 -0.031413745 -0.017853552 0.786031902 0.617129087
1658133028.995124 -91.229194641 -113.137969971 -44.191837311 -0.034539361 -0.017713113 0.786462426 0.616417229
1658133029.195580 -91.059883118 -113.832763672 -44.225051880 -0.033950243 -0.017378572 0.787258744 0.615442276
1658133029.394228 -90.898292542 -114.520263672 -44.256641388 -0.032103479 -0.018316392 0.787503660 0.615200698
1658133029.593837 -90.716247559 -115.212219238 -44.290485382 -0.032069646 -0.019331681 0.787541747 0.615122676
1658133029.793972 -90.550788879 -115.913200378 -44.325790405 -0.031624917 -0.018540492 0.787812710 0.614823103
1658133029.994627 -90.385330200 -116.620559692 -44.360511780 -0.031508975 -0.017566815 0.787729621 0.614964008
1658133030.195402 -90.218490601 -117.315284729 -44.398986816 -0.032285526 -0.019023839 0.787806988 0.614781201
1658133030.392370 -90.053665161 -117.994888306 -44.432205200 -0.029799756 -0.019475117 0.787730694 0.614990354
1658133030.593064 -89.867317200 -118.686599731 -44.468368530 -0.028766373 -0.017920136 0.787436128 0.615463912
1658133030.693845 -89.792129517 -119.043655396 -44.488471985 -0.028460646 -0.017909832 0.787883520 0.614905477
1658133030.894223 -89.621955872 -119.743789673 -44.529865265 -0.034630161 -0.012258805 0.787962258 0.614626765
1658133031.095026 -89.445907593 -120.452499390 -44.561744690 -0.035626058 -0.014269152 0.788188398 0.614236355
1658133031.291296 -89.280311584 -121.112640381 -44.590122223 -0.021086605 -0.025356041 0.788900077 0.613635957
1658133031.492482 -89.108253479 -121.814353943 -44.621589661 -0.018599514 -0.024544651 0.788607895 0.614124715
1658133031.693234 -88.939521790 -122.514877319 -44.661235809 -0.020303456 -0.021651432 0.788574517 0.614222467
1658133031.893944 -88.773780823 -123.208312988 -44.700317383 -0.021716161 -0.018758805 0.788145542 0.614819586
1658133032.094727 -88.603317261 -123.908905029 -44.738948822 -0.024106281 -0.018823914 0.787994266 0.614922523
1658133032.291089 -88.436370850 -124.584136963 -44.775978088 -0.027426010 -0.018531503 0.788492799 0.614152730
1658133032.492362 -88.270431519 -125.281982422 -44.810882568 -0.027658368 -0.017965419 0.789207995 0.613239765
1658133032.693422 -88.109802246 -125.969078064 -44.846584320 -0.024748199 -0.019603010 0.789512992 0.612921298
1658133032.894037 -87.937911987 -126.661315918 -44.882419586 -0.022783672 -0.019101862 0.788967371 0.613715410
1658133033.094673 -87.769767761 -127.353836060 -44.921165466 -0.022246281 -0.020269563 0.788933754 0.613740802
1658133033.291082 -87.608047485 -128.030197144 -44.961826324 -0.023717964 -0.019966224 0.788773417 0.613901794
1658133033.492010 -87.441940308 -128.723266602 -45.001392365 -0.024149988 -0.019264996 0.788616836 0.614108443
1658133033.592401 -87.351470947 -129.075546265 -45.021419525 -0.025784306 -0.018505080 0.788149476 0.614665151
1658133033.893556 -87.106582642 -130.119949341 -45.080432892 -0.026314601 -0.020511519 0.788186252 0.614531815
1658133033.993836 -87.018295288 -130.455429077 -45.099998474 -0.027058532 -0.020812040 0.788002431 0.614725113
1658133034.194476 -86.856781006 -131.145980835 -45.143032074 -0.027475094 -0.023984449 0.788026273 0.614560366
1658133034.391865 -86.694885254 -131.836547852 -45.181808472 -0.029125677 -0.022517698 0.787443936 0.615285873
1658133034.592841 -86.528701782 -132.528472900 -45.224452972 -0.027531601 -0.022880871 0.787664235 0.615063906
1658133034.793171 -86.358352661 -133.218688965 -45.264457703 -0.023944538 -0.021757316 0.787863314 0.614999771
1658133034.993871 -86.191299438 -133.905410767 -45.306919098 -0.022684721 -0.020358721 0.787891626 0.615059137
1658133035.194660 -86.031494141 -134.600143433 -45.352951050 -0.025362842 -0.020569697 0.787767112 0.615107059
1658133035.392679 -85.856063843 -135.286041260 -45.391475677 -0.024868270 -0.022974340 0.787385583 0.615530431
1658133035.593099 -85.688140869 -135.971771240 -45.433914185 -0.024048235 -0.024159510 0.787279010 0.615653872
1658133035.793800 -85.525146484 -136.673126221 -45.477596283 -0.024107456 -0.023359440 0.787614286 0.615253627
1658133035.994808 -85.354690552 -137.381378174 -45.528293610 -0.032348782 -0.017799892 0.787085354 0.615738153
1658133036.195442 -85.182266235 -138.071090698 -45.564888000 -0.026809100 -0.021971982 0.787059903 0.615902066
1658133036.392053 -85.018417358 -138.751953125 -45.599246979 -0.020717056 -0.026339240 0.787210703 0.615773022
1658133036.593188 -84.853500366 -139.453140259 -45.647651672 -0.020629404 -0.027147552 0.787215650 0.615734577
1658133036.693198 -84.772720337 -139.803588867 -45.669322968 -0.021804439 -0.026399842 0.787371278 0.615527511
1658133036.893917 -84.599578857 -140.498779297 -45.712409973 -0.022388319 -0.024929890 0.787463248 0.615450263
1658133037.195099 -84.346725464 -141.541137695 -45.779220581 -0.024887461 -0.022051731 0.787025928 0.616023183
1658133037.391963 -84.183380127 -142.221801758 -45.824386597 -0.027030872 -0.022897929 0.786619842 0.616420507
1658133037.592597 -84.007644653 -142.917602539 -45.862014771 -0.025545577 -0.023593433 0.786900282 0.616099656
1658133037.793332 -83.840881348 -143.610687256 -45.904945374 -0.024004478 -0.024910875 0.787598073 0.615217566
1658133037.994251 -83.673614502 -144.311981201 -45.950077057 -0.023311246 -0.023640955 0.787633896 0.615248382
1658133038.194834 -83.508483887 -145.003173828 -45.994663239 -0.022145569 -0.022650708 0.787432909 0.615585923
1658133038.290973 -83.426452637 -145.335266113 -46.010997772 -0.020014567 -0.024083002 0.787665248 0.615307212
1658133038.492590 -83.253128052 -146.029083252 -46.051654816 -0.020145474 -0.024400692 0.787573218 0.615408182
1658133038.793462 -83.008026123 -147.068191528 -46.122444153 -0.021427279 -0.023057705 0.786895394 0.616283119
1658133038.893582 -82.922302246 -147.415252686 -46.143306732 -0.021017322 -0.024415821 0.787276268 0.615758300
1658133039.094216 -82.757522583 -148.109619141 -46.184238434 -0.021926317 -0.027029857 0.787322342 0.615558505
1658133039.291030 -82.595581055 -148.790084839 -46.229377747 -0.022412745 -0.026209543 0.787054777 0.615918398
1658133039.491844 -82.423950195 -149.484710693 -46.275146484 -0.023930542 -0.024190666 0.787167430 0.615800023
1658133039.692614 -82.254531860 -150.175125122 -46.317344666 -0.024076886 -0.023732807 0.787439764 0.615463853
1658133039.893393 -82.092742920 -150.874694824 -46.363597870 -0.026761312 -0.025317604 0.787425637 0.615307868
1658133040.094021 -81.925598145 -151.562606812 -46.411338806 -0.027455878 -0.024574410 0.787950873 0.614634573
1658133040.290801 -81.758926392 -152.246505737 -46.451274872 -0.023394307 -0.024310069 0.788628876 0.613943219
1658133040.491600 -81.590011597 -152.938522339 -46.491210938 -0.020552108 -0.025555549 0.789038301 0.613468170
1658133040.692862 -81.426696777 -153.636108398 -46.540935516 -0.020715270 -0.025987880 0.789039254 0.613443196
1658133040.893182 -81.258132935 -154.338150024 -46.589820862 -0.024549615 -0.024000386 0.789264739 0.613092601
1658133041.093881 -81.088378906 -155.032714844 -46.635078430 -0.028193360 -0.024281183 0.789221764 0.612980127
1658133041.290802 -80.923690796 -155.715698242 -46.673164368 -0.018374056 -0.029413413 0.789447844 0.612837136
1658133041.392118 -80.836807251 -156.063217163 -46.694599152 -0.015673025 -0.031446196 0.789318860 0.612977386
1658133041.593097 -80.673095703 -156.751708984 -46.743724823 -0.014563364 -0.031450752 0.789515316 0.612751484
1658133041.793568 -80.506378174 -157.454574585 -46.791049957 -0.017284784 -0.029812483 0.788824141 0.613652229
1658133041.994277 -80.331649780 -158.154113770 -46.838859558 -0.021180322 -0.028702438 0.787948191 0.614707410
1658133042.194994 -80.162124634 -158.834014893 -46.889976501 -0.021649595 -0.028097037 0.787296057 0.615554154
1658133042.392320 -80.003845215 -159.520843506 -46.936706543 -0.022224907 -0.027183749 0.787088573 0.615839779
1658133042.592599 -79.833312988 -160.210418701 -46.978832245 -0.019826025 -0.028384153 0.787134767 0.615808606
1658133042.793342 -79.662490845 -160.900695801 -47.027400970 -0.022374282 -0.027435005 0.787046254 0.615877330
1658133042.993986 -79.499984741 -161.596847534 -47.074703217 -0.020259907 -0.027225403 0.787075996 0.615921915
1658133043.194886 -79.331970215 -162.293045044 -47.122673035 -0.020543803 -0.025823325 0.787235498 0.615768909
1658133043.391690 -79.164947510 -162.973297119 -47.170146942 -0.023034465 -0.025574978 0.787347496 0.615547955
1658133043.592418 -78.993316650 -163.663269043 -47.216484070 -0.022794344 -0.026718725 0.787992299 0.614682555
1658133043.793175 -78.831253052 -164.347183228 -47.266178131 -0.020009659 -0.026395274 0.788126349 0.614621639
1658133043.893530 -78.736267090 -164.698150635 -47.287330627 -0.018791120 -0.027089039 0.788467765 0.614191949
1658133044.094416 -78.576614380 -165.382507324 -47.338008881 -0.019131128 -0.027557516 0.788285017 0.614395142
1658133044.290742 -78.420303345 -166.062118530 -47.385894775 -0.019342780 -0.028162241 0.787981331 0.614750564
1658133044.491908 -78.246902466 -166.759521484 -47.438480377 -0.021965863 -0.026785960 0.788050115 0.614635706
1658133044.692538 -78.085937500 -167.455581665 -47.493904114 -0.023552498 -0.021461153 0.787429154 0.615581095
1658133044.893384 -77.919036865 -168.144332886 -47.542728424 -0.024458004 -0.024513729 0.787753284 0.615016878
1658133045.095951 -77.748794556 -168.827209473 -47.588222504 -0.019337144 -0.022909049 0.788696945 0.614050806
1658133045.290452 -77.569641113 -169.505096436 -47.637027740 -0.020476481 -0.022127802 0.789286494 0.613284588
1658133045.492600 -77.402862549 -170.203399658 -47.685890198 -0.022889778 -0.022677138 0.789801359 0.612515867
1658133045.692474 -77.235733032 -170.889755249 -47.733142853 -0.022726523 -0.025684502 0.790261030 0.611809850
1658133045.792840 -77.147186279 -171.232818604 -47.755100250 -0.021079583 -0.026846731 0.790503025 0.611506283
1658133045.995740 -76.981674194 -171.941467285 -47.812271118 -0.027683923 -0.018712116 0.789177418 0.613255680
1658133046.194227 -76.818725586 -172.626220703 -47.862365723 -0.017095858 -0.026004694 0.787311673 0.615769267
1658133046.391048 -76.561508179 -173.307693481 -47.858036041 -0.008149354 -0.036099818 0.785934925 0.617200792
1658133046.594300 -76.488403320 -173.997314453 -47.966545105 -0.014071818 -0.030843236 0.784357786 0.619381666
1658133046.794042 -76.312896729 -174.694732666 -48.017509460 -0.019909203 -0.028162993 0.783268511 0.620726109
1658133046.993377 -76.151016235 -175.379318237 -48.072212219 -0.022471266 -0.025514102 0.783910692 0.619942069
1658133047.194155 -75.979385376 -176.077896118 -48.124023438 -0.023729879 -0.025635120 0.784789324 0.618777454
1658133047.394036 -75.819656372 -176.764953613 -48.176795959 -0.023776224 -0.024781758 0.785905540 0.617392123
1658133047.593522 -75.649719238 -177.454650879 -48.226707458 -0.022615330 -0.025450015 0.787996352 0.614737928
1658133047.693031 -75.566696167 -177.801025391 -48.251049042 -0.020201076 -0.027475391 0.789138079 0.613268375
1658133047.893642 -75.399368286 -178.488555908 -48.298618317 -0.016163046 -0.027315194 0.789698184 0.612673998
1658133048.094543 -75.232696533 -179.182037354 -48.348300934 -0.012840779 -0.026166340 0.788482904 0.614365757
1658133048.290856 -75.061676025 -179.862655640 -48.399780273 -0.015840515 -0.027074330 0.787875235 0.615035534
1658133048.491964 -74.883712769 -180.554428101 -48.451255798 -0.020781346 -0.030290714 0.787512422 0.615203023
1658133048.692828 -74.712234497 -181.248779297 -48.500778198 -0.024021184 -0.033276781 0.787963688 0.614352345
1658133048.893487 -74.542816162 -181.945205688 -48.555644989 -0.023612410 -0.033947885 0.789336979 0.612566113
1658133049.094264 -74.387924194 -182.638198853 -48.611763000 -0.021519620 -0.034835763 0.790238082 0.611430407
1658133049.290375 -74.235580444 -183.319122314 -48.667095184 -0.016366137 -0.032648038 0.789855540 0.612204611
1658133049.391875 -74.144668579 -183.669738770 -48.689002991 -0.015532304 -0.031986572 0.789296925 0.612981200
1658133049.592425 -73.979873657 -184.360748291 -48.743095398 -0.016440649 -0.035735581 0.788742781 0.613463521
1658133049.795677 -73.810791016 -185.055313110 -48.798179626 -0.017470500 -0.040564395 0.788453579 0.613506556
1658133049.993985 -73.648315430 -185.754272461 -48.856597900 -0.020851389 -0.044456758 0.788332224 0.613287151
1658133050.195801 -73.493423462 -186.453781128 -48.917785645 -0.024771821 -0.043022182 0.788136065 0.613495827
1658133050.391217 -73.340438843 -187.140319824 -48.973808289 -0.025800763 -0.043326944 0.788172662 0.613384962
1658133050.591964 -73.173202515 -187.834838867 -49.030113220 -0.025553463 -0.045301594 0.787844777 0.613673747
1658133050.794786 -73.008026123 -188.525390625 -49.088275909 -0.024318937 -0.042834952 0.788266182 0.613359869
1658133050.994298 -72.837753296 -189.217834473 -49.150714874 -0.033339273 -0.035224579 0.787400067 0.614531398
1658133051.093852 -72.759201050 -189.561401367 -49.179897308 -0.029512053 -0.037307210 0.787464917 0.614521146
1658133051.290613 -72.602203369 -190.227386475 -49.231754303 -0.018592874 -0.040864483 0.786577821 0.615857005
1658133051.491554 -72.436645508 -190.920959473 -49.284675598 -0.016476411 -0.047452524 0.786442339 0.615617752
1658133051.692217 -72.268264771 -191.606109619 -49.345405579 -0.022886183 -0.048683856 0.786365569 0.615414798
1658133051.893644 -72.095764160 -192.291091919 -49.403141022 -0.022657163 -0.046912048 0.785618365 0.616514206
1658133052.093730 -71.942169189 -192.983901978 -49.462604523 -0.012966878 -0.038726311 0.784994602 0.618155003
1658133052.292223 -71.771484375 -193.650390625 -49.519027710 -0.019940579 -0.041645456 0.785234332 0.617474854
1658133052.492705 -71.594451904 -194.344497681 -49.580249786 -0.030969877 -0.038522765 0.785279155 0.617165804
1658133052.693780 -71.429580688 -195.047637939 -49.646503448 -0.036129843 -0.029524859 0.785913587 0.616573393
1658133052.792457 -71.346389771 -195.388946533 -49.675819397 -0.035581119 -0.028216418 0.785852313 0.616744697
1658133052.993252 -71.174606323 -196.075363159 -49.728702545 -0.030878248 -0.032286976 0.786658823 0.615769506
1658133053.193824 -70.994049072 -196.770446777 -49.776084900 -0.024174727 -0.038332857 0.787577808 0.614546478
1658133053.390737 -70.822235107 -197.455657959 -49.827293396 -0.020865997 -0.040197872 0.788337111 0.613574326
1658133053.591982 -70.658416748 -198.147979736 -49.889080048 -0.020422315 -0.038811743 0.788118422 0.613959253
1658133053.792276 -70.484100342 -198.836898804 -49.948940277 -0.019972082 -0.040752228 0.788070440 0.613909900
1658133053.992968 -70.322616577 -199.524902344 -50.008018494 -0.009517744 -0.043522127 0.787376881 0.614860117
1658133054.194184 -70.146438599 -200.221588135 -50.066352844 -0.005326074 -0.038000494 0.785809219 0.617277443
1658133054.391537 -69.976882935 -200.903289795 -50.133346558 -0.009002700 -0.033014823 0.785067439 0.618464291
1658133054.593640 -69.815750122 -201.591217041 -50.199596405 -0.016435260 -0.032673337 0.783601999 0.620185673
1658133054.792999 -69.639785767 -202.279586792 -50.261009216 -0.023441695 -0.032709438 0.781854570 0.622160733
1658133054.993674 -69.461288452 -202.962326050 -50.314064026 -0.025728671 -0.036160380 0.781206191 0.622693598
1658133055.194426 -69.307403564 -203.653320312 -50.371372223 -0.018361723 -0.036708839 0.781865299 0.622094870
1658133055.290827 -69.229125977 -203.975997925 -50.394729614 -0.012702287 -0.034911893 0.782535553 0.621496558
1658133055.491714 -69.050064087 -204.658508301 -50.449161530 -0.013818899 -0.037047144 0.782503366 0.621389568
1658133055.693219 -68.881347656 -205.352966309 -50.508407593 -0.017812803 -0.035702147 0.782240868 0.621697187
1658133055.894199 -68.709228516 -206.051147461 -50.571949005 -0.024852619 -0.028548596 0.783247769 0.620556474
1658133056.094141 -68.538330078 -206.753555298 -50.636352539 -0.035807613 -0.028609701 0.783445239 0.619768500
1658133056.290961 -68.363098145 -207.430084229 -50.689704895 -0.032255143 -0.034394316 0.785288155 0.617332280
1658133056.491540 -68.191665649 -208.125015259 -50.741790771 -0.020368233 -0.040370639 0.787467778 0.614694953
1658133056.692912 -68.008895874 -208.823211670 -50.797149658 -0.016251007 -0.040257204 0.789110243 0.612715483
1658133056.892943 -67.836929321 -209.519714355 -50.854953766 -0.009865074 -0.038861733 0.790039480 0.611743569
1658133057.093698 -67.661178589 -210.218399048 -50.915637970 -0.005791346 -0.037528235 0.790295064 0.611548781
1658133057.291070 -67.488250732 -210.896820068 -50.971965790 -0.007204545 -0.039636448 0.790930629 0.610578299
1658133057.491288 -67.319915771 -211.595932007 -51.032913208 -0.003212277 -0.040466122 0.790470302 0.611153722
1658133057.591689 -67.232254028 -211.944442749 -51.064682007 -0.004212078 -0.039866097 0.790081799 0.611689210
1658133057.792455 -67.058242798 -212.640380859 -51.127983093 -0.004714616 -0.040611323 0.788944662 0.613102674
1658133057.993132 -66.892257690 -213.328338623 -51.196411133 -0.007662105 -0.037526868 0.788155675 0.614283025
1658133058.193870 -66.721176147 -214.022918701 -51.258422852 -0.015751265 -0.036364306 0.788208365 0.614131212
1658133058.391895 -66.555908203 -214.697631836 -51.321483612 -0.018041106 -0.033957183 0.788614988 0.613683879
1658133058.591434 -66.393035889 -215.385375977 -51.382835388 -0.016606096 -0.034652796 0.788134933 0.614301860
1658133058.792238 -66.218734741 -216.074783325 -51.440681458 -0.016711071 -0.038009610 0.787965298 0.614318192
1658133058.993201 -66.063217163 -216.757781982 -51.504100800 -0.009202766 -0.038782816 0.787343740 0.615224421
1658133059.193698 -65.902008057 -217.443328857 -51.569320679 -0.004002456 -0.030740419 0.785236537 0.618419409
1658133059.390471 -65.738327026 -218.119781494 -51.637214661 -0.010998442 -0.026917947 0.784080088 0.619978189
1658133059.591223 -65.567718506 -218.798858643 -51.698593140 -0.015801217 -0.029767403 0.783654511 0.620282114
1658133059.892408 -65.306854248 -219.830535889 -51.786067963 -0.015969671 -0.036787018 0.786280155 0.616567314
1658133060.093215 -65.127700806 -220.524383545 -51.839908600 -0.012282928 -0.037707597 0.788013756 0.614379108
1658133060.289964 -64.967483521 -221.191421509 -51.901748657 -0.007903112 -0.037304439 0.788285255 0.614127278
1658133060.491632 -64.803894043 -221.886901855 -51.967418671 -0.002822884 -0.034630846 0.788239419 0.614386976
1658133060.692858 -64.632278442 -222.580932617 -52.032234192 -0.003245106 -0.036109671 0.788537443 0.613917232
1658133060.893083 -64.462402344 -223.271392822 -52.100814819 -0.003437536 -0.029242229 0.787191093 0.616005898
1658133061.093870 -64.293334961 -223.970733643 -52.170158386 -0.012436843 -0.023865724 0.785742521 0.617968082
1658133061.290147 -64.123413086 -224.644042969 -52.225997925 -0.005154741 -0.037203927 0.785785913 0.617357135
1658133061.591907 -63.870285034 -225.685119629 -52.321426392 -0.000552540 -0.040654249 0.785103500 0.618028641
1658133061.792637 -63.702850342 -226.380187988 -52.391674042 -0.000517246 -0.036848497 0.785489559 0.617776752
1658133061.993607 -63.538146973 -227.069580078 -52.462364197 -0.010999589 -0.036993433 0.785450816 0.617719591
1658133062.194313 -63.374267578 -227.754333496 -52.525268555 -0.009873782 -0.037287578 0.786761820 0.616050303
1658133062.390906 -63.207855225 -228.438507080 -52.589931488 -0.014748679 -0.037501894 0.787880242 0.614508688
1658133062.591768 -63.045532227 -229.130935669 -52.655899048 -0.016407385 -0.041288726 0.788693368 0.613179266
1658133062.792428 -62.878997803 -229.821533203 -52.722229004 -0.017265055 -0.039534494 0.789890468 0.611728668
1658133062.993937 -62.728637695 -230.512939453 -52.787872314 -0.012016289 -0.042297844 0.789949477 0.611593306
1658133063.193860 -62.555572510 -231.204376221 -52.850975037 -0.006904502 -0.044713847 0.790475070 0.610820889
1658133063.390700 -62.402770996 -231.888549805 -52.923461914 -0.012109418 -0.042043738 0.791511059 0.609586716
1658133063.591594 -62.226501465 -232.584350586 -52.991531372 -0.013476037 -0.044210941 0.791230798 0.609768569
1658133063.794440 -62.057250977 -233.266418457 -53.053615570 -0.007500437 -0.047470216 0.790765941 0.610229135
1658133063.992910 -61.905120850 -233.961944580 -53.124649048 -0.005531055 -0.046491545 0.791127622 0.609856546
1658133064.194007 -61.738555908 -234.653808594 -53.195453644 -0.010026413 -0.048013374 0.791800201 0.608807504
1658133064.390532 -61.567901611 -235.341156006 -53.260700226 -0.015080046 -0.050031699 0.792190731 0.608032346
1658133064.593611 -61.409484863 -236.026702881 -53.331272125 -0.013179022 -0.049238596 0.791938901 0.608469129
1658133064.893083 -61.161560059 -237.058288574 -53.437461853 -0.007574976 -0.044394780 0.790640593 0.610621929
1658133065.093236 -60.993225098 -237.744049072 -53.502510071 -0.000191803 -0.044760387 0.790199161 0.611213326
1658133065.289772 -60.824676514 -238.416839600 -53.571647644 -0.004313138 -0.054071866 0.789403915 0.611472964
1658133065.490844 -60.652709961 -239.109558105 -53.641830444 -0.008711997 -0.057384212 0.788920343 0.611748278
1658133065.691523 -60.486419678 -239.805572510 -53.715900421 -0.008917798 -0.048190285 0.789485455 0.611809611
1658133065.892282 -60.323150635 -240.499420166 -53.792861938 -0.012719239 -0.040223978 0.789783418 0.611933351
1658133066.092882 -60.148010254 -241.187942505 -53.856330872 -0.011601091 -0.047826596 0.789605558 0.611638069
1658133066.290095 -59.991455078 -241.857727051 -53.924606323 -0.003322474 -0.058941483 0.789661527 0.610696077
1658133066.490515 -59.818572998 -242.548171997 -53.989074707 -0.001973935 -0.055235509 0.788808405 0.612149060
1658133066.691245 -59.656341553 -243.245697021 -54.066459656 -0.003125770 -0.047770895 0.787937999 0.613890767
1658133066.892206 -59.483642578 -243.945800781 -54.135448456 -0.004354194 -0.051573705 0.787787974 0.613768101
1658133067.092875 -59.311340332 -244.625946045 -54.202766418 -0.001828824 -0.052643761 0.787810504 0.613661051
1658133067.292248 -59.143402100 -245.302001953 -54.276199341 -0.003172593 -0.049200691 0.788016379 0.613677025
1658133067.491660 -58.967803955 -245.990814209 -54.346195221 -0.003884309 -0.051092356 0.787495553 0.614186764
1658133067.692614 -58.799682617 -246.683563232 -54.413608551 -0.003198569 -0.053798541 0.787309587 0.614197969
1658133067.893075 -58.627319336 -247.369415283 -54.486419678 -0.002933281 -0.049889952 0.788014472 0.613625050
1658133068.093809 -58.460174561 -248.060073853 -54.558994293 0.000057656 -0.045587119 0.788329840 0.613561690
1658133068.292040 -58.285705566 -248.732345581 -54.624767303 0.002301631 -0.048329629 0.788548350 0.613066375
1658133068.493179 -58.114562988 -249.425704956 -54.693843842 0.003614765 -0.051337957 0.788452268 0.612939119
1658133068.693591 -57.948669434 -250.114196777 -54.769271851 0.006006903 -0.051578116 0.788399398 0.612968206
1658133068.893017 -57.774780273 -250.810638428 -54.834724426 0.006402513 -0.055047911 0.788052142 0.613108993
1658133069.193615 -57.529388428 -251.848693848 -54.941528320 0.010143897 -0.052316088 0.785282254 0.616840363
1658133069.390673 -57.372283936 -252.529037476 -55.016857147 0.008579020 -0.051013220 0.784321129 0.618194580
1658133069.591454 -57.192962646 -253.219390869 -55.087959290 -0.001772116 -0.059395496 0.784518480 0.617251873
1658133069.792088 -57.030883789 -253.910751343 -55.165306091 -0.007842646 -0.059988160 0.784845710 0.616730988
1658133069.993772 -56.867065430 -254.596771240 -55.239170074 -0.005334275 -0.058332656 0.786153495 0.615249217
1658133070.193523 -56.710754395 -255.279388428 -55.314170837 -0.002521801 -0.064550228 0.786662519 0.613994360
1658133070.390462 -56.543579102 -255.948699951 -55.381084442 0.000780653 -0.064521842 0.786562324 0.614130437
1658133070.591565 -56.370758057 -256.632995605 -55.458427429 -0.002252845 -0.062080778 0.786810935 0.614059925
1658133070.792197 -56.211547852 -257.322845459 -55.536956787 -0.004003800 -0.048575137 0.785606802 0.616803348
1658133070.992645 -56.039581299 -258.008392334 -55.616157532 -0.005465862 -0.040616598 0.784701407 0.618517756
1658133071.194258 -55.864807129 -258.689117432 -55.675880432 0.005975151 -0.052418396 0.784292102 0.618144453
1658133071.390178 -55.710571289 -259.513244629 -55.773185730 0.007669535 -0.055722367 0.786108255 0.615524292
1658133071.591279 -55.535949707 -260.043426514 -55.818351746 0.003588359 -0.059290480 0.788295746 0.612422764
1658133071.793322 -55.366241455 -260.729034424 -55.899738312 -0.004127986 -0.050762478 0.790368974 0.610510528
1658133071.992409 -55.180389404 -261.408416748 -55.965511322 -0.001397978 -0.044853449 0.790478885 0.610843241
1658133072.289454 -54.944519043 -262.411315918 -56.077323914 0.001621736 -0.043726895 0.789179683 0.612601638
1658133072.490585 -54.771453857 -263.087402344 -56.154415131 -0.002687544 -0.042194422 0.788170338 0.614003301
1658133072.692050 -54.594848633 -263.772521973 -56.225658417 -0.001020936 -0.045957658 0.787266076 0.614897549
1658133072.892016 -54.427520752 -264.451141357 -56.297103882 -0.000093112 -0.048125535 0.786680937 0.615481138
1658133073.092530 -54.263305664 -265.141113281 -56.371215820 -0.001341577 -0.048232310 0.786845744 0.615260601
1658133073.289411 -54.099304199 -265.805206299 -56.445262909 -0.006878993 -0.047844578 0.787174165 0.614833713
1658133073.491151 -53.924865723 -266.492797852 -56.519451141 -0.004993527 -0.046086118 0.787045300 0.615151048
1658133073.691980 -53.766754150 -267.173828125 -56.595508575 -0.005515808 -0.045309257 0.787196100 0.615011454
1658133073.892708 -53.593322754 -267.866760254 -56.666957855 -0.007591339 -0.050777383 0.786983669 0.614833891
1658133074.093711 -53.438476562 -268.542083740 -56.741634369 -0.011240204 -0.058193829 0.787443042 0.613531232
1658133074.289465 -53.272705078 -269.214843750 -56.812915802 -0.013332753 -0.060067154 0.786785960 0.614151478
1658133074.492694 -53.108367920 -269.901000977 -56.892101288 -0.011664937 -0.055863328 0.786884427 0.614455938
1658133074.692073 -52.952606201 -270.595214844 -56.971244812 -0.013365734 -0.051128600 0.787376404 0.614203215
1658133074.892601 -52.785705566 -271.274261475 -57.051391602 -0.019376779 -0.050550178 0.787687063 0.613692462
1658133075.093323 -52.610839844 -271.970703125 -57.127708435 -0.020071277 -0.047644749 0.786226451 0.615772069
1658133075.289584 -52.458587646 -272.647491455 -57.203174591 -0.017823422 -0.048847310 0.786588848 0.615283906
1658133075.491164 -52.283538818 -273.337738037 -57.283393860 -0.018600386 -0.050981931 0.787007093 0.614552438
1658133075.691672 -52.114685059 -274.022155762 -57.359687805 -0.016341230 -0.052353956 0.788486958 0.612601280
1658133075.892575 -51.940429688 -274.724060059 -57.438652039 -0.017926985 -0.048216641 0.788767874 0.612534881
1658133076.093745 -51.767608643 -275.418792725 -57.519653320 -0.015660735 -0.042943910 0.788835347 0.612902403
1658133076.289734 -51.601501465 -276.089721680 -57.588256836 -0.005678650 -0.049800981 0.788847744 0.612541378
1658133076.591031 -51.328277588 -277.127746582 -57.706184387 -0.005059677 -0.054338697 0.789248526 0.611644149
1658133076.791710 -51.166900635 -277.822326660 -57.792190552 -0.004974340 -0.048426092 0.788411200 0.613219321
1658133076.992424 -50.997314453 -278.508666992 -57.874725342 -0.004507969 -0.043674730 0.788107932 0.613969207
1658133077.193178 -50.816558838 -279.198944092 -57.951236725 -0.005040363 -0.045891371 0.788309157 0.613544941
1658133077.389928 -50.652709961 -279.874816895 -58.031272888 -0.004648437 -0.048061986 0.788658977 0.612931848
1658133077.590750 -50.476593018 -280.556671143 -58.115318298 -0.005906969 -0.045707431 0.788590670 0.613188982
1658133077.791522 -50.313140869 -281.249206543 -58.197109222 -0.006701739 -0.044255055 0.788531125 0.613363922
1658133077.992546 -50.131988525 -281.926452637 -58.278228760 -0.006363844 -0.046088990 0.788269103 0.613569260
1658133078.193146 -49.958038330 -282.611145020 -58.356136322 -0.003478055 -0.043955214 0.788212657 0.613821328
1658133078.389774 -49.800445557 -283.280029297 -58.437389374 0.000693561 -0.043824773 0.787623048 0.614596605
1658133078.590494 -49.624847412 -283.965026855 -58.516677856 -0.000516475 -0.044123232 0.787244141 0.615060687
1658133078.791277 -49.448120117 -284.649719238 -58.593574524 0.001534650 -0.044229049 0.786858201 0.615544975
1658133078.992023 -49.279663086 -285.335540771 -58.676124573 -0.000839039 -0.043570586 0.787443995 0.614843786
1658133079.193451 -49.108245850 -286.023223877 -58.759403229 -0.008878521 -0.044590965 0.787320316 0.614865482
1658133079.390626 -48.943939209 -286.699768066 -58.839401245 -0.009787414 -0.044124413 0.787462771 0.614702880
1658133079.591854 -48.783752441 -287.384490967 -58.921962738 -0.004594367 -0.041595463 0.787698746 0.614637673
1658133079.792137 -48.616607666 -288.069610596 -59.004837036 -0.005764270 -0.048119105 0.787924230 0.613862157
1658133079.993064 -48.447021484 -288.762939453 -59.086059570 -0.002040657 -0.046827838 0.788525462 0.613213360
1658133080.193609 -48.283569336 -289.453491211 -59.172473907 0.001351251 -0.042948376 0.789407074 0.612364411
1658133080.390487 -48.118774414 -290.123870850 -59.253791809 0.000892508 -0.041372195 0.789359272 0.612535357
1658133080.591629 -47.945373535 -290.811706543 -59.333404541 0.002738066 -0.042734891 0.788705051 0.613278568
1658133080.791914 -47.768676758 -291.501586914 -59.413101196 0.004317000 -0.042788781 0.788372338 0.613693416
1658133080.992799 -47.598632812 -292.202575684 -59.506004333 -0.008058046 -0.036369976 0.788680255 0.613674045
1658133081.193392 -47.425964355 -292.884155273 -59.583061218 0.000280884 -0.043147366 0.788138151 0.613984227
1658133081.390218 -47.258056641 -293.550720215 -59.653129578 0.015463346 -0.051929373 0.787880898 0.613439381
1658133081.691341 -47.007873535 -294.582611084 -59.785037994 0.005564959 -0.048203208 0.788427353 0.613211036
1658133081.892115 -46.826965332 -295.269683838 -59.872413635 0.003633192 -0.041763354 0.788817406 0.613196313
1658133081.993043 -46.748291016 -295.615997314 -59.918731689 -0.000076263 -0.038359031 0.788951635 0.613256752
1658133082.289136 -46.496490479 -296.622039795 -60.042407990 -0.001967412 -0.038987275 0.789490521 0.612520158
1658133082.490358 -46.334808350 -297.312377930 -60.124946594 0.005634802 -0.040105004 0.789801538 0.612024009
1658133082.691515 -46.161376953 -298.000305176 -60.208702087 0.003834409 -0.039512392 0.789635897 0.612290263
1658133082.891852 -45.992462158 -298.681152344 -60.287879944 0.005060049 -0.039767213 0.790037155 0.611746967
1658133083.092705 -45.819458008 -299.375335693 -60.372932434 0.002381961 -0.042046536 0.790225148 0.611367881
1658133083.289066 -45.649444580 -300.048339844 -60.454246521 0.003705352 -0.042032536 0.789926648 0.611747861
1658133083.591808 -45.399230957 -301.082519531 -60.582881927 0.002002588 -0.038790073 0.788807929 0.613411367
1658133083.791427 -45.231170654 -301.775329590 -60.668029785 0.000934427 -0.040735826 0.789182484 0.612805665
1658133083.995007 -45.056396484 -302.454925537 -60.749889374 0.002527157 -0.040610306 0.788519084 0.613662899
1658133084.192791 -44.893737793 -303.145050049 -60.835327148 0.003281046 -0.041875292 0.787921846 0.614340961
1658133084.389672 -44.718719482 -303.815856934 -60.917381287 -0.000474099 -0.045036148 0.787474155 0.614699960
1658133084.590492 -44.562316895 -304.509399414 -61.004909515 -0.000299518 -0.044581696 0.787220776 0.615057647
1658133084.791091 -44.398193359 -305.188232422 -61.087657928 0.000588004 -0.047172502 0.787460744 0.614556730
1658133084.991877 -44.233184814 -305.880432129 -61.176971436 0.001174220 -0.049848676 0.787245393 0.614620566
1658133085.192588 -44.058044434 -306.563049316 -61.261829376 0.004399881 -0.047944423 0.786948144 0.615137935
1658133085.489815 -43.818511963 -307.586059570 -61.389816284 0.003165614 -0.054403592 0.787548125 0.613838911
1658133085.690799 -43.654724121 -308.274505615 -61.477638245 0.004915881 -0.052958187 0.787419677 0.614118576
1658133085.891513 -43.485046387 -308.965637207 -61.567901611 -0.000475772 -0.049234159 0.788236022 0.613400221
1658133086.092282 -43.324218750 -309.660583496 -61.658065796 -0.002237294 -0.049732074 0.788337111 0.613226235
1658133086.289336 -43.162506104 -310.320007324 -61.743522644 0.000548263 -0.054733086 0.788053215 0.613168895
1658133086.491164 -42.998321533 -311.012390137 -61.829498291 0.003884087 -0.056816965 0.788141072 0.612854362
1658133086.691340 -42.829437256 -311.698486328 -61.922325134 0.001077728 -0.055842929 0.788328707 0.612713933
1658133086.893699 -42.669891357 -312.383911133 -62.016845703 0.002172076 -0.046873827 0.787629843 0.614359319
1658133087.092994 -42.502624512 -313.063354492 -62.106990814 0.004126032 -0.045906615 0.787579179 0.614487290
1658133087.289367 -42.335205078 -313.738861084 -62.189079285 0.001322062 -0.051648431 0.788280606 0.613143206
1658133087.590879 -42.076232910 -314.761596680 -62.322475433 -0.000435075 -0.047432326 0.787760556 0.614152491
1658133087.793918 -41.912872314 -315.445861816 -62.411567688 -0.000271078 -0.048062917 0.787460089 0.614488780
1658133087.992454 -41.734252930 -316.132659912 -62.494754791 -0.000404824 -0.048234891 0.787095308 0.614942491
1658133088.193077 -41.580261230 -316.811889648 -62.585685730 0.000921067 -0.049115803 0.786874235 0.615155041
1658133088.390684 -41.419982910 -317.485290527 -62.673862457 -0.003652893 -0.050882746 0.786767423 0.615137935
1658133088.591964 -41.250183105 -318.178833008 -62.761367798 -0.002012630 -0.050519913 0.786702871 0.615257978
1658133088.791658 -41.080047607 -318.855041504 -62.847213745 0.000599866 -0.051108483 0.786762118 0.615136504
1658133088.994012 -40.911193848 -319.543090820 -62.932807922 0.000058762 -0.055161647 0.786869884 0.614648640
1658133089.193908 -40.744995117 -320.222045898 -63.022857666 0.000589347 -0.054747019 0.786804855 0.614768684
1658133089.392094 -40.591491699 -320.897705078 -63.113903046 -0.001002221 -0.056335367 0.787257016 0.614045382
1658133089.590495 -40.418853760 -321.591796875 -63.200210571 -0.003078499 -0.058339756 0.787498057 0.613542020
1658133089.892056 -40.166748047 -322.616973877 -63.338481903 -0.001792946 -0.056360811 0.788096845 0.612963080
1658133090.092458 -39.997192383 -323.306701660 -63.429679871 -0.000353242 -0.057982672 0.787592351 0.613462448
1658133090.292179 -39.837493896 -323.973449707 -63.516979218 0.000591187 -0.060475476 0.787415862 0.613448203
1658133090.489854 -39.668914795 -324.656005859 -63.610706329 0.000619112 -0.060207676 0.788117349 0.612573087
1658133090.690668 -39.502380371 -325.347686768 -63.702289581 0.000068065 -0.060944147 0.788662136 0.611798942
1658133090.891349 -39.326843262 -326.035858154 -63.794200897 -0.000660151 -0.056690194 0.789372563 0.611291111
1658133091.092117 -39.159332275 -326.722717285 -63.889488220 0.003174623 -0.049079537 0.788563192 0.612984002
1658133091.289721 -38.994323730 -327.379364014 -63.976844788 0.011457779 -0.052668560 0.787858903 0.613492548
1658133091.489749 -38.814239502 -328.062194824 -64.066986084 0.012420765 -0.056313746 0.787263691 0.613914013
1658133091.690378 -38.645568848 -328.751220703 -64.164634705 0.009085526 -0.054345354 0.786447763 0.615194261
1658133091.891155 -38.485382080 -329.431030273 -64.260536194 0.006563893 -0.051659971 0.786243379 0.615718782
1658133092.091950 -38.312774658 -330.118286133 -64.354354858 0.000960125 -0.049993776 0.786481440 0.615586519
1658133092.288984 -38.144287109 -330.786926270 -64.444358826 -0.001809823 -0.052560031 0.786699414 0.615092099
1658133092.490766 -37.976989746 -331.472167969 -64.536491394 -0.001484758 -0.054469153 0.786942124 0.614616156
1658133092.691841 -37.809326172 -332.144470215 -64.631263733 -0.001445515 -0.057570357 0.787332654 0.613833010
1658133092.892205 -37.646392822 -332.830444336 -64.722045898 -0.002663107 -0.059528638 0.787582636 0.613321185
1658133093.092708 -37.472656250 -333.511230469 -64.816032410 -0.000920981 -0.059739232 0.787389696 0.613553464
1658133093.290658 -37.315338135 -334.178924561 -64.909599304 0.000195292 -0.058123786 0.786838949 0.614415228
1658133093.492222 -37.143066406 -334.863922119 -64.999656677 0.000572376 -0.055222113 0.785882771 0.615904689
1658133093.691766 -36.977966309 -335.544067383 -65.097244263 -0.000509011 -0.056380417 0.785285592 0.616561174
1658133093.891829 -36.802825928 -336.221984863 -65.186683655 -0.002149301 -0.057632055 0.784811080 0.617045820
1658133094.092490 -36.639434814 -336.910583496 -65.283561707 -0.001604814 -0.056933615 0.784276783 0.617791176
1658133094.289284 -36.479583740 -337.570983887 -65.374870300 -0.002992390 -0.059387978 0.784252107 0.617586255
1658133094.491626 -36.313812256 -338.254425049 -65.467544556 -0.002744522 -0.062133092 0.784643054 0.616820276
1658133094.692229 -36.145324707 -338.933319092 -65.561058044 -0.000339836 -0.064298972 0.784473836 0.616819561
1658133094.892994 -35.975799561 -339.610290527 -65.648086548 0.002307898 -0.074346311 0.784755409 0.615326166
1658133095.192055 -35.726379395 -340.632812500 -65.799331665 -0.003643743 -0.066516973 0.787292898 0.612969995
1658133095.389672 -35.576202393 -341.312438965 -65.906211853 -0.011700524 -0.057635073 0.789525509 0.610893488
1658133095.592010 -35.401367188 -341.991577148 -65.998229980 -0.016667290 -0.058039207 0.790761769 0.609138370
1658133095.791035 -35.241027832 -342.662414551 -66.096107483 -0.008311902 -0.056827001 0.790479600 0.609789848
1658133095.991882 -35.073638916 -343.343322754 -66.192123413 -0.010157888 -0.053341363 0.787677050 0.613690853
1658133096.192541 -34.903442383 -344.025085449 -66.294158936 -0.008649306 -0.052781723 0.785729229 0.616253912
1658133096.389350 -34.738891602 -344.702087402 -66.381301880 -0.003905448 -0.056181747 0.784886122 0.617075562
1658133096.590169 -34.562316895 -345.376037598 -66.473007202 -0.004336431 -0.064058200 0.785469115 0.615561545
1658133096.792195 -34.401733398 -346.074218750 -66.571197510 -0.009408549 -0.069729023 0.787046015 0.612868607
1658133096.991945 -34.228912354 -346.752990723 -66.671646118 -0.004951903 -0.062209036 0.786821783 0.614017248
1658133097.192295 -34.061553955 -347.443725586 -66.776863098 -0.001866526 -0.053021777 0.787072957 0.614574194
1658133097.490278 -33.797729492 -348.463592529 -66.915054321 -0.009038767 -0.056730539 0.786656141 0.614712954
1658133097.690190 -33.620330811 -349.162719727 -67.012474060 -0.004812921 -0.056097854 0.785938203 0.615736246
1658133097.891011 -33.442565918 -349.847961426 -67.103164673 0.005609828 -0.059786737 0.785383642 0.616089761
1658133098.091704 -33.281372070 -350.523345947 -67.199020386 0.023233244 -0.066691741 0.784532726 0.616052628
1658133098.288615 -33.113464355 -351.193298340 -67.303070068 0.019916069 -0.065404139 0.784130454 0.616818488
1658133098.489247 -32.932159424 -351.888336182 -67.403472900 0.010645379 -0.059850801 0.784552336 0.617075562
1658133098.791021 -32.668792725 -352.910766602 -67.562133789 -0.012907236 -0.058084648 0.784703016 0.617009521
1658133098.991212 -32.496978760 -353.598937988 -67.657127380 -0.012611276 -0.053507090 0.785286129 0.616687655
1658133099.193566 -32.327545166 -354.289855957 -67.754745483 -0.008462559 -0.055286963 0.785556734 0.616256773
1658133099.389749 -32.156524658 -354.964385986 -67.849067688 -0.003135386 -0.055552892 0.785465419 0.616399348
1658133099.590443 -31.988616943 -355.648010254 -67.946968079 0.005281228 -0.057569198 0.786183238 0.615283489
1658133099.791292 -31.814025879 -356.335510254 -68.044372559 0.007404231 -0.060921691 0.786359608 0.614713252
1658133099.992165 -31.644012451 -357.022094727 -68.143630981 0.009073977 -0.059527926 0.786147177 0.615099013
1658133100.288277 -31.383483887 -358.040100098 -68.290901184 0.005024490 -0.057698473 0.787653327 0.613390565
1658133100.489335 -31.222412109 -358.719543457 -68.389389038 0.007698437 -0.060317855 0.788819790 0.611609340
1658133100.689900 -31.044525146 -359.412780762 -68.486083984 0.007787844 -0.061959036 0.789835334 0.610131621
1658133100.891057 -30.868499756 -360.104797363 -68.594375610 -0.000946417 -0.055106342 0.789588273 0.611156940
1658133101.091691 -30.695556641 -360.776733398 -68.694480896 0.002031255 -0.051108494 0.789336741 0.611826241
1658133101.288538 -30.530303955 -361.439758301 -68.784706116 0.017480595 -0.058374058 0.788096309 0.612528503
1658133101.490423 -30.366180420 -362.125640869 -68.883605957 0.017503299 -0.064244106 0.787523448 0.612677038
1658133101.690924 -30.192077637 -362.812438965 -68.986450195 0.008013179 -0.068855725 0.787794113 0.612025440
1658133101.891417 -30.023345947 -363.491516113 -69.091674805 -0.002318080 -0.064836212 0.788293064 0.611870110
1658133102.092268 -29.866973877 -364.164001465 -69.194175720 -0.001513940 -0.060431618 0.788588226 0.611943185
1658133102.288220 -29.707305908 -364.824798584 -69.293548584 -0.001042050 -0.057295881 0.788233817 0.612701952
1658133102.489587 -29.539062500 -365.493469238 -69.394622803 -0.003888023 -0.056756616 0.787564099 0.613601267
1658133102.690835 -29.365722656 -366.170593262 -69.494575500 -0.008766224 -0.055512793 0.787283897 0.614024043
1658133102.991731 -29.128570557 -367.174743652 -69.649841309 -0.007964496 -0.055474326 0.786501884 0.615039825
1658133103.091895 -29.049743652 -367.506958008 -69.702621460 -0.006581093 -0.054526787 0.786436737 0.615224242
1658133103.389107 -28.804290771 -368.509094238 -69.855209351 -0.008608692 -0.056167960 0.786721170 0.614687622
1658133103.589658 -28.637390137 -369.178924561 -69.957710266 -0.009972311 -0.058172014 0.787055314 0.614052534
1658133103.690097 -28.553894043 -369.513671875 -70.009735107 -0.008553520 -0.059412804 0.786962330 0.614074409
1658133103.991229 -28.305389404 -370.522613525 -70.166053772 -0.005932213 -0.057160500 0.785936177 0.615631223
1658133104.091862 -28.235198975 -370.859222412 -70.224647522 -0.007131303 -0.053888958 0.785773277 0.616121352
1658133104.388715 -27.977813721 -371.864685059 -70.382591248 -0.014939660 -0.049678609 0.785697758 0.616431594
1658133104.589486 -27.812530518 -372.534301758 -70.485137939 -0.014531497 -0.050621837 0.785836637 0.616187513
1658133104.790363 -27.652191162 -373.213897705 -70.591674805 -0.015288945 -0.052207626 0.786095560 0.615706384
1658133105.091508 -27.399017334 -374.225524902 -70.744888306 -0.016127417 -0.057601392 0.786172688 0.615105331
1658133105.288084 -27.238830566 -374.891540527 -70.848052979 -0.014782635 -0.054899890 0.786122322 0.615450442
1658133105.490381 -27.071716309 -375.578491211 -70.953765869 -0.017323278 -0.052720614 0.786287427 0.615363777
1658133105.690701 -26.910552979 -376.255798340 -71.057838440 -0.014023584 -0.054235708 0.786689758 0.614801645
1658133105.891711 -26.731109619 -376.938049316 -71.156806946 -0.020414343 -0.063155957 0.786851764 0.613562524
1658133106.092159 -26.542633057 -377.622802734 -71.264678955 -0.034910239 -0.072074570 0.785768390 0.613314390
1658133106.288371 -26.350250244 -378.275695801 -71.357475281 -0.033247974 -0.082806446 0.786832511 0.610681832
1658133106.489928 -26.167968750 -378.956542969 -71.457443237 -0.028408112 -0.097931154 0.790118754 0.604412854
1658133106.690587 -25.947906494 -379.637481689 -71.553161621 -0.035049029 -0.109163240 0.794529855 0.596302986
1658133106.891382 -25.705444336 -380.308471680 -71.651542664 -0.047367807 -0.116062246 0.800555706 0.586000443
1658133107.092142 -25.472747803 -380.968750000 -71.758453369 -0.058816127 -0.121485777 0.808062315 0.573425829
1658133107.389275 -25.065917969 -381.922912598 -71.896980286 -0.065045558 -0.134452507 0.820995212 0.551052153
1658133107.590062 -24.770935059 -382.565643311 -71.997108459 -0.070548400 -0.140537575 0.829853177 0.535365224
1658133107.790993 -24.441040039 -383.182769775 -72.085586548 -0.073720515 -0.147329867 0.839150131 0.518349648
1658133107.992011 -24.076721191 -383.799468994 -72.169517517 -0.077052400 -0.154384688 0.848115563 0.500927508
1658133108.192301 -23.701904297 -384.384552002 -72.259506226 -0.076746888 -0.161618531 0.858133137 0.481245100
1658133108.389026 -23.300811768 -384.941375732 -72.338592529 -0.076589815 -0.167474046 0.867721200 0.461677760
1658133108.590865 -22.854919434 -385.502166748 -72.412620544 -0.073957957 -0.170672536 0.877620459 0.441795707
1658133108.790498 -22.388549805 -386.036560059 -72.488586426 -0.074977130 -0.173841953 0.887022972 0.421126723
1658133109.091617 -21.628417969 -386.797637939 -72.592201233 -0.074617483 -0.176258504 0.900488377 0.390494406
1658133109.288097 -21.112365723 -387.270294189 -72.657646179 -0.073349759 -0.176626280 0.909021914 0.370273113
1658133109.489307 -20.548187256 -387.712219238 -72.711601257 -0.073600665 -0.180867493 0.916211605 0.349894822
1658133109.689912 -19.971160889 -388.136291504 -72.763549805 -0.070147932 -0.183234438 0.923819184 0.328728795
1658133109.890794 -19.371032715 -388.556457520 -72.821418762 -0.067785010 -0.186793119 0.930640340 0.307281911
1658133110.091431 -18.758514404 -388.927307129 -72.872108459 -0.068681978 -0.190035403 0.936876833 0.285361707
1658133110.288269 -18.129364014 -389.264770508 -72.908462524 -0.070650712 -0.191348031 0.942614317 0.264334351
1658133110.488942 -17.483703613 -389.581390381 -72.944641113 -0.070663393 -0.190151736 0.948467016 0.243432432
1658133110.689739 -16.824829102 -389.873291016 -72.979827881 -0.067590907 -0.190891027 0.953901231 0.221505344
1658133110.890556 -16.132843018 -390.129821777 -72.995590210 -0.069090754 -0.194668770 0.957840800 0.199678704
1658133111.091527 -15.442550659 -390.362365723 -73.022384644 -0.070640117 -0.196363688 0.961499333 0.178802580
1658133111.287913 -14.757995605 -390.552062988 -73.023567200 -0.060627703 -0.202581733 0.965313733 0.153148383
1658133111.491343 -14.051284790 -390.717651367 -73.028038025 -0.055021744 -0.207728788 0.968129814 0.128631562
1658133111.689946 -13.332641602 -390.842620850 -73.033554077 -0.061082456 -0.202585995 0.971249700 0.109095566
1658133111.890333 -12.615669250 -390.951171875 -73.038696289 -0.061843760 -0.198497564 0.974132478 0.088543579
1658133112.090979 -11.899147034 -391.019897461 -73.033569336 -0.062306009 -0.199561030 0.975660205 0.066185929
1658133112.287946 -11.186126709 -391.055603027 -73.021438599 -0.064614080 -0.200621232 0.976527274 0.044391442
1658133112.491723 -10.464271545 -391.056121826 -73.007133484 -0.067854546 -0.195772007 0.977998495 0.024251517
1658133112.690407 -9.742248535 -391.032714844 -72.985633850 -0.069106303 -0.189239994 0.979486942 0.004235874
1658133112.892253 -9.023353577 -390.984100342 -72.961715698 0.067765810 0.184887320 -0.980298340 0.015484329
1658133113.091940 -8.310054779 -390.913330078 -72.939598083 0.068357415 0.178010598 -0.981093705 0.033086538
1658133113.389462 -7.250083923 -390.757141113 -72.892631531 0.068894230 0.171120211 -0.981184661 0.056992482
1658133113.590089 -6.545295715 -390.632415771 -72.861953735 0.070785701 0.160781980 -0.981825829 0.071810320
1658133113.790586 -5.823745728 -390.508728027 -72.835800171 0.075938106 0.149257615 -0.982309043 0.083812729
1658133113.991347 -5.117401123 -390.369079590 -72.799453735 0.080807313 0.128476545 -0.984407187 0.088918313
1658133114.192197 -4.406539917 -390.218597412 -72.751785278 0.077697411 0.120475411 -0.985326469 0.092631221
1658133114.388858 -3.713623047 -390.069793701 -72.707359314 0.076658539 0.114991970 -0.986124396 0.091973566
1658133114.589586 -3.028076172 -389.908477783 -72.658050537 0.071585216 0.121044904 -0.985769272 0.092101008
1658133114.790624 -2.331344604 -389.730041504 -72.604728699 0.068173699 0.135361254 -0.984056413 0.093073919
1658133114.991056 -1.628860474 -389.568969727 -72.558425903 0.066380471 0.151744530 -0.981400490 0.097058289
1658133115.193841 -0.937622070 -389.400726318 -72.512878418 0.065963626 0.163433954 -0.978824675 0.104117587
1658133115.388906 -0.258117676 -389.222930908 -72.461204529 0.066924892 0.174011663 -0.975896478 0.113433786
1658133115.689780 0.762710571 -388.931976318 -72.380851746 0.055367708 0.191831440 -0.970602512 0.134409308
1658133115.890548 1.447799683 -388.710388184 -72.329643250 0.061215881 0.202496052 -0.965814531 0.149833992
1658133116.091767 2.118957520 -388.472686768 -72.271949768 0.062919177 0.209644645 -0.961159527 0.168115005
1658133116.287899 2.729553223 -388.184600830 -72.196716309 0.047289297 0.217949584 -0.955671072 0.192235783
1658133116.489374 3.394744873 -387.912017822 -72.139053345 0.046718527 0.225074351 -0.949593604 0.213145196
1658133116.689927 4.018432617 -387.577453613 -72.069351196 0.050573837 0.230376914 -0.942985058 0.234835967
1658133116.890512 4.630767822 -387.219146729 -71.994712830 0.053910878 0.235665843 -0.935559094 0.257457614
1658133117.091499 5.207214355 -386.831726074 -71.929893494 0.052526958 0.239334449 -0.927765131 0.281445950
1658133117.287620 5.751220703 -386.414306641 -71.850120544 0.049669079 0.244677067 -0.918789089 0.305765748
1658133117.591335 6.539794922 -385.728576660 -71.732910156 0.051758140 0.254377276 -0.901817083 0.345455140
1658133117.789661 7.034027100 -385.239898682 -71.648544312 0.051733177 0.255622327 -0.889637589 0.374867916
1658133117.992313 7.494720459 -384.715118408 -71.549163818 0.049833670 0.251339257 -0.879629433 0.400746047
1658133118.193559 7.933258057 -384.170227051 -71.460807800 0.053983476 0.247931197 -0.869295061 0.424195766
1658133118.389161 8.331420898 -383.595031738 -71.354080200 0.051135473 0.246499687 -0.856830835 0.449960023
1658133118.591717 8.698547363 -382.997924805 -71.247932434 0.046419643 0.246759728 -0.844663978 0.472755432
1658133118.790775 9.047790527 -382.366790771 -71.139625549 0.046134174 0.245190814 -0.833307683 0.493306637
1658133118.993639 9.342651367 -381.729736328 -71.028686523 0.046289589 0.242335007 -0.820285201 0.516006947
1658133119.192100 9.609039307 -381.072052002 -70.918655396 0.043830290 0.244232133 -0.805585563 0.538016319
1658133119.389264 9.854827881 -380.400115967 -70.800926208 0.037280347 0.245879471 -0.789215088 0.561509669
1658133119.590756 10.052246094 -379.718688965 -70.683822632 0.033788659 0.245025516 -0.773721933 0.583245397
1658133119.891242 10.267974854 -378.671325684 -70.496284485 0.032628957 0.232852489 -0.753621221 0.613816082
1658133120.091611 10.389190674 -377.951263428 -70.375808716 0.030405501 0.232795060 -0.737210572 0.633563459
1658133120.289309 10.449981689 -377.249267578 -70.243011475 0.029188162 0.226839334 -0.721804917 0.653214872
1658133120.489461 10.491363525 -376.532043457 -70.128501892 0.028439894 0.221201494 -0.705985963 0.672194123
1658133120.690210 10.485290527 -375.824157715 -70.013931274 0.025232751 0.214251578 -0.689502001 0.691409230
1658133120.890747 10.454437256 -375.087249756 -69.890724182 0.028502444 0.208040163 -0.673792779 0.708456218
1658133121.091411 10.387847900 -374.363159180 -69.780456543 0.037660073 0.207248271 -0.658333778 0.722652435
1658133121.388738 10.235839844 -373.302856445 -69.616058350 0.048739750 0.198676541 -0.637185693 0.743065596
1658133121.589742 10.102630615 -372.597930908 -69.501007080 0.048900742 0.185505822 -0.625695586 0.756109357
1658133121.790130 9.937408447 -371.891662598 -69.385780334 0.055532996 0.178418398 -0.615643978 0.765549123
1658133121.990815 9.765686035 -371.191101074 -69.281356812 0.066127315 0.170491531 -0.607644379 0.772870123
1658133122.192079 9.579437256 -370.494567871 -69.176055908 0.077863805 0.164194301 -0.600278497 0.778873026
1658133122.490973 9.272888184 -369.469543457 -69.010513306 0.092926353 0.150791705 -0.594252944 0.784531713
1658133122.691931 9.064910889 -368.783874512 -68.905319214 0.093443163 0.146292239 -0.591678202 0.787263572
1658133122.892316 8.856506348 -368.086944580 -68.797058105 0.097498894 0.144985840 -0.589093268 0.788950086
1658133123.092916 8.638977051 -367.408447266 -68.697425842 0.100966848 0.139417455 -0.589734972 0.789038122
1658133123.288245 8.432708740 -366.730590820 -68.574974060 0.102587119 0.134058639 -0.591936350 0.788108826
1658133123.489318 8.224548340 -366.045379639 -68.466018677 0.103781916 0.134317264 -0.592285812 0.787645757
1658133123.689888 8.013671875 -365.366271973 -68.364959717 0.098060392 0.131313160 -0.590491056 0.790228665
1658133123.990482 7.705230713 -364.325012207 -68.203063965 0.103480555 0.131576970 -0.589205027 0.790453494
1658133124.191182 7.506988525 -363.632141113 -68.096931458 0.105329961 0.132681176 -0.589122117 0.790086389
1658133124.389955 7.307586670 -362.975494385 -68.001670837 0.104943641 0.131289303 -0.590144157 0.789607346
1658133124.588790 7.120544434 -362.301910400 -67.900054932 0.100843959 0.131369919 -0.590663195 0.789740086
1658133124.789514 6.910461426 -361.614868164 -67.785354614 0.106566727 0.137080714 -0.589935005 0.788561404
1658133124.991222 6.718414307 -360.931884766 -67.676147461 0.115082897 0.131299436 -0.590758383 0.787731528
1658133125.287731 6.441619873 -359.932373047 -67.519134521 0.111448616 0.125822708 -0.591122925 0.788873672
1658133125.489568 6.249298096 -359.262268066 -67.414993286 0.113492139 0.124816388 -0.591048598 0.788797796
1658133125.689971 6.060333252 -358.589080811 -67.314338684 0.113582253 0.122280665 -0.592013538 0.788458347
1658133125.891265 5.875274658 -357.903015137 -67.211746216 0.115796410 0.125448093 -0.590804756 0.788545370
1658133126.091794 5.675445557 -357.222534180 -67.112533569 0.119549707 0.135402530 -0.588733435 0.787887633
1658133126.287557 5.499176025 -356.573089600 -67.009689331 0.112405792 0.126253977 -0.591444373 0.788427889
1658133126.489043 5.308837891 -355.904785156 -66.904769897 0.103627414 0.119374029 -0.592567980 0.789857209
1658133126.689916 5.127960205 -355.211608887 -66.794281006 0.100047298 0.120119743 -0.590854526 0.791487753
1658133126.890822 4.943298340 -354.532989502 -66.692871094 0.102243617 0.121539235 -0.589181840 0.792236924
1658133127.192498 4.673309326 -353.514892578 -66.536270142 0.109129608 0.111392543 -0.591943145 0.790750086
1658133127.388378 4.491760254 -352.842620850 -66.438217163 0.109094284 0.113736458 -0.591677427 0.790620208
1658133127.689787 4.212615967 -351.830413818 -66.285995483 0.107528828 0.114187345 -0.592944264 0.789820194
1658133127.890352 4.023803711 -351.155731201 -66.179504395 0.104822882 0.116738118 -0.592294395 0.790298522
1658133128.091254 3.851715088 -350.470947266 -66.082489014 0.104311168 0.121551327 -0.591751099 0.790047526
1658133128.287467 3.673339844 -349.812988281 -65.983924866 0.100904047 0.124760509 -0.591026664 0.790531814
1658133128.488534 3.487579346 -349.139526367 -65.879898071 0.101017192 0.115276605 -0.593175769 0.790347695
1658133128.689466 3.322357178 -348.459594727 -65.783248901 0.105886593 0.114003092 -0.594393492 0.788978875
1658133128.891161 3.136276245 -347.779418945 -65.682586670 0.104567260 0.117499322 -0.593513489 0.789304316
1658133129.091010 2.964416504 -347.104614258 -65.584197998 0.103521548 0.120144665 -0.592156112 0.790063143
1658133129.287339 2.793411255 -346.437805176 -65.484008789 0.104317293 0.119778775 -0.592041254 0.790100098
1658133129.488649 2.604980469 -345.767089844 -65.377273560 0.106274553 0.113561101 -0.593929052 0.789340198
1658133129.689188 2.428268433 -345.104064941 -65.282234192 0.104522161 0.113691956 -0.593420386 0.789937675
1658133129.889908 2.249542236 -344.420227051 -65.181610107 0.105332613 0.118401341 -0.592225194 0.790035129
1658133130.090679 2.062072754 -343.746490479 -65.084480286 0.109040871 0.124134593 -0.591194510 0.789423704
1658133130.287384 1.899475098 -343.086090088 -64.978446960 0.107864507 0.121690057 -0.592393279 0.789067209
1658133130.488040 1.720794678 -342.417907715 -64.870407104 0.101845838 0.113945372 -0.594206035 0.789660096
1658133130.688848 1.537261963 -341.736022949 -64.765304565 0.101670146 0.114751868 -0.594643295 0.789236665
1658133130.889729 1.358856201 -341.054931641 -64.663696289 0.106097892 0.118965469 -0.593981564 0.788528085
1658133131.090466 1.184036255 -340.370513916 -64.571464539 0.107753433 0.127576977 -0.592695594 0.787924707
1658133131.287302 1.003463745 -339.723999023 -64.476043701 0.097602598 0.121835336 -0.592191041 0.790531337
1658133131.489133 0.832794189 -339.042236328 -64.381607056 0.098636538 0.126789689 -0.590373695 0.790983021
1658133131.689820 0.660964966 -338.371215820 -64.285011292 0.098639496 0.129083797 -0.590328693 0.790645182
1658133131.790253 0.565048218 -338.032714844 -64.231079102 0.101014897 0.130906150 -0.590327859 0.790045917
1658133131.991673 0.402145386 -337.353912354 -64.130737305 0.104789622 0.135070801 -0.590286374 0.788883388
1658133132.191649 0.229309082 -336.690429688 -64.036720276 0.108587340 0.139301375 -0.591530442 0.786699235
1658133132.388484 0.058090210 -336.047454834 -63.934581757 0.107008353 0.138978407 -0.593093574 0.785795331
1658133132.589484 -0.103103638 -335.383087158 -63.828536987 0.103391923 0.135442734 -0.595694363 0.784929097
1658133132.789876 -0.285125732 -334.724212646 -63.728713989 0.096749358 0.136598825 -0.594815493 0.786240995
1658133132.990575 -0.449844360 -334.035095215 -63.632057190 0.102422051 0.143694550 -0.592659473 0.785885751
1658133133.191792 -0.617416382 -333.373809814 -63.539810181 0.102998011 0.139742896 -0.593734860 0.785711348
1658133133.388501 -0.784652710 -332.720916748 -63.449226379 0.103323437 0.138650849 -0.593902707 0.785735250
1658133133.588913 -0.971191406 -332.048889160 -63.351799011 0.101592705 0.144276410 -0.594423652 0.784553289
1658133133.690361 -1.056777954 -331.701721191 -63.300994873 0.099518783 0.140376672 -0.595910966 0.784398198
1658133133.890034 -1.230682373 -331.029083252 -63.199649811 0.097541608 0.134543136 -0.597491324 0.784466684
1658133134.090866 -1.412597656 -330.367187500 -63.104656219 0.094576359 0.128652498 -0.596498787 0.786570430
1658133134.287181 -1.583389282 -329.692443848 -63.004619598 0.095726937 0.130062833 -0.594996452 0.787336826
1658133134.488528 -1.770492554 -329.015716553 -62.909469604 0.099043742 0.130323887 -0.595814109 0.786264300
1658133134.689364 -1.934906006 -328.331115723 -62.820281982 0.105499461 0.133766010 -0.596616209 0.784235656
1658133134.789781 -2.037307739 -327.996398926 -62.772098541 0.104310580 0.134570941 -0.596224546 0.784554839
1658133134.990213 -2.215255737 -327.322631836 -62.671981812 0.094906479 0.134355634 -0.595000446 0.786711991
1658133135.191067 -2.390594482 -326.647247314 -62.574069977 0.092566304 0.131230578 -0.595877111 0.786854804
1658133135.387819 -2.571685791 -325.978027344 -62.478622437 0.093309551 0.128528297 -0.597356737 0.786090851
1658133135.488449 -2.652755737 -325.636871338 -62.428779602 0.093034089 0.127961844 -0.597253740 0.786294162
1658133135.688876 -2.821517944 -324.962524414 -62.332866669 0.093487300 0.125906318 -0.596773267 0.786936760
1658133135.889601 -3.018020630 -324.276428223 -62.234992981 0.099242643 0.132714957 -0.596246362 0.785511315
1658133136.090325 -3.190307617 -323.596984863 -62.139160156 0.097697020 0.131274909 -0.596830547 0.785503447
1658133136.286930 -3.369461060 -322.944183350 -62.039535522 0.086422823 0.117243387 -0.598317981 0.787909091
1658133136.387506 -3.460342407 -322.604705811 -61.997024536 0.085908182 0.119332574 -0.597085774 0.788586140
1658133136.588428 -3.637664795 -321.914184570 -61.901382446 0.090915717 0.120847099 -0.594567060 0.789696336
1658133136.789062 -3.825881958 -321.243041992 -61.821632385 0.096546143 0.117963053 -0.593339324 0.790387273
1658133136.889276 -3.921112061 -320.905609131 -61.778854370 0.100056410 0.119064882 -0.592661619 0.790293992
1658133137.090139 -4.101074219 -320.231384277 -61.698333740 0.105487056 0.118088178 -0.591246903 0.790793777
1658133137.286889 -4.282394409 -319.566955566 -61.614395142 0.110955298 0.121716216 -0.590424180 0.790109754
1658133137.488686 -4.458938599 -318.896026611 -61.524730682 0.111039400 0.121560596 -0.591433942 0.789366305
1658133137.590594 -4.551330566 -318.561004639 -61.477848053 0.111912899 0.119546235 -0.592092097 0.789057195
1658133137.789853 -4.738800049 -317.890441895 -61.384407043 0.109396756 0.121681489 -0.591296077 0.789680302
1658133137.990554 -4.927856445 -317.212646484 -61.292247772 0.112190790 0.123966455 -0.591026306 0.789134622
1658133138.191258 -5.110198975 -316.544250488 -61.197418213 0.113161348 0.122686446 -0.592189193 0.788323879
1658133138.287226 -5.192077637 -316.226531982 -61.152824402 0.113482185 0.117947333 -0.593221664 0.788224697
1658133138.489337 -5.366821289 -315.544708252 -61.063041687 0.117316738 0.116109960 -0.594117343 0.787261009
1658133138.689283 -5.555938721 -314.881256104 -60.977073669 0.114384882 0.123599194 -0.591738462 0.788343251
1658133138.789650 -5.652359009 -314.540252686 -60.920162201 0.114627406 0.124578007 -0.592424035 0.787638724
1658133138.990921 -5.823150635 -313.870788574 -60.821243286 0.112029575 0.113883428 -0.594549716 0.788029552
1658133139.191067 -6.003173828 -313.197448730 -60.732807159 0.114174455 0.119118027 -0.592684627 0.788352728
1658133139.286998 -6.083038330 -312.874420166 -60.690406799 0.114275590 0.121168338 -0.592169762 0.788412511
1658133139.488286 -6.267242432 -312.198547363 -60.594375610 0.112973921 0.121103555 -0.592643321 0.788254261
1658133139.688891 -6.443695068 -311.531646729 -60.506668091 0.111068152 0.118594952 -0.593666136 0.788136840
1658133139.892141 -6.636276245 -310.855377197 -60.416702271 0.110487074 0.118782371 -0.593271136 0.788487613
1658133139.990257 -6.729476929 -310.518280029 -60.370723724 0.110677347 0.118867256 -0.593733609 0.788100004
1658133140.191080 -6.895126343 -309.852874756 -60.286312103 0.110751867 0.115481704 -0.594575286 0.787958264
1658133140.388851 -7.075378418 -309.183410645 -60.195480347 0.113820374 0.116293460 -0.594571471 0.787404358
1658133140.588473 -7.260284424 -308.503662109 -60.104270935 0.111208931 0.120529048 -0.593942165 0.787615418
1658133140.689587 -7.349731445 -308.165832520 -60.059730530 0.109830663 0.120174222 -0.593703508 0.788042903
1658133140.889560 -7.522705078 -307.497772217 -59.976295471 0.112495460 0.119251080 -0.593861401 0.787688196
1658133141.090281 -7.704193115 -306.818176270 -59.888156891 0.111215144 0.119368896 -0.594061255 0.787701488
1658133141.288867 -7.880661011 -306.150238037 -59.795783997 0.104908183 0.121448793 -0.593040407 0.789016783
1658133141.387533 -7.971420288 -305.805816650 -59.751068115 0.100949802 0.127817065 -0.592265606 0.789109290
1658133141.588321 -8.137054443 -305.139160156 -59.655548096 0.096337914 0.117267914 -0.593938589 0.790066004
1658133141.789238 -8.316558838 -304.463775635 -59.570266724 0.099853404 0.115806907 -0.593648612 0.790062904
1658133141.889285 -8.407363892 -304.123901367 -59.526748657 0.100461774 0.117483079 -0.593052864 0.790185750
1658133142.091426 -8.580001831 -303.439208984 -59.433265686 0.100487955 0.120605804 -0.593220532 0.789585829
1658133142.286668 -8.747726440 -302.781127930 -59.345588684 0.097257458 0.118215285 -0.593807042 0.789910972
1658133142.487653 -8.921508789 -302.096740723 -59.253318787 0.099152260 0.118152589 -0.593496382 0.789918303
1658133142.688604 -9.087524414 -301.416839600 -59.166046143 0.101165719 0.120144807 -0.592452884 0.790145814
1658133142.789925 -9.180694580 -301.073242188 -59.118656158 0.102518477 0.120188154 -0.593222201 0.789387226
1658133142.989528 -9.352600098 -300.402709961 -59.031150818 0.105080783 0.119139984 -0.594193935 0.788477838
1658133143.192364 -9.534255981 -299.720947266 -58.936798096 0.103967667 0.121877395 -0.593986630 0.788363278
1658133143.387245 -9.708526611 -299.069061279 -58.851676941 0.101912886 0.120000638 -0.594608665 0.788450480
1658133143.488395 -9.797607422 -298.735656738 -58.807815552 0.101818644 0.118187301 -0.594368577 0.788917422
1658133143.688433 -9.962310791 -298.060058594 -58.721809387 0.106183194 0.115777150 -0.595405340 0.787917018
1658133143.889156 -10.133178711 -297.380920410 -58.633354187 0.105061099 0.117291220 -0.595735490 0.787593901
1658133144.089849 -10.322448730 -296.706909180 -58.546218872 0.103739716 0.118544914 -0.594905794 0.788208306
1658133144.287022 -10.498504639 -296.047424316 -58.458953857 0.104455233 0.118153222 -0.594495296 0.788482308
1658133144.488416 -10.674926758 -295.369049072 -58.374008179 0.106668659 0.120536387 -0.593435705 0.788623393
1658133144.590246 -10.762725830 -295.029266357 -58.330463409 0.107817113 0.123688251 -0.593568861 0.787878633
1658133144.791600 -10.944351196 -294.362182617 -58.243709564 0.104206182 0.122957595 -0.593727946 0.788358867
1658133144.990232 -11.117355347 -293.694488525 -58.160243988 0.098078690 0.123002112 -0.594034851 0.788906634
1658133145.194191 -11.292724609 -293.017028809 -58.080379486 0.099858500 0.125915498 -0.594882011 0.787584245
1658133145.387663 -11.457489014 -292.350921631 -57.996315002 0.101501048 0.125946537 -0.593865037 0.788136661
1658133145.488324 -11.546905518 -292.019165039 -57.954257965 0.098466031 0.124509409 -0.593030214 0.789377630
1658133145.688894 -11.712890625 -291.344665527 -57.868694305 0.093177423 0.126805857 -0.591879725 0.790516734
1658133145.889673 -11.890090942 -290.661071777 -57.780715942 0.094777793 0.131108642 -0.591193914 0.790137589
1658133146.090232 -12.058853149 -289.980773926 -57.692710876 0.096674442 0.133191943 -0.591716588 0.789167583
1658133146.286721 -12.237350464 -289.325134277 -57.598022461 0.091702439 0.124238096 -0.593965948 0.789531589
1658133146.488564 -12.405319214 -288.646514893 -57.505409241 0.086921036 0.118442841 -0.595366538 0.789908051
1658133146.588305 -12.487136841 -288.308685303 -57.457515717 0.080736965 0.114465386 -0.594643235 0.791693509
1658133146.789045 -12.666854858 -287.626220703 -57.372737885 0.084441625 0.118995383 -0.593339741 0.791617095
1658133146.990519 -12.841995239 -286.939147949 -57.291778564 0.095080487 0.126396850 -0.593093276 0.789445281
1658133147.190412 -13.016571045 -286.256713867 -57.201789856 0.102889821 0.125174642 -0.595890105 0.786549449
1658133147.387252 -13.189620972 -285.600708008 -57.117744446 0.109669544 0.117228732 -0.598206818 0.785097837
1658133147.588041 -13.379943848 -284.941162109 -57.026451111 0.097375363 0.116078369 -0.597938418 0.787091851
1658133147.788758 -13.554855347 -284.268737793 -56.944480896 0.090666093 0.114684992 -0.597881436 0.788140178
1658133147.889346 -13.639083862 -283.931182861 -56.894866943 0.091041215 0.111926630 -0.597374916 0.788877130
1658133148.090314 -13.815765381 -283.261749268 -56.815555573 0.090817295 0.116392694 -0.596286893 0.789079845
1658133148.286614 -13.995544434 -282.589324951 -56.736488342 0.092091948 0.123212837 -0.594703257 0.789091706
1658133148.489607 -14.173553467 -281.902374268 -56.660865784 0.097886711 0.131241947 -0.592192233 0.788988054
1658133148.690731 -14.351104736 -281.233764648 -56.578655243 0.101323292 0.123536378 -0.594909966 0.787752807
1658133148.890650 -14.516036987 -280.563842773 -56.488609314 0.096279621 0.115059420 -0.596497059 0.788468719
1658133149.091569 -14.709991455 -279.909698486 -56.408123016 0.091116823 0.113392822 -0.595587850 0.790009499
1658133149.286471 -14.886291504 -279.234863281 -56.322082520 0.089069895 0.122572705 -0.593027532 0.790797591
1658133149.386990 -14.985534668 -278.898132324 -56.284202576 0.089163229 0.125897795 -0.592851043 0.790396988
1658133149.587610 -15.151473999 -278.216979980 -56.208606720 0.094002873 0.126391858 -0.592273712 0.790190160
1658133149.790082 -15.330078125 -277.542022705 -56.127677917 0.098429576 0.124166109 -0.593248367 0.789272368
1658133149.989087 -15.504638672 -276.869262695 -56.046054840 0.097407788 0.121417589 -0.594387770 0.788969338
1658133150.286396 -15.778274536 -275.877075195 -55.916641235 0.094851956 0.119766146 -0.595704079 0.788540363
1658133150.487229 -15.946655273 -275.201934814 -55.829437256 0.094037458 0.116883695 -0.597381294 0.787801266
1658133150.688019 -16.115127563 -274.523162842 -55.741256714 0.092656903 0.111261033 -0.598318696 0.788067579
1658133150.889024 -16.296691895 -273.848083496 -55.663181305 0.095387347 0.121403053 -0.595379829 0.788470328
1658133151.089698 -16.481231689 -273.152252197 -55.569358826 0.095257834 0.124405146 -0.595890999 0.787631452
1658133151.286599 -16.644180298 -272.505493164 -55.491973877 0.085467160 0.111328125 -0.597828329 0.789241850
1658133151.488328 -16.833267212 -271.825958252 -55.419204712 0.084827997 0.115845993 -0.596090496 0.789974749
1658133151.688758 -17.004577637 -271.133178711 -55.341018677 0.089770623 0.119473524 -0.594370663 0.790184081
1658133151.889752 -17.176132202 -270.459625244 -55.266994476 0.091123186 0.117305353 -0.594036996 0.790604949
1658133152.090173 -17.359725952 -269.797760010 -55.194980621 0.089635573 0.114432126 -0.595119417 0.790381968
1658133152.286333 -17.531402588 -269.130615234 -55.119365692 0.090221927 0.117632747 -0.594836533 0.790058255
1658133152.487618 -17.715118408 -268.458801270 -55.045402527 0.088050902 0.125766486 -0.594141245 0.789573371
1658133152.588116 -17.805480957 -268.119628906 -55.003700256 0.084819265 0.125734136 -0.596159220 0.788410306
1658133152.889293 -18.061981201 -267.111633301 -54.883350372 0.084911011 0.118016899 -0.601250470 0.785722613
1658133152.991994 -18.158248901 -266.789184570 -54.848014832 0.082718030 0.118542910 -0.601093590 0.785997331
1658133153.190442 -18.324996948 -266.098022461 -54.761287689 0.077649646 0.120117895 -0.599348366 0.787606359
1658133153.387139 -18.501678467 -265.427917480 -54.681621552 0.077879705 0.122091070 -0.598602533 0.787847459
1658133153.688182 -18.756469727 -264.423583984 -54.563888550 0.075786978 0.117031619 -0.598488450 0.788905323
1658133153.788671 -18.851181030 -264.085815430 -54.525196075 0.076213144 0.117044523 -0.598147213 0.789121091
1658133153.990250 -19.021759033 -263.404296875 -54.442497253 0.077858478 0.113922797 -0.597331882 0.790034354
1658133154.286575 -19.290786743 -262.401580811 -54.327762604 0.082390249 0.111502670 -0.596882999 0.790259302
1658133154.487297 -19.476516724 -261.733825684 -54.254310608 0.083350703 0.110150583 -0.597833395 0.789629579
1658133154.688121 -19.654052734 -261.054504395 -54.175079346 0.083198458 0.110550545 -0.597018659 0.790205896
1658133154.888780 -19.836746216 -260.367645264 -54.087547302 0.085392579 0.109522298 -0.597132325 0.790029049
1658133155.089572 -20.018249512 -259.709259033 -54.013832092 0.088739030 0.107463583 -0.596629143 0.790323198
1658133155.286237 -20.205505371 -259.058685303 -53.939868927 0.088697262 0.109459087 -0.595659733 0.790785074
1658133155.487083 -20.380538940 -258.379882812 -53.861209869 0.089816049 0.109452344 -0.595685363 0.790640473
1658133155.687741 -20.567047119 -257.705596924 -53.779968262 0.090068176 0.110478319 -0.595551014 0.790570259
1658133155.888575 -20.745269775 -257.032989502 -53.706951141 0.092308171 0.114279509 -0.594384551 0.790649354
1658133156.089495 -20.923294067 -256.352325439 -53.626876831 0.094345890 0.113891460 -0.594394624 0.790457189
1658133156.286811 -21.099411011 -255.697845459 -53.556415558 0.092908047 0.109080940 -0.594847023 0.790965617
1658133156.488007 -21.279464722 -255.030944824 -53.475883484 0.089255229 0.102623239 -0.596297264 0.791158378
1658133156.688818 -21.464523315 -254.369171143 -53.403499603 0.088521354 0.099421136 -0.596419752 0.791557312
1658133156.889678 -21.643127441 -253.676330566 -53.319469452 0.093231924 0.105124198 -0.595377624 0.791064024
1658133157.090382 -21.822723389 -253.008422852 -53.248352051 0.095166393 0.108291514 -0.594936311 0.790738404
1658133157.286133 -22.001525879 -252.355529785 -53.175125122 0.095762350 0.108979009 -0.595012486 0.790514648
1658133157.487668 -22.180191040 -251.680236816 -53.092948914 0.092457987 0.107942440 -0.595593572 0.790612578
1658133157.688922 -22.357925415 -251.022460938 -53.025501251 0.092152357 0.107609242 -0.596206963 0.790231347
1658133157.889275 -22.533721924 -250.343200684 -52.953311920 0.094866380 0.111581586 -0.596324921 0.789269626
1658133158.090157 -22.710693359 -249.672775269 -52.877048492 0.095728025 0.112504542 -0.595606446 0.789577067
1658133158.286876 -22.875747681 -249.030593872 -52.813091278 0.096374363 0.109318636 -0.595082998 0.790340245
1658133158.487436 -23.044952393 -248.348846436 -52.737522125 0.098607577 0.110683382 -0.594832122 0.790063679
1658133158.688202 -23.222015381 -247.677001953 -52.664672852 0.096264102 0.111210950 -0.594612658 0.790443659
1658133158.889052 -23.397598267 -247.015258789 -52.595909119 0.095292531 0.111094318 -0.594329298 0.790790796
1658133159.089860 -23.567184448 -246.347045898 -52.523551941 0.096916921 0.109873280 -0.594142437 0.790904343
1658133159.386969 -23.828323364 -245.343078613 -52.411224365 0.098291636 0.112092249 -0.594386637 0.790239692
1658133159.587739 -23.997512817 -244.677154541 -52.339176178 0.097860053 0.111315370 -0.594613194 0.790232539
1658133159.788401 -24.169830322 -244.011260986 -52.265266418 0.098746918 0.111165322 -0.594396293 0.790306568
1658133159.989256 -24.346557617 -243.336868286 -52.194465637 0.101681560 0.113124572 -0.593970537 0.789976418
1658133160.190095 -24.521942139 -242.668624878 -52.124122620 0.099117309 0.110862076 -0.593720436 0.790810585
1658133160.386705 -24.691146851 -242.019012451 -52.062473297 0.099130459 0.109834693 -0.593819261 0.790878177
1658133160.587483 -24.868194580 -241.343719482 -51.988418579 0.099171519 0.109517433 -0.594500840 0.790404797
1658133160.788342 -25.039916992 -240.668853760 -51.915641785 0.100171916 0.109591566 -0.594236135 0.790467381
1658133160.989130 -25.215957642 -239.978485107 -51.842033386 0.106417499 0.117350139 -0.593482733 0.789102376
1658133161.189830 -25.393112183 -239.312896729 -51.770301819 0.100002028 0.114945196 -0.594608247 0.789448142
1658133161.387032 -25.569961548 -238.657501221 -51.703250885 0.094468586 0.107591867 -0.595911324 0.790183127
1658133161.587226 -25.743072510 -237.984771729 -51.631134033 0.092731327 0.107437432 -0.595966578 0.790368259
1658133161.788191 -25.916107178 -237.307266235 -51.564113617 0.091984548 0.111553058 -0.594495177 0.790993214
1658133161.988787 -26.089538574 -236.627975464 -51.494037628 0.094357908 0.112221077 -0.594625533 0.790521026
1658133162.190198 -26.263137817 -235.959442139 -51.422004700 0.097611174 0.106375821 -0.595660448 0.790155053
1658133162.487913 -26.526824951 -234.961517334 -51.317501068 0.095217109 0.103605255 -0.594610929 0.791604400
1658133162.688546 -26.702148438 -234.286163330 -51.248359680 0.096177064 0.107416734 -0.593931973 0.791490018
1658133162.889199 -26.877578735 -233.602325439 -51.171108246 0.096976787 0.108036280 -0.594503760 0.790878654
1658133163.090526 -27.064651489 -232.937713623 -51.104003906 0.098044209 0.107313171 -0.595203221 0.790319145
1658133163.285902 -27.229904175 -232.282241821 -51.036487579 0.098969586 0.105572507 -0.595512986 0.790204942
1658133163.487491 -27.404342651 -231.607971191 -50.970661163 0.096879818 0.105857223 -0.594586015 0.791123331
1658133163.688479 -27.595245361 -230.931396484 -50.904441833 0.097015530 0.106263079 -0.594641864 0.791010261
1658133163.889468 -27.769668579 -230.256683350 -50.834217072 0.098272882 0.104789428 -0.595694661 0.790259182
1658133164.089769 -27.948623657 -229.581329346 -50.766242981 0.097195737 0.102860130 -0.595905066 0.790487230
1658133164.286063 -28.121765137 -228.926544189 -50.704978943 0.096693605 0.103672586 -0.595294297 0.790902734
1658133164.487676 -28.304580688 -228.247406006 -50.634361267 0.098608933 0.104156390 -0.594772220 0.790995419
1658133164.688074 -28.483688354 -227.573959351 -50.567787170 0.097614937 0.102319568 -0.595220149 0.791021526
1658133164.888804 -28.656936646 -226.899291992 -50.499706268 0.100281633 0.098764665 -0.596363902 0.790277958
1658133165.089700 -28.841491699 -226.229248047 -50.427223206 0.094793521 0.094231859 -0.596528232 0.791384041
1658133165.286242 -29.015594482 -225.562744141 -50.362770081 0.091474906 0.097039782 -0.597262502 0.790881217
1658133165.486641 -29.187957764 -224.887252808 -50.298732758 0.093669564 0.099222116 -0.598373473 0.789512634
1658133165.688847 -29.375030518 -224.205749512 -50.226097107 0.090560488 0.099197865 -0.598148108 0.790049076
1658133165.888869 -29.549942017 -223.518981934 -50.161544800 0.093321331 0.102609783 -0.596545160 0.790503860
1658133166.089364 -29.734039307 -222.830764771 -50.092510223 0.094869852 0.106053911 -0.596239507 0.790095448
1658133166.285827 -29.897727966 -222.178802490 -50.026721954 0.088614471 0.091875225 -0.598012090 0.791257262
1658133166.489150 -30.077491760 -221.503387451 -49.958793640 0.087535262 0.089205384 -0.597570419 0.792016208
1658133166.687660 -30.260597229 -220.825912476 -49.897346497 0.088967040 0.091743201 -0.596527398 0.792352974
1658133166.890183 -30.437332153 -220.146102905 -49.830215454 0.092197888 0.094487041 -0.596575618 0.791624427
1658133167.089203 -30.610893250 -219.467956543 -49.760910034 0.092417531 0.094477519 -0.597389102 0.790986300
1658133167.286773 -30.780075073 -218.819061279 -49.703281403 0.090741031 0.092911124 -0.597673297 0.791151285
1658133167.486626 -30.955039978 -218.150177002 -49.636741638 0.090257540 0.092802607 -0.598024130 0.790954113
1658133167.688156 -31.139289856 -217.477447510 -49.567749023 0.090751201 0.092962593 -0.596866846 0.791752636
1658133167.888398 -31.306648254 -216.812683105 -49.509853363 0.090796106 0.094098575 -0.596755266 0.791697383
1658133168.089593 -31.477676392 -216.136016846 -49.442260742 0.092958622 0.098637022 -0.596602380 0.791008890
1658133168.285870 -31.645660400 -215.480438232 -49.378547668 0.092643797 0.097785398 -0.596927226 0.790906489
1658133168.487888 -31.825111389 -214.807342529 -49.310173035 0.091534518 0.096662998 -0.597222626 0.790950656
1658133168.688574 -32.001136780 -214.136718750 -49.247543335 0.092153259 0.098995082 -0.597528636 0.790359020
1658133168.889051 -32.164390564 -213.467864990 -49.182403564 0.088294178 0.099842601 -0.597313225 0.790855646
1658133169.090248 -32.334640503 -212.793579102 -49.119777679 0.089468971 0.101827979 -0.597135842 0.790604353
1658133169.285691 -32.498802185 -212.143600464 -49.059925079 0.092266880 0.101921149 -0.596869230 0.790472031
1658133169.487268 -32.668891907 -211.472976685 -48.994155884 0.092438646 0.099757351 -0.597504556 0.790247977
1658133169.687990 -32.836769104 -210.803726196 -48.930133820 0.091693506 0.099361777 -0.597293079 0.790544510
1658133169.888805 -33.021041870 -210.130798340 -48.867256165 0.092219323 0.101602763 -0.596435726 0.790845752
1658133170.089412 -33.203269958 -209.460739136 -48.803371429 0.092859291 0.098862231 -0.597049773 0.790654838
1658133170.285723 -33.363708496 -208.800659180 -48.743164062 0.095342927 0.099829607 -0.597480953 0.789911628
1658133170.487106 -33.551368713 -208.126266479 -48.679195404 0.093912691 0.099435568 -0.597243488 0.790312111
1658133170.687833 -33.729843140 -207.455322266 -48.615409851 0.091330335 0.098555639 -0.596885264 0.790995359
1658133170.888624 -33.910766602 -206.779388428 -48.558971405 0.093592003 0.105446257 -0.594822109 0.791396499
1658133170.989070 -33.995658875 -206.428192139 -48.524757385 0.097537130 0.111511044 -0.594471991 0.790351152
1658133171.286106 -34.242027283 -205.455932617 -48.428485870 0.087617747 0.089513600 -0.597439647 0.792070866
1658133171.487058 -34.414718628 -204.783691406 -48.370143890 0.086441442 0.092339888 -0.596722960 0.792415857
1658133171.688056 -34.593757629 -204.103454590 -48.307674408 0.086965203 0.096301734 -0.595936298 0.792479038
1658133171.888574 -34.765693665 -203.429229736 -48.246204376 0.087927140 0.098843575 -0.595816493 0.792149901
1658133172.089208 -34.935493469 -202.763717651 -48.185897827 0.087239549 0.096783482 -0.596943676 0.791631579
1658133172.286408 -35.108032227 -202.098770142 -48.123489380 0.086990133 0.099156030 -0.596568525 0.791648269
1658133172.487135 -35.281021118 -201.437515259 -48.066101074 0.085218571 0.099783003 -0.596615374 0.791726828
1658133172.787761 -35.534629822 -200.419433594 -47.969154358 0.087670013 0.101193048 -0.597215891 0.790826917
1658133172.988853 -35.697219849 -199.751785278 -47.907470703 0.087666281 0.101965412 -0.597614408 0.790426970
1658133173.189959 -35.871139526 -199.082809448 -47.848258972 0.087651499 0.103958957 -0.597342908 0.790374160
1658133173.486511 -36.130744934 -198.086669922 -47.746902466 0.082934335 0.100439526 -0.597270191 0.791392505
1658133173.586737 -36.223976135 -197.750366211 -47.716873169 0.082168460 0.101113871 -0.597581565 0.791151524
1658133173.888022 -36.475143433 -196.733078003 -47.618129730 0.082398683 0.099815346 -0.597800136 0.791127264
1658133174.089300 -36.653228760 -196.067398071 -47.560226440 0.083672993 0.097089484 -0.598881543 0.790514708
1658133174.287637 -36.820480347 -195.405502319 -47.500083923 0.083731465 0.097574301 -0.599128246 0.790261805
1658133174.488707 -37.009559631 -194.720947266 -47.433933258 0.083953150 0.097793937 -0.599413037 0.789995134
1658133174.688519 -37.185119629 -194.047180176 -47.372688293 0.082156420 0.098023750 -0.599041939 0.790436864
1658133174.889660 -37.356277466 -193.368530273 -47.312927246 0.080126241 0.098213904 -0.598037779 0.791381478
1658133175.089452 -37.543441772 -192.692596436 -47.248386383 0.080186516 0.097831205 -0.598191977 0.791306257
1658133175.286163 -37.717269897 -192.040924072 -47.187438965 0.081966922 0.095283158 -0.599022567 0.790806293
1658133175.587367 -37.974334717 -191.022567749 -47.101760864 0.083316110 0.093935229 -0.599383354 0.790553093
1658133175.788211 -38.155532837 -190.349731445 -47.038146973 0.080615565 0.092044175 -0.599297464 0.791120470
1658133175.988898 -38.332908630 -189.667022705 -46.979351044 0.087177902 0.099112615 -0.598196566 0.790403485
1658133176.189674 -38.504539490 -188.997390747 -46.919261932 0.086892128 0.094356596 -0.598853052 0.790519834
1658133176.387064 -38.686927795 -188.347213745 -46.857601166 0.082031019 0.090484299 -0.599187195 0.791238427
1658133176.587120 -38.856063843 -187.670043945 -46.794822693 0.075905152 0.088511385 -0.599372804 0.791932166
1658133176.788003 -39.035614014 -186.998016357 -46.742599487 0.074399181 0.089721426 -0.599344075 0.791960537
1658133176.989106 -39.206535339 -186.324096680 -46.683231354 0.077462338 0.091173574 -0.598985672 0.791772187
1658133177.285372 -39.472106934 -185.332733154 -46.600746155 0.080726676 0.091714449 -0.597740412 0.792324543
1658133177.486705 -39.633827209 -184.667602539 -46.545997620 0.082184695 0.091851868 -0.597565770 0.792290509
1658133177.688080 -39.811431885 -183.989410400 -46.489761353 0.082988977 0.089597858 -0.598369479 0.791857958
1658133177.888435 -39.992782593 -183.331817627 -46.434715271 0.082309365 0.088316694 -0.598461211 0.792003512
1658133178.189824 -40.247360229 -182.327651978 -46.354843140 0.084650412 0.091558650 -0.598301232 0.791509330
1658133178.387817 -40.415336609 -181.667907715 -46.303127289 0.085046738 0.091403544 -0.598304987 0.791481972
1658133178.586665 -40.587142944 -180.996002197 -46.246978760 0.083656207 0.090115570 -0.597819090 0.792144716
1658133178.790085 -40.770339966 -180.326171875 -46.192440033 0.083260246 0.091870949 -0.597739041 0.792045116
1658133179.088550 -41.035842896 -179.322509766 -46.111045837 0.083010465 0.091074303 -0.598071098 0.791912675
1658133179.285578 -41.207199097 -178.671936035 -46.058589935 0.081367135 0.089654043 -0.598038673 0.792269707
1658133179.486341 -41.394172668 -178.004699707 -46.002586365 0.081679240 0.090458550 -0.598622561 0.791705072
1658133179.686922 -41.556655884 -177.326751709 -45.948776245 0.084665924 0.089015774 -0.598860919 0.791374505
1658133179.887845 -41.737289429 -176.660919189 -45.893020630 0.083979249 0.088717535 -0.598627269 0.791657865
1658133180.088444 -41.908454895 -175.993164062 -45.843063354 0.084341004 0.089023888 -0.598478198 0.791697741
1658133180.386808 -42.178115845 -174.998397827 -45.761096954 0.083637357 0.088854946 -0.598532081 0.791750550
1658133180.587290 -42.347579956 -174.318084717 -45.704856873 0.083574720 0.089665078 -0.598094761 0.791996360
1658133180.788023 -42.525924683 -173.647155762 -45.648857117 0.085929625 0.090190977 -0.597887516 0.791841090
1658133180.988867 -42.707237244 -172.972381592 -45.600585938 0.088219628 0.097190499 -0.597226501 0.791259706
1658133181.189676 -42.870651245 -172.307968140 -45.543209076 0.081088021 0.088802136 -0.598433256 0.792096376
1658133181.385629 -43.049560547 -171.660949707 -45.492774963 0.076273434 0.082841881 -0.599229455 0.792618334
1658133181.586288 -43.214851379 -170.973602295 -45.436553955 0.079260685 0.086585835 -0.599249840 0.791909277
1658133181.788619 -43.395057678 -170.299972534 -45.382808685 0.078805961 0.087775052 -0.599226475 0.791841447
1658133181.987883 -43.573364258 -169.629470825 -45.330318451 0.078137234 0.087414518 -0.598501265 0.792495728
1658133182.188677 -43.746444702 -168.952224731 -45.280117035 0.078129008 0.089818574 -0.597200394 0.793208778
1658133182.386203 -43.914947510 -168.294921875 -45.230648041 0.079980806 0.087748282 -0.597381473 0.793119669
1658133182.586964 -44.085983276 -167.621124268 -45.174736023 0.079879537 0.082809098 -0.598439336 0.792863429
1658133182.888733 -44.349861145 -166.615264893 -45.098018646 0.080904797 0.082058854 -0.598887861 0.792498708
1658133183.088778 -44.524490356 -165.951385498 -45.049350739 0.080395930 0.083332784 -0.598521054 0.792694628
1658133183.285254 -44.709205627 -165.291809082 -44.996467590 0.079136826 0.084120162 -0.598848104 0.792491138
1658133183.486404 -44.872154236 -164.616607666 -44.942901611 0.077949531 0.081669189 -0.599205613 0.792594850
1658133183.687554 -45.049713135 -163.954238892 -44.893917084 0.077360854 0.082858555 -0.599650562 0.792192519
1658133183.887826 -45.227012634 -163.279907227 -44.842563629 0.077326000 0.083729908 -0.600699306 0.791309237
1658133184.189126 -45.484649658 -162.276596069 -44.769550323 0.079252370 0.083772227 -0.600681543 0.791127622
1658133184.385832 -45.645721436 -161.616455078 -44.724887848 0.079463266 0.084014416 -0.599944293 0.791640103
1658133184.587163 -45.820526123 -160.942108154 -44.672500610 0.080455437 0.083781250 -0.600152969 0.791406393
1658133184.787185 -45.998142242 -160.281295776 -44.628128052 0.078592390 0.083405815 -0.600226283 0.791577637
1658133184.987937 -46.171455383 -159.610427856 -44.577262878 0.077468462 0.084684573 -0.599991441 0.791730762
1658133185.188822 -46.349391937 -158.941070557 -44.527557373 0.078798436 0.085875265 -0.599632740 0.791742921
1658133185.386506 -46.515228271 -158.281066895 -44.480190277 0.079804048 0.086229719 -0.599433124 0.791754782
1658133185.587199 -46.684345245 -157.605377197 -44.426010132 0.078995354 0.084517285 -0.598886669 0.792433858
1658133185.788091 -46.868415833 -156.945861816 -44.382770538 0.078695059 0.087056406 -0.597507298 0.793229699
1658133185.989092 -47.044277191 -156.253540039 -44.336502075 0.087499604 0.098368421 -0.596101582 0.792041957
1658133186.189592 -47.333683014 -155.465423584 -44.275756836 0.081807032 0.091750018 -0.597346187 0.792506874
1658133186.486688 -47.471836090 -154.600708008 -44.208518982 0.074638315 0.079763383 -0.598375440 0.793734074
1658133186.687507 -47.650707245 -153.932739258 -44.162384033 0.077091902 0.082139641 -0.598561049 0.793116987
1658133186.888092 -47.829113007 -153.249374390 -44.114536285 0.077760391 0.085012309 -0.597869515 0.793270707
1658133187.088894 -48.002563477 -152.579742432 -44.065246582 0.077554859 0.084552847 -0.598401248 0.792938948
1658133187.285010 -48.169170380 -151.922790527 -44.022724152 0.078832649 0.084358409 -0.598717630 0.792594671
1658133187.486622 -48.341938019 -151.251953125 -43.972713470 0.078216985 0.084278330 -0.599307001 0.792218685
1658133187.687691 -48.523368835 -150.580230713 -43.923706055 0.077220485 0.083547100 -0.599462748 0.792276084
1658133187.888291 -48.698650360 -149.907196045 -43.872589111 0.077152528 0.084878609 -0.599364400 0.792215526
1658133188.088735 -48.867977142 -149.234710693 -43.823120117 0.076629579 0.084919304 -0.599472404 0.792180240
1658133188.285098 -49.034637451 -148.577270508 -43.774711609 0.075121522 0.085899033 -0.599670649 0.792069018
1658133188.487556 -49.212810516 -147.903564453 -43.727787018 0.073450379 0.086013757 -0.599794447 0.792119503
1658133188.687024 -49.376354218 -147.230056763 -43.678810120 0.072013378 0.086955093 -0.600056350 0.791950345
1658133188.887782 -49.548171997 -146.557083130 -43.633926392 0.071917772 0.087853096 -0.599173784 0.792527914
1658133189.188895 -49.808845520 -145.556304932 -43.562168121 0.074728340 0.087507479 -0.599285603 0.792221487
1658133189.385730 -49.978900909 -144.897583008 -43.515319824 0.076917335 0.088326633 -0.599210083 0.791978180
1658133189.586440 -50.160896301 -144.225036621 -43.469642639 0.076757342 0.089552730 -0.598779857 0.792181432
1658133189.787501 -50.328796387 -143.564941406 -43.426239014 0.076417901 0.086585611 -0.599262774 0.792178869
1658133189.987907 -50.505813599 -142.894012451 -43.378246307 0.075828321 0.087419905 -0.599148273 0.792230546
1658133190.188658 -50.678916931 -142.217315674 -43.332088470 0.075698569 0.088382855 -0.599717438 0.791705251
1658133190.386052 -50.848327637 -141.561004639 -43.288379669 0.074313834 0.088472307 -0.599692523 0.791845322
1658133190.586236 -51.024818420 -140.889236450 -43.240108490 0.072920397 0.088332504 -0.599691153 0.791991532
1658133190.786900 -51.201202393 -140.220825195 -43.193775177 0.071178831 0.087303557 -0.599581718 0.792346835
1658133190.987927 -51.368595123 -139.532440186 -43.148391724 0.076121077 0.091654539 -0.599980533 0.791093171
1658133191.188626 -51.550617218 -138.864624023 -43.096427917 0.070759498 0.083645910 -0.601141036 0.791597128
1658133191.486680 -51.813095093 -137.867797852 -43.020851135 0.066835620 0.073341191 -0.601631641 0.792586625
1658133191.587003 -51.901393890 -137.525512695 -42.995410919 0.068479784 0.076001182 -0.601019919 0.792659700
1658133191.888240 -52.174385071 -136.515808105 -42.932376862 0.072658338 0.080604218 -0.599777162 0.792774260
1658133192.089139 -52.352649689 -135.845794678 -42.885177612 0.072372444 0.079768322 -0.599577248 0.793036282
1658133192.285025 -52.528072357 -135.191955566 -42.841083527 0.074247845 0.080686338 -0.599684536 0.792688727
1658133192.486452 -52.704181671 -134.523010254 -42.792507172 0.073782526 0.077618137 -0.599874437 0.792894900
1658133192.688548 -52.887924194 -133.852630615 -42.749542236 0.075942472 0.078023911 -0.599832237 0.792683005
1658133192.888276 -53.061630249 -133.188018799 -42.709091187 0.074975349 0.080855548 -0.599612892 0.792657256
1658133193.088772 -53.238868713 -132.511322021 -42.665962219 0.072676100 0.078706674 -0.599709570 0.793014526
1658133193.284756 -53.409664154 -131.860504150 -42.627075195 0.073405504 0.076165110 -0.599878490 0.793067694
1658133193.488442 -53.580116272 -131.184539795 -42.583751678 0.073235370 0.076432779 -0.599893928 0.793045998
1658133193.686862 -53.758178711 -130.516845703 -42.543415070 0.073109046 0.078833289 -0.599434674 0.793169856
1658133193.889573 -53.927196503 -129.845794678 -42.501361847 0.073921300 0.079322480 -0.599155664 0.793256640
1658133194.088857 -54.105628967 -129.180145264 -42.458606720 0.073887356 0.077295840 -0.599371076 0.793297172
1658133194.284859 -54.278999329 -128.521301270 -42.418609619 0.077024668 0.079557344 -0.599701226 0.792525291
1658133194.586352 -54.532466888 -127.520973206 -42.360607147 0.077987678 0.080145277 -0.599716902 0.792359948
1658133194.787171 -54.712322235 -126.852020264 -42.315795898 0.076725118 0.078600489 -0.599446297 0.792842686
1658133194.987855 -54.882217407 -126.184616089 -42.279422760 0.078523673 0.078660168 -0.599402845 0.792693496
1658133195.188794 -55.050521851 -125.521095276 -42.240383148 0.079378642 0.077768497 -0.599771321 0.792417467
1658133195.486003 -55.307853699 -124.533599854 -42.181957245 0.076112524 0.077134572 -0.599981666 0.792640626
1658133195.686662 -55.487922668 -123.870666504 -42.137683868 0.073244430 0.078816473 -0.599048972 0.793450475
1658133195.887300 -55.646530151 -123.193130493 -42.101657867 0.075075462 0.082299419 -0.598140597 0.793610930
1658133196.088321 -55.815834045 -122.521072388 -42.057533264 0.076034054 0.081741147 -0.599058390 0.792884827
1658133196.285109 -55.997726440 -121.854713440 -42.011886597 0.072533302 0.076916032 -0.600210667 0.792824030
1658133196.485475 -56.155250549 -121.195205688 -41.970962524 0.069368370 0.072994843 -0.600563943 0.793210387
1658133196.686257 -56.329406738 -120.520500183 -41.926139832 0.067872562 0.074302234 -0.600082278 0.793582857
1658133196.989346 -56.589775085 -119.516723633 -41.865451813 0.070658267 0.076890938 -0.600367844 0.792876840
1658133197.188169 -56.771247864 -118.857139587 -41.826320648 0.070633166 0.076412737 -0.600522220 0.792808354
1658133197.386091 -56.932189941 -118.197494507 -41.785179138 0.072175272 0.075158074 -0.600761533 0.792608082
1658133197.589171 -57.113868713 -117.523147583 -41.744121552 0.073490463 0.078924336 -0.600079954 0.792637527
1658133197.787524 -57.284454346 -116.858749390 -41.709484100 0.072197936 0.080222666 -0.600752175 0.792116523
1658133197.990608 -57.440151215 -116.197235107 -41.669811249 0.070341423 0.079167530 -0.600573599 0.792525053
1658133198.189006 -57.600158691 -115.525436401 -41.635169983 0.071830966 0.079643980 -0.599946737 0.792818487
1658133198.386724 -57.769599915 -114.868820190 -41.595458984 0.071540512 0.080954805 -0.600146115 0.792561054
1658133198.687037 -58.019554138 -113.875892639 -41.542709351 0.071462482 0.078408860 -0.599841297 0.793054700
1658133198.887625 -58.199993134 -113.207092285 -41.508800507 0.069444746 0.079458475 -0.599788666 0.793169141
1658133199.088771 -58.370765686 -112.537506104 -41.477409363 0.069478355 0.084992915 -0.598596573 0.793493032
1658133199.284690 -58.538467407 -111.884468079 -41.442184448 0.070199743 0.086102434 -0.598573804 0.793327093
1658133199.486198 -58.717094421 -111.208236694 -41.398723602 0.069292404 0.081053980 -0.599453807 0.793274283
1658133199.687223 -58.888908386 -110.539031982 -41.359584808 0.068998009 0.076398596 -0.598745704 0.794296086
1658133199.887707 -59.076045990 -109.873420715 -41.319702148 0.070511684 0.076164372 -0.598596990 0.794297636
1658133200.088338 -59.242080688 -109.194076538 -41.282581329 0.069118090 0.074476860 -0.599398673 0.793975532
1658133200.385489 -59.500034332 -108.201782227 -41.232109070 0.073394656 0.072400890 -0.600311875 0.793093383
1658133200.586396 -59.674667358 -107.529350281 -41.192852020 0.071620189 0.073658220 -0.600575328 0.792940319
1658133200.787153 -59.853538513 -106.853706360 -41.158794403 0.070380308 0.073938452 -0.600021243 0.793444514
1658133200.987659 -60.014671326 -106.170578003 -41.125648499 0.082592957 0.082190454 -0.600260079 0.791271746
1658133201.188419 -60.194873810 -105.495193481 -41.082054138 0.078236058 0.079342321 -0.600307107 0.791969299
1658133201.385334 -60.375072479 -104.857223511 -41.040023804 0.066558607 0.068967372 -0.599741042 0.794433177
1658133201.585914 -60.553173065 -104.181358337 -41.000656128 0.066177830 0.071458660 -0.599347472 0.794541895
1658133201.788572 -60.735481262 -103.512100220 -40.962253571 0.067627594 0.070876345 -0.599877417 0.794071853
1658133201.990355 -60.903354645 -102.831893921 -40.922798157 0.072689861 0.069214515 -0.600915134 0.792985857
1658133202.285512 -61.161750793 -101.849311829 -40.878742218 0.075630076 0.069323510 -0.601398766 0.792334437
1658133202.487548 -61.342071533 -101.182144165 -40.839790344 0.074678235 0.071028553 -0.601167738 0.792449057
1658133202.688132 -61.511005402 -100.522682190 -40.808929443 0.072072342 0.070608623 -0.600256741 0.793417871
1658133202.889354 -61.686286926 -99.848976135 -40.774246216 0.072512262 0.073405623 -0.600343287 0.793058336
1658133203.089685 -61.856735229 -99.181541443 -40.739429474 0.074278228 0.067357458 -0.602776170 0.791584969
1658133203.284359 -62.030315399 -98.524528503 -40.703437805 0.075449318 0.066896476 -0.603154421 0.791225016
1658133203.486637 -62.205123901 -97.850814819 -40.665695190 0.074064903 0.066506281 -0.603436589 0.791173577
1658133203.687649 -62.382129669 -97.177665710 -40.631729126 0.073885828 0.071583584 -0.602803648 0.791229784
1658133203.988181 -62.640888214 -96.177078247 -40.576534271 0.076351941 0.079419553 -0.600555658 0.791957021
1658133204.189117 -62.808479309 -95.513366699 -40.539237976 0.078024589 0.079765826 -0.600065231 0.792130888
1658133204.385535 -62.982078552 -94.864593506 -40.503608704 0.076680504 0.080501482 -0.600039780 0.792207003
1658133204.588284 -63.154472351 -94.205924988 -40.463844299 0.074687578 0.080146499 -0.600416481 0.792147994
1658133204.787293 -63.313667297 -93.537178040 -40.429214478 0.075783201 0.078136057 -0.600748122 0.791993260
1658133204.988468 -63.487953186 -92.881500244 -40.397567749 0.075071208 0.076831929 -0.600588143 0.792310059
1658133205.188598 -63.657627106 -92.210708618 -40.359832764 0.074946225 0.078640215 -0.600493193 0.792216301
1658133205.385932 -63.833480835 -91.558219910 -40.328620911 0.074395083 0.079983920 -0.600230157 0.792333126
1658133205.585991 -64.000045776 -90.890098572 -40.298866272 0.074195713 0.078130923 -0.600618243 0.792242527
1658133205.786821 -64.173614502 -90.220924377 -40.266834259 0.076241218 0.076753028 -0.600442171 0.792316496
1658133205.987673 -64.350631714 -89.532859802 -40.233325958 0.082552567 0.085091755 -0.599704504 0.791390538
1658133206.284530 -64.596717834 -88.562019348 -40.182891846 0.070603825 0.066637062 -0.601726949 0.792779505
1658133206.485615 -64.765792847 -87.897613525 -40.153907776 0.070610046 0.065211564 -0.602114677 0.792603135
1658133206.686492 -64.946319580 -87.212738037 -40.121715546 0.073182769 0.070396982 -0.600903869 0.792845011
1658133206.886925 -65.115943909 -86.542472839 -40.089633942 0.072620511 0.071058102 -0.600788474 0.792925119
1658133207.087694 -65.282775879 -85.875350952 -40.058624268 0.071839653 0.072134465 -0.600147605 0.793384254
1658133207.385563 -65.541206360 -84.885345459 -40.006656647 0.073528282 0.074427150 -0.600418091 0.792813003
1658133207.585711 -65.712860107 -84.218894958 -39.978599548 0.075399309 0.073776163 -0.600994349 0.792261243
1658133207.786400 -65.891418457 -83.553863525 -39.951095581 0.073149085 0.072330810 -0.601026058 0.792581320
1658133207.987377 -66.072921753 -82.887001038 -39.921470642 0.072660834 0.075843975 -0.600051045 0.793036461
1658133208.187824 -66.230072021 -82.226531982 -39.892059326 0.073072903 0.073070481 -0.600047410 0.793261766
1658133208.384718 -66.395210266 -81.562019348 -39.861133575 0.073390603 0.074027523 -0.599122107 0.793842852
1658133208.585675 -66.567718506 -80.897209167 -39.832656860 0.073502183 0.072487883 -0.599315941 0.793828309
1658133208.786375 -66.741058350 -80.226844788 -39.803787231 0.075794242 0.071485192 -0.599760473 0.793367863
1658133208.986978 -66.922882080 -79.562179565 -39.777229309 0.073726878 0.072749063 -0.599729300 0.793471396
1658133209.187633 -67.084655762 -78.880546570 -39.749656677 0.073454142 0.071648128 -0.600157142 0.793273270
1658133209.385808 -67.249877930 -78.215583801 -39.718647003 0.072460875 0.068840399 -0.600605190 0.793274224
1658133209.586210 -67.422241211 -77.544975281 -39.688999176 0.071314797 0.068738036 -0.600568950 0.793414354
1658133209.786912 -67.596519470 -76.873878479 -39.665832520 0.070006683 0.068231143 -0.600541830 0.793595076
1658133209.987754 -67.763183594 -76.206977844 -39.640640259 0.069943495 0.067715637 -0.600777686 0.793466330
1658133210.284142 -68.017242432 -75.215682983 -39.601814270 0.067401178 0.071962543 -0.600015283 0.793889225
1658133210.485896 -68.188232422 -74.541084290 -39.570358276 0.065863542 0.070877962 -0.600291908 0.793906808
1658133210.686579 -68.351730347 -73.866188049 -39.539608002 0.066274226 0.069838375 -0.600678146 0.793672621
1658133210.887197 -68.527862549 -73.194709778 -39.514881134 0.069766887 0.071841598 -0.599905074 0.793779194
1658133211.088071 -68.706863403 -72.522941589 -39.491619110 0.070501789 0.074740775 -0.599953651 0.793409705
1658133211.284303 -68.864234924 -71.877830505 -39.462322235 0.064059138 0.066321641 -0.601118803 0.793822527
1658133211.485426 -69.042304993 -71.222053528 -39.435352325 0.061951391 0.059797008 -0.601588786 0.794151962
1658133211.686106 -69.216033936 -70.535491943 -39.407524109 0.065122470 0.062941805 -0.601378500 0.793814361
1658133211.887547 -69.392791748 -69.871604919 -39.379978180 0.064675897 0.061547104 -0.601107478 0.794165492
1658133212.087522 -69.563323975 -69.200378418 -39.348159790 0.063217707 0.062045168 -0.601169527 0.794197202
1658133212.284062 -69.733428955 -68.551071167 -39.321460724 0.065349095 0.064143203 -0.601018310 0.793972373
1658133212.485401 -69.910522461 -67.877395630 -39.294368744 0.066405907 0.065928854 -0.600935698 0.793800950
1658133212.686200 -70.078758240 -67.210037231 -39.269493103 0.067446731 0.066101968 -0.600855470 0.793759584
1658133212.886650 -70.248794556 -66.549011230 -39.244155884 0.066943474 0.066151470 -0.601040661 0.793657839
1658133213.087539 -70.419143677 -65.874984741 -39.214836121 0.066442452 0.067053765 -0.600763619 0.793833911
1658133213.384705 -70.670654297 -64.881362915 -39.178840637 0.069262013 0.067910299 -0.601184547 0.793201268
1658133213.585366 -70.851371765 -64.224952698 -39.151889801 0.065989569 0.066866621 -0.601247549 0.793521106
1658133213.786182 -71.018630981 -63.545333862 -39.129009247 0.065318875 0.067674354 -0.601514399 0.793305755
1658133213.987063 -71.186561584 -62.877693176 -39.104812622 0.064624667 0.068000749 -0.601981997 0.792979956
1658133214.187959 -71.351455688 -62.212608337 -39.078147888 0.063445196 0.066613458 -0.601594388 0.793487012
1658133214.384426 -71.519180298 -61.551132202 -39.054977417 0.064588226 0.065107949 -0.601613104 0.793505549
1658133214.585217 -71.681037903 -60.881736755 -39.028179169 0.074239478 0.058269199 -0.602769494 0.792314470
1658133214.785895 -71.846305847 -60.211341858 -39.006088257 0.082073942 0.051065974 -0.605413795 0.790019214
1658133214.987075 -71.979019165 -59.525978088 -38.979755402 0.088996105 0.049814373 -0.607041776 0.788098037
1658133215.187441 -72.107894897 -58.858474731 -38.961463928 0.097845815 0.044110116 -0.613222599 0.782584608
1658133215.485645 -72.287521362 -57.831253052 -38.916236877 0.112326212 0.030239653 -0.625383079 0.771598637
1658133215.686354 -72.377227783 -57.152015686 -38.880508423 0.123457029 0.016184455 -0.637578249 0.760256827
1658133215.887057 -72.462966919 -56.463264465 -38.848278046 0.135595858 0.006269136 -0.651024699 0.746820867
1658133216.087864 -72.482650757 -55.771942139 -38.805217743 0.145655200 -0.001118091 -0.667156935 0.730537534
1658133216.284478 -72.492797852 -55.118843079 -38.771209717 0.146329001 -0.016961837 -0.685951352 0.712580442
1658133216.485573 -72.454925537 -54.441543579 -38.731063843 0.149172053 -0.027660569 -0.704277158 0.693524539
1658133216.686210 -72.375740051 -53.757141113 -38.693408966 0.155579701 -0.035116572 -0.723536015 0.671608150
1658133216.987218 -72.170783997 -52.737335205 -38.624046326 0.161979869 -0.051752754 -0.756179810 0.631883085
1658133217.188174 -71.997329712 -52.075508118 -38.587596893 0.157401413 -0.061263416 -0.778882325 0.603998303
1658133217.384846 -71.743896484 -51.471656799 -38.536445618 0.141419485 -0.071045026 -0.802267134 0.575604439
1658133217.585552 -71.450263977 -50.847091675 -38.492801666 0.142616168 -0.071041174 -0.822059333 0.546655595
1658133217.786286 -71.098609924 -50.245391846 -38.459671021 0.162163705 -0.060211837 -0.838368416 0.516929328
1658133218.087369 -65.472335815 -48.192409515 -34.153137207 0.256084561 -0.067674890 -0.835518122 0.481404603
1658133218.087369 -65.472335815 -48.192409515 -34.153137207 0.256084561 -0.067674890 -0.835518122 0.481404603
1658133218.087369 -65.472335815 -48.192409515 -34.153137207 0.256084561 -0.067674890 -0.835518122 0.481404603
1658133218.087369 -65.472335815 -48.192409515 -34.153137207 0.256084561 -0.067674890 -0.835518122 0.481404603
1658133218.087369 -65.472335815 -48.192409515 -34.153137207 0.256084561 -0.067674890 -0.835518122 0.481404603
1658133218.087369 -65.472335815 -48.192409515 -34.153137207 0.256084561 -0.067674890 -0.835518122 0.481404603
1658133218.087369 -65.472335815 -48.192409515 -34.153137207 0.256084561 -0.067674890 -0.835518122 0.481404603
1658133218.087369 -65.472335815 -48.192409515 -34.153137207 0.256084561 -0.067674890 -0.835518122 0.481404603
1658133218.087369 -65.472335815 -48.192409515 -34.153137207 0.256084561 -0.067674890 -0.835518122 0.481404603
1658133218.087369 -65.472335815 -48.192409515 -34.153137207 0.256084561 -0.067674890 -0.835518122 0.481404603
1658133218.087369 -65.472335815 -48.192409515 -34.153137207 0.256084561 -0.067674890 -0.835518122 0.481404603
1658133218.087369 -65.472335815 -48.192409515 -34.153137207 0.256084561 -0.067674890 -0.835518122 0.481404603
1658133218.087369 -65.472335815 -48.192409515 -34.153137207 0.256084561 -0.067674890 -0.835518122 0.481404603
1658133224.187491 -50.338687897 -26.735614777 -35.227569580 -0.044150602 0.025748469 0.994283140 0.093748920
1658133224.585721 -51.430355072 -26.513500214 -35.246372223 -0.043787811 0.036310744 0.990509450 0.125120789
1658133224.787920 -48.098205566 -27.366233826 -35.196304321 -0.041448705 0.039459482 0.988164246 0.142325148
1658133224.986523 -47.366043091 -27.628131866 -35.188209534 -0.036545660 0.041268639 0.985624850 0.159703091
1658133225.188408 -46.644020081 -27.917339325 -35.180171967 -0.035690904 0.041953195 0.982738435 0.176610589
1658133225.384214 -45.942016602 -28.224445343 -35.177551270 -0.035158768 0.042022690 0.979573011 0.193480432
1658133225.587188 -45.240417480 -28.565452576 -35.174880981 -0.034043629 0.039765492 0.976433992 0.209371492
1658133225.785677 -44.553314209 -28.935253143 -35.171272278 -0.029667316 0.040091354 0.973380864 0.223701403
1658133225.989044 -44.536888123 -28.944480896 -35.171455383 -0.037069306 0.041872725 0.969432533 0.238900036
1658133226.187056 -43.199836731 -29.746402740 -35.174957275 -0.031651128 0.041901045 0.965457022 0.255216151
1658133226.485474 -43.176975250 -29.762145996 -35.174903870 -0.018004257 0.041083705 0.959231019 0.279040933
1658133226.686118 -41.610683441 -30.876247406 -35.179866791 -0.017809104 0.041000471 0.954650223 0.294354767
1658133226.886655 -41.595985413 -30.887710571 -35.180000305 -0.020344390 0.041842554 0.949740827 0.309560537
1658133227.087502 -41.581806183 -30.899818420 -35.180213928 -0.019333594 0.041217703 0.944871068 0.324262321
1658133227.285195 -39.823825836 -32.382263184 -35.204257965 -0.020249639 0.040056698 0.940111578 0.337898821
1658133227.485415 -39.810436249 -32.395324707 -35.204547882 -0.018454632 0.041872062 0.934639990 0.352639079
1658133227.686267 -38.718387604 -33.499015808 -35.223876953 -0.014331731 0.043275751 0.928999484 0.367262661
1658133227.887000 -38.705787659 -33.512710571 -35.224189758 -0.014443826 0.044140875 0.923379779 0.381068081
1658133228.087569 -38.693733215 -33.527114868 -35.224487305 -0.012899941 0.044863638 0.917459905 0.395079970
1658133228.285387 -37.193889618 -35.281326294 -35.264945984 -0.011995188 0.046178598 0.910960853 0.409724414
1658133228.484991 -37.182521820 -35.296184540 -35.265300751 -0.009961987 0.046607625 0.904422522 0.423967540
1658133228.686629 -36.276954651 -36.548801422 -35.299415588 -0.009469362 0.046756759 0.897473276 0.438481390
1658133228.986683 -36.261856079 -36.572624207 -35.300033569 -0.004722059 0.051177990 0.885308087 0.462155998
1658133229.187464 -35.244064331 -38.221282959 -35.350063324 -0.001661505 0.052783400 0.876999974 0.477579623
1658133229.384599 -35.235229492 -38.237705231 -35.350509644 -0.000261275 0.052098319 0.868890226 0.492255569
1658133229.585028 -34.534313202 -39.609058380 -35.397842407 -0.000244887 0.051016524 0.860244513 0.507323027
1658133229.785845 -34.526679993 -39.626159668 -35.398414612 0.001473313 0.049845856 0.851590395 0.521830618
1658133229.986470 -33.902702332 -41.058937073 -35.442878723 0.003149771 0.047901634 0.843050063 0.535688579
1658133230.284140 -33.893173218 -41.084671021 -35.443790436 0.005272857 0.043928515 0.830249727 0.555632949
1658133230.485852 -33.260646820 -42.899066925 -35.507854462 0.002715357 0.041377272 0.821818769 0.568238080
1658133230.687546 -33.255252838 -42.916870117 -35.508563995 0.000903782 0.036320221 0.813865066 0.579917014
1658133230.886673 -32.817436218 -44.413253784 -35.573268890 -0.008407197 0.030437617 0.807480693 0.589048207
1658133231.088857 -32.812389374 -44.431526184 -35.573944092 -0.017882667 0.022321183 0.801686347 0.597060323
1658133231.283705 -32.428600311 -45.921722412 -35.627265930 -0.016445177 0.007548756 0.797415674 0.603159010
1658133231.484406 -32.424285889 -45.940078735 -35.627895355 -0.015983388 -0.002867399 0.794333339 0.607265174
1658133231.785395 -32.797729492 -44.495319366 -35.576194763 -0.024851404 -0.002393313 0.792073309 0.609915197
1658133231.987975 -31.823322296 -48.609764099 -35.737911224 -0.029972523 -0.004541158 0.791576445 0.610317767
1658133232.186827 -31.819252014 -48.627750397 -35.738594055 -0.031977586 -0.007779213 0.791507363 0.610272944
1658133232.384712 -31.486991882 -50.116596222 -35.799255371 -0.031830240 -0.009737861 0.791238904 0.610600531
1658133232.585449 -31.482685089 -50.134761810 -35.800022125 -0.033287738 -0.008902838 0.791340053 0.610404432
1658133232.786483 -31.478687286 -50.152633667 -35.800849915 -0.034085289 -0.008825633 0.791585147 0.610043645
1658133232.987183 -31.474231720 -50.170707703 -35.801635742 -0.033461172 -0.009169221 0.791794837 0.609800935
1658133233.188070 -30.788597107 -53.144634247 -35.927944183 -0.031477470 -0.009589361 0.791691720 0.610033929
1658133233.384631 -30.784317017 -53.162464142 -35.928684235 -0.031782325 -0.009550060 0.791721702 0.609979868
1658133233.588069 -30.425628662 -54.640785217 -35.993228912 -0.031682987 -0.009364557 0.791299343 0.610535681
1658133233.786156 -30.421539307 -54.658927917 -35.994163513 -0.031086208 -0.007088744 0.790765643 0.611288130
1658133233.986862 -30.416976929 -54.676910400 -35.994884491 -0.031283405 -0.007345762 0.790626943 0.611454427
1658133234.187825 -30.412235260 -54.694648743 -35.995632172 -0.028896984 -0.007287722 0.790484428 0.611756682
1658133234.384247 -29.691471100 -57.643577576 -36.129291534 -0.029467490 -0.008767811 0.790553987 0.611620247
1658133234.585032 -29.687046051 -57.661945343 -36.130104065 -0.030103793 -0.008496592 0.790725291 0.611371577
1658133234.785830 -29.309585571 -59.157825470 -36.196430206 -0.030252375 -0.007953136 0.791126072 0.610852838
1658133234.986483 -29.304988861 -59.175708771 -36.197284698 -0.028909236 -0.007322013 0.791783988 0.610072851
1658133235.283140 -29.298309326 -59.202335358 -36.198539734 -0.027989585 -0.007018693 0.792292953 0.609458089
1658133235.484470 -28.637863159 -61.778244019 -36.318065643 -0.028598843 -0.005917188 0.792077363 0.609721780
1658133235.685406 -28.633453369 -61.796157837 -36.318843842 -0.026652500 -0.007495267 0.791758180 0.610206902
1658133235.886143 -28.250228882 -63.276321411 -36.391956329 -0.029783873 -0.005123303 0.791477382 0.610450864
1658133236.086623 -28.245620728 -63.294704437 -36.392826080 -0.035420246 -0.002686185 0.790823519 0.611012638
1658133236.283127 -28.240882874 -63.311943054 -36.393371582 -0.022109922 -0.011457741 0.791376948 0.610821068
1658133236.484847 -27.682647705 -65.523414612 -36.485816956 -0.017306753 -0.014689513 0.791631699 0.610576749
1658133236.684974 -27.677902222 -65.541374207 -36.486747742 -0.022907091 -0.010588846 0.791537046 0.610599875
1658133236.885702 -27.673492432 -65.559539795 -36.487632751 -0.027170938 -0.007876615 0.791512787 0.610497534
1658133237.086656 -27.100990295 -67.798278809 -36.593723297 -0.028090762 -0.009533092 0.791477561 0.610477924
1658133237.283202 -27.096359253 -67.815673828 -36.594589233 -0.027154926 -0.011767945 0.791677177 0.610222459
1658133237.484109 -27.091857910 -67.833717346 -36.595439911 -0.026469702 -0.011069553 0.791786253 0.610124111
1658133237.785230 -26.415809631 -70.408683777 -36.719638824 -0.027087582 -0.011895465 0.791863859 0.609980643
1658133237.885594 -26.413597107 -70.417610168 -36.720081329 -0.025492018 -0.012025474 0.791998208 0.609872460
1658133238.186621 -27.075920105 -67.896858215 -36.598567963 -0.026441086 -0.007884718 0.791461051 0.610596597
1658133238.384537 -25.839500427 -72.659011841 -36.839824677 -0.025979167 -0.008992149 0.791200519 0.610938609
1658133238.585316 -25.834838867 -72.676719666 -36.840797424 -0.027314566 -0.009963496 0.791385770 0.610625327
1658133238.786056 -25.830352783 -72.694915771 -36.841712952 -0.027489338 -0.011193506 0.791324496 0.610675633
1658133238.987368 -25.255668640 -74.910781860 -36.960868835 -0.026550634 -0.011808409 0.791147411 0.610934854
1658133239.187432 -25.251106262 -74.928810120 -36.961898804 -0.027114637 -0.010814462 0.791092396 0.610999823
1658133239.384160 -25.246543884 -74.946350098 -36.962795258 -0.026501378 -0.010728559 0.791222513 0.610859632
1658133239.585245 -24.674934387 -77.153770447 -37.074645996 -0.025128916 -0.011396982 0.791371524 0.610712588
1658133239.785754 -24.670585632 -77.171737671 -37.075614929 -0.022953460 -0.010562028 0.791178763 0.611062944
1658133239.986462 -24.665908813 -77.189666748 -37.076545715 -0.022676842 -0.010716914 0.791381896 0.610807300
1658133240.187190 -24.100028992 -79.409301758 -37.194774628 -0.025693301 -0.011972770 0.791548908 0.610448062
1658133240.384031 -24.095664978 -79.426856995 -37.195652008 -0.026588514 -0.012413137 0.791863441 0.609992921
1658133240.685790 -24.088508606 -79.453865051 -37.196937561 -0.024673579 -0.011091850 0.792220235 0.609635472
1658133240.885876 -23.440559387 -82.035156250 -37.337985992 -0.033331204 -0.005410836 0.792070150 0.609495401
1658133241.086622 -23.435997009 -82.052917480 -37.338951111 -0.031628147 -0.006786176 0.791580439 0.610208213
1658133241.283449 -23.431175232 -82.070358276 -37.339607239 -0.017872030 -0.017400041 0.791401327 0.610787868
1658133241.484495 -22.872634888 -84.271545410 -37.449359894 -0.015358906 -0.017359359 0.790682375 0.611787677
1658133241.685153 -22.867973328 -84.289726257 -37.450489044 -0.023002576 -0.014201724 0.790817797 0.611454368
1658133241.885884 -22.863586426 -84.307807922 -37.451450348 -0.025829181 -0.012030794 0.790653169 0.611600995
1658133242.186908 -22.204498291 -86.901855469 -37.603435516 -0.026356131 -0.012743423 0.790174305 0.612182558
1658133242.383657 -22.199943542 -86.919387817 -37.604385376 -0.029756548 -0.013476073 0.790221512 0.611950099
1658133242.586016 -22.195571899 -86.937301636 -37.605438232 -0.029803650 -0.012652500 0.790137589 0.612073779
1658133242.785170 -21.631454468 -89.131347656 -37.726676941 -0.029977920 -0.011374473 0.789822161 0.612497270
1658133242.985904 -21.627021790 -89.149246216 -37.727603912 -0.030929243 -0.010284757 0.790036082 0.612193286
1658133243.186572 -21.622406006 -89.167190552 -37.728542328 -0.031011948 -0.011117449 0.790252984 0.611894608
1658133243.383447 -21.074134827 -91.359542847 -37.845642090 -0.032871421 -0.013255608 0.790590823 0.611318171
1658133243.584139 -21.069747925 -91.377380371 -37.846603394 -0.034160793 -0.013485460 0.791295290 0.610330224
1658133243.784938 -21.065299988 -91.395370483 -37.847618103 -0.033901613 -0.010342870 0.791078329 0.610687256
1658133243.985715 -20.510498047 -93.604003906 -37.968521118 -0.036035862 -0.012158691 0.790758967 0.610945046
1658133244.186502 -20.506065369 -93.621810913 -37.969505310 -0.033241965 -0.014267758 0.790918112 0.610851824
1658133244.384159 -20.128959656 -95.090744019 -38.052429199 -0.033446766 -0.013755530 0.791223168 0.610457301
1658133244.685372 -20.122085571 -95.117607117 -38.053905487 -0.032482162 -0.014581244 0.791701615 0.609869659
1658133244.886279 -20.489875793 -93.684036255 -37.973022461 -0.030068375 -0.012122680 0.791177690 0.610726535
1658133245.086805 -19.471733093 -97.715255737 -38.205493927 -0.027699333 -0.010157702 0.790984571 0.611124456
1658133245.282811 -19.467170715 -97.732940674 -38.206432343 -0.027704082 -0.012987176 0.791167676 0.610833466
1658133245.484813 -19.462448120 -97.750801086 -38.207508087 -0.028196339 -0.014515701 0.790933847 0.611079276
1658133245.685175 -18.886650085 -99.954162598 -38.337261200 -0.028012121 -0.013842436 0.790812790 0.611260056
1658133245.886036 -18.882171631 -99.972160339 -38.338340759 -0.031247454 -0.011936708 0.791565061 0.610168815
1658133246.086551 -18.877410889 -99.990173340 -38.339477539 -0.035112146 -0.010355555 0.791229784 0.610422373
1658133246.283246 -18.314994812 -102.198867798 -38.468189240 -0.026697850 -0.017905559 0.791466892 0.610366106
1658133246.484338 -18.310577393 -102.216888428 -38.469200134 -0.019531358 -0.022616783 0.792057931 0.609714150
1658133246.685001 -17.931793213 -103.697944641 -38.560726166 -0.020521337 -0.020190734 0.792105138 0.609705389
1658133246.885785 -17.926994324 -103.716087341 -38.561943054 -0.025138095 -0.015400843 0.791659832 0.610250473
1658133247.086695 -17.922531128 -103.734207153 -38.563137054 -0.027125632 -0.013533883 0.791556597 0.610343635
1658133247.282800 -17.349723816 -105.942260742 -38.707672119 -0.025312535 -0.014104062 0.791871309 0.610000193
1658133247.483958 -17.345077515 -105.960144043 -38.708850861 -0.024164766 -0.014253973 0.792155445 0.609674215
1658133247.686414 -17.340530396 -105.977836609 -38.709976196 -0.022903411 -0.017045343 0.793391347 0.608042061
1658133247.885458 -16.767585754 -108.181816101 -38.852901459 -0.022335162 -0.016702933 0.792928696 0.608675897
1658133248.086416 -16.762992859 -108.199722290 -38.854248047 -0.029065479 -0.012410346 0.792847276 0.608600438
1658133248.282665 -16.758537292 -108.217468262 -38.855499268 -0.033085138 -0.006807932 0.791731715 0.609934330
1658133248.485693 -16.199676514 -110.414230347 -39.007503510 -0.032215849 -0.008917658 0.791355431 0.610441804
1658133248.684509 -16.195007324 -110.432044983 -39.008506775 -0.026202306 -0.012137243 0.791961908 0.609887302
1658133248.886950 -16.744682312 -108.270629883 -38.858642578 -0.024020145 -0.014613853 0.791818380 0.610109091
1658133248.985673 -15.718643188 -112.282440186 -39.124725342 -0.025195440 -0.012368685 0.790892541 0.611311078
1658133249.186417 -15.714065552 -112.300369263 -39.125930786 -0.026165275 -0.009142220 0.790224910 0.612189829
1658133249.383729 -15.709381104 -112.317710876 -39.127132416 -0.030290147 -0.014101578 0.790325165 0.611775935
1658133249.583927 -15.149719238 -114.510795593 -39.277603149 -0.026701415 -0.015292527 0.789547801 0.612917185
1658133249.784779 -15.145370483 -114.528617859 -39.278873444 -0.025007358 -0.015479846 0.789635420 0.612871051
1658133249.985511 -15.140579224 -114.546508789 -39.280197144 -0.026103601 -0.016854942 0.790436387 0.611755669
1658133250.186337 -14.578475952 -116.749343872 -39.435802460 -0.026856376 -0.018774347 0.790030301 0.612191439
1658133250.383968 -14.574020386 -116.767089844 -39.437030792 -0.022247942 -0.019732343 0.789879441 0.612540722
1658133250.584854 -15.127105713 -114.599708557 -39.284030914 -0.019919567 -0.015388324 0.789548457 0.613171875
1658133250.785658 -14.015701294 -118.991821289 -39.601585388 -0.018656449 -0.015795745 0.789106965 0.613769233
1658133250.987807 -14.010864258 -119.010162354 -39.602817535 -0.030253518 -0.011206606 0.789465666 0.612946332
1658133251.186932 -14.006484985 -119.027847290 -39.604026794 -0.020963812 -0.015497608 0.789941370 0.612627923
1658133251.384143 -13.438064575 -121.229187012 -39.751377106 -0.014431127 -0.022138353 0.790594280 0.611769795
1658133251.484203 -13.435791016 -121.238273621 -39.752040863 -0.014721302 -0.022666512 0.790776968 0.611507475
1658133251.684932 -13.431198120 -121.256347656 -39.753250122 -0.018324811 -0.025454029 0.789913535 0.612415671
1658133251.885626 -13.426681519 -121.274185181 -39.754589081 -0.021933513 -0.018207690 0.790450454 0.611862421
1658133252.086330 -12.764526367 -123.876609802 -39.936679840 -0.025629383 -0.020330101 0.794272006 0.606680989
1658133252.282613 -12.760253906 -123.894149780 -39.937980652 -0.024146490 -0.019656869 0.794421554 0.606568277
1658133252.484425 -12.755645752 -123.911933899 -39.939315796 -0.021061720 -0.017428564 0.793142080 0.608422816
1658133252.684725 -12.195434570 -126.119613647 -40.094306946 -0.017768977 -0.018606400 0.791445613 0.610697925
1658133252.885433 -12.190704346 -126.137588501 -40.095523834 -0.019516436 -0.020414863 0.790596187 0.611686349
1658133252.985819 -12.188156128 -126.146499634 -40.096057892 -0.021038540 -0.020111850 0.790378988 0.611926436
1658133253.188459 -11.700927734 -128.001983643 -40.221485138 -0.023433615 -0.022739450 0.790511429 0.611576319
1658133253.383342 -11.696319580 -128.019348145 -40.222694397 -0.024143109 -0.023779146 0.791488111 0.610244513
1658133253.586426 -11.691986084 -128.037719727 -40.223915100 -0.022792462 -0.017777475 0.792932272 0.608623743
1658133253.784844 -11.140975952 -130.245651245 -40.375423431 -0.022000093 -0.013930145 0.792693973 0.609063387
1658133253.986403 -11.136245728 -130.263595581 -40.376613617 -0.021965381 -0.016392995 0.791569233 0.610464573
1658133254.186337 -11.131637573 -130.281387329 -40.377769470 -0.020901345 -0.021765366 0.790930331 0.611161709
1658133254.383290 -10.566268921 -132.489471436 -40.522640228 -0.017751971 -0.026971180 0.790565252 0.611525953
1658133254.583895 -10.561782837 -132.507141113 -40.523948669 -0.016558453 -0.028801756 0.790361524 0.611739337
1658133254.684425 -10.559478760 -132.516342163 -40.524532318 -0.014444396 -0.026769776 0.790218353 0.612070024
1658133254.885076 -10.555053711 -132.534301758 -40.525997162 -0.023983439 -0.023096927 0.790365815 0.611729681
1658133255.086401 -10.550262451 -132.552185059 -40.527248383 -0.024176223 -0.020035483 0.791472137 0.610398293
1658133255.283195 -9.724395752 -135.837829590 -40.773475647 -0.021855686 -0.019843820 0.791530788 0.610415995
1658133255.483560 -9.719940186 -135.855819702 -40.774707794 -0.021377219 -0.023821218 0.790786743 0.611254454
1658133255.684258 -9.344985962 -137.334594727 -40.879524231 -0.017787687 -0.028713532 0.790523469 0.611499608
1658133255.885074 -9.340133667 -137.352416992 -40.881050110 -0.030149126 -0.018660525 0.791506469 0.610131443
1658133256.085798 -9.335662842 -137.370834351 -40.882408142 -0.032241397 -0.015368026 0.791638076 0.609945536
1658133256.284288 -9.331573486 -137.388168335 -40.883457184 -0.021065900 -0.023970976 0.792193115 0.609435558
1658133256.484740 -8.598251343 -140.312408447 -41.101581573 -0.015980950 -0.028317766 0.791971684 0.609691381
1658133256.584540 -8.595764160 -140.321365356 -41.102218628 -0.018445557 -0.028622102 0.791959524 0.609623432
1658133256.785328 -8.591354370 -140.339340210 -41.103694916 -0.025708955 -0.026956068 0.793076515 0.607981980
1658133256.986100 -8.586807251 -140.357574463 -41.104991913 -0.029896377 -0.024326719 0.793821096 0.606928885
1658133257.186691 -7.935791016 -142.939697266 -41.299720764 -0.030234942 -0.021399783 0.793754935 0.607108712
1658133257.383662 -7.931320190 -142.957061768 -41.300914764 -0.028579332 -0.024978679 0.793701351 0.607122362
1658133257.584276 -7.560333252 -144.412307739 -41.401985168 -0.028524099 -0.031229202 0.793699801 0.606837511
1658133257.785050 -7.555633545 -144.430053711 -41.403339386 -0.028118396 -0.025240064 0.793310940 0.607643008
1658133257.886938 -7.273620605 -145.536193848 -41.491321564 -0.027387558 -0.023033025 0.793740153 0.607203424
1658133258.087710 -7.268997192 -145.553833008 -41.492557526 -0.020264190 -0.025959086 0.794603050 0.606235564
1658133258.282669 -6.899627686 -147.004516602 -41.596511841 -0.018675758 -0.028964028 0.795069218 0.605538785
1658133258.484378 -6.895202637 -147.022262573 -41.597801208 -0.020781336 -0.029160151 0.796034873 0.604190648
1658133258.686676 -6.890594482 -147.040222168 -41.599311829 -0.022619750 -0.023081206 0.796099424 0.604302466
1658133258.887420 -6.886001587 -147.058120728 -41.600681305 -0.025774485 -0.019536290 0.795270145 0.605391979
1658133258.985486 -6.241195679 -149.628692627 -41.802673340 -0.026020337 -0.020571753 0.794777095 0.605994403
1658133259.186289 -6.236801147 -149.646621704 -41.803989410 -0.023944566 -0.017763829 0.793579996 0.607735157
1658133259.383249 -6.232345581 -149.664108276 -41.805358887 -0.025109813 -0.016586917 0.791177094 0.610846400
1658133259.584078 -5.672546387 -151.861297607 -41.964824677 -0.020158870 -0.023087716 0.789586723 0.612873077
1658133259.784482 -5.668060303 -151.879425049 -41.966098785 -0.020342264 -0.025442921 0.789216638 0.613250375
1658133259.885832 -5.384292603 -152.986587524 -42.049343109 -0.020350156 -0.026291523 0.789424300 0.612946928
1658133260.086198 -5.379882812 -153.004699707 -42.050704956 -0.018656187 -0.027250202 0.789153218 0.613308012
1658133260.282102 -5.375244141 -153.021896362 -42.052162170 -0.016424676 -0.027364546 0.789775670 0.612565041
1658133260.483686 -4.806884766 -155.229858398 -42.230587006 -0.016920544 -0.025270538 0.790139735 0.612171888
1658133260.684665 -4.802337646 -155.247619629 -42.232162476 -0.014745567 -0.026630705 0.790125608 0.612188697
1658133260.786885 -4.800094604 -155.256362915 -42.232986450 -0.013513397 -0.025832277 0.790177345 0.612184525
1658133260.985707 -4.325271606 -157.095489502 -42.400115967 -0.015480097 -0.020813365 0.789532423 0.613160551
1658133261.185827 -4.320556641 -157.113082886 -42.401565552 -0.013799957 -0.022504829 0.789218307 0.613545060
1658133261.383118 -4.316146851 -157.130798340 -42.403198242 -0.017006075 -0.016460272 0.788868189 0.614106596
1658133261.483060 -3.847198486 -158.954040527 -42.560642242 -0.019363334 -0.014737030 0.788897574 0.614042759
1658133261.683986 -3.842147827 -158.971801758 -42.561985016 -0.025437856 -0.019898087 0.789191127 0.613297999
1658133261.884792 -3.838012695 -158.989822388 -42.563179016 -0.015713358 -0.029608762 0.791082799 0.610790074
1658133262.085236 -3.260711670 -161.199874878 -42.724529266 -0.010198756 -0.026058635 0.792200029 0.609619617
1658133262.282143 -3.256149292 -161.217285156 -42.725990295 -0.011581358 -0.022142727 0.792211950 0.609734297
1658133262.382900 -2.972610474 -162.313049316 -42.818199158 -0.015433794 -0.021116504 0.792262554 0.609619498
1658133262.583426 -2.968093872 -162.330886841 -42.819622040 -0.018574690 -0.023950143 0.792083740 0.609659553
1658133262.784098 -2.963424683 -162.348419189 -42.821208954 -0.019530902 -0.023300255 0.791630745 0.610242903
1658133262.984769 -2.395919800 -164.543243408 -43.009208679 -0.016132290 -0.021376882 0.791806459 0.610184789
1658133263.281965 -2.389175415 -164.569412231 -43.011501312 -0.012447683 -0.021893576 0.792613566 0.609203994
1658133263.483741 -2.947265625 -162.410278320 -42.826599121 -0.011483148 -0.021804348 0.792614818 0.609224558
1658133263.584245 -1.818969727 -166.764404297 -43.203460693 -0.013079377 -0.020722203 0.792386651 0.609526813
1658133263.784830 -1.814605713 -166.782043457 -43.204990387 -0.015518429 -0.021028711 0.792154372 0.609761059
1658133263.985497 -1.809616089 -166.800003052 -43.206539154 -0.016852563 -0.023279354 0.792262971 0.609502733
1658133264.186221 -1.247467041 -169.000656128 -43.397926331 -0.015490476 -0.024065100 0.792056322 0.609776795
1658133264.383170 -1.243072510 -169.018096924 -43.399318695 -0.014314807 -0.023269230 0.792213261 0.609632611
1658133264.483490 -1.240951538 -169.026885986 -43.400077820 -0.013367728 -0.023181103 0.792382896 0.609436810
1658133264.684299 -0.771484375 -170.842788696 -43.555915833 -0.013980643 -0.023094354 0.792088985 0.609808326
1658133264.885126 -0.767013550 -170.860412598 -43.557384491 -0.012718740 -0.022265816 0.791356683 0.610816777
1658133265.085777 -0.762466431 -170.878402710 -43.559066772 -0.013243898 -0.023277473 0.791004837 0.611223459
1658133265.282055 -0.757736206 -170.895675659 -43.560657501 -0.016137129 -0.023796225 0.790775836 0.611430287
1658133265.483342 -0.007522583 -173.810089111 -43.825832367 -0.015568406 -0.023348188 0.790673435 0.611594617
1658133265.583583 -0.005172729 -173.818878174 -43.826713562 -0.015610969 -0.023562996 0.790639102 0.611629665
1658133265.784845 -0.000640869 -173.836715698 -43.828369141 -0.014970719 -0.023978041 0.790995836 0.611168206
1658133265.985243 0.463424683 -175.680145264 -44.003566742 -0.021221494 -0.019734878 0.790699303 0.611518443
1658133266.185964 0.467803955 -175.698028564 -44.005138397 -0.018114973 -0.025653239 0.790418208 0.611762106
1658133266.382897 0.836685181 -177.158889771 -44.136215210 -0.009527578 -0.032427743 0.790464163 0.611575067
1658133266.483124 0.839019775 -177.167770386 -44.137001038 -0.006875051 -0.034028571 0.790665627 0.611263216
1658133266.683952 0.843444824 -177.185623169 -44.138771057 -0.007902945 -0.030185847 0.790373027 0.611830831
1658133266.884550 1.305007935 -179.029510498 -44.317459106 -0.011970416 -0.025677932 0.791009545 0.611147583
1658133267.085312 1.309402466 -179.047439575 -44.319137573 -0.016010156 -0.028670484 0.791198015 0.610677779
1658133267.281879 1.679931641 -180.507476807 -44.452171326 -0.017205684 -0.029352911 0.791157663 0.610665143
1658133267.483112 1.684432983 -180.525146484 -44.453708649 -0.010282073 -0.029498078 0.790089130 0.612195611
1658133267.583152 1.320663452 -179.091110229 -44.323001862 -0.009148148 -0.029958708 0.789472044 0.612986684
1658133267.783946 2.154632568 -182.368560791 -44.615993500 -0.013098723 -0.031664953 0.789489508 0.612806737
1658133267.984844 2.159027100 -182.386566162 -44.617568970 -0.016516369 -0.033119366 0.790280938 0.611626089
1658133268.185591 2.163787842 -182.404235840 -44.619247437 -0.016478652 -0.030229127 0.790897965 0.610978901
1658133268.281842 2.621124268 -184.213531494 -44.785949707 -0.015231574 -0.029262751 0.791084349 0.610816896
1658133268.482625 2.626007080 -184.231369019 -44.787597656 -0.016048472 -0.028560378 0.791093051 0.610818028
1658133268.683374 2.630462646 -184.249023438 -44.789196014 -0.012661720 -0.027111739 0.790574610 0.611634314
1658133268.884552 3.199554443 -186.446289062 -44.989589691 -0.011457358 -0.026750769 0.790361524 0.611949205
1658133268.984530 3.201812744 -186.455230713 -44.990406036 -0.012402225 -0.024983061 0.790286243 0.612102628
1658133269.186739 3.206466675 -186.473159790 -44.992057800 -0.017328491 -0.024282211 0.790159583 0.612174869
1658133269.383013 3.210678101 -186.490600586 -44.993640900 -0.017649673 -0.027264938 0.790189803 0.612001061
1658133269.583782 3.872817993 -189.041946411 -45.225070953 -0.016614957 -0.031248057 0.790819108 0.611025989
1658133269.784599 3.877105713 -189.059753418 -45.226684570 -0.016772218 -0.029497702 0.791466713 0.610269606
1658133269.884979 3.879501343 -189.068603516 -45.227619171 -0.016776273 -0.027561292 0.791637659 0.610138357
1658133270.085620 4.343215942 -190.909820557 -45.400779724 -0.013454053 -0.027695635 0.791581511 0.610287368
1658133270.281803 4.347717285 -190.927017212 -45.402317047 -0.006969860 -0.030793294 0.790912986 0.611113667
1658133270.482379 4.352249146 -190.945327759 -45.404121399 -0.011992577 -0.023996439 0.790640593 0.611692607
1658133270.683227 4.918563843 -193.138916016 -45.613086700 -0.014915083 -0.022916308 0.790480554 0.611876547
1658133270.783610 4.920761108 -193.147735596 -45.614032745 -0.016034011 -0.021684239 0.790264785 0.612171888
1658133270.984292 4.925552368 -193.165649414 -45.615825653 -0.022782210 -0.017372278 0.789239347 0.613416970
1658133271.185178 5.404586792 -195.007720947 -45.794010162 -0.014580952 -0.024055721 0.789628565 0.612940013
1658133271.382874 5.409072876 -195.024978638 -45.795433044 -0.003379836 -0.034833249 0.790378571 0.611618340
1658133271.483102 4.936843872 -193.209915161 -45.619586945 -0.001559914 -0.035708696 0.790661097 0.611209869
1658133271.683827 5.876296997 -196.855087280 -45.962146759 -0.007997136 -0.031429589 0.790880680 0.611110389
1658133271.884601 5.880950928 -196.873123169 -45.964000702 -0.015618156 -0.025103288 0.790497720 0.611751080
1658133272.085295 5.885467529 -196.890808105 -45.965656281 -0.015599236 -0.024455851 0.790686190 0.611534059
1658133272.282034 6.442367554 -199.071777344 -46.174758911 -0.011613093 -0.025608430 0.791692615 0.610272169
1658133272.484464 6.447113037 -199.089599609 -46.176380157 -0.015094704 -0.027610114 0.792035818 0.609663129
1658133272.683558 6.451705933 -199.107330322 -46.178176880 -0.016321784 -0.024970900 0.792212188 0.609516144
1658133272.784030 6.453918457 -199.116210938 -46.179016113 -0.015400581 -0.025376081 0.792105615 0.609661818
1658133272.984712 7.120712280 -201.672653198 -46.423961639 -0.011950738 -0.026825896 0.792109430 0.609672248
1658133273.185425 7.125259399 -201.690429688 -46.425708771 -0.013175708 -0.027069140 0.791982830 0.609800696
1658133273.384721 7.129867554 -201.707885742 -46.427333832 -0.014902975 -0.028222492 0.792165995 0.609470665
1658133273.582878 7.697723389 -203.886886597 -46.636680603 -0.015076775 -0.027448989 0.791523337 0.610336006
1658133273.683361 7.700073242 -203.895736694 -46.637535095 -0.013547260 -0.027387051 0.791526198 0.610370994
1658133273.884187 7.704589844 -203.913299561 -46.639186859 -0.012271690 -0.027197203 0.792116761 0.609639823
1658133274.085016 8.165664673 -205.734344482 -46.814556122 -0.010787143 -0.026820244 0.792281389 0.609470665
1658133274.281765 8.169982910 -205.751586914 -46.816253662 -0.011058365 -0.027353212 0.792447090 0.609226644
1658133274.482343 8.174743652 -205.769393921 -46.818031311 -0.012993186 -0.027910797 0.792594016 0.608972132
1658133274.684799 8.733047485 -207.939895630 -47.034011841 -0.012737251 -0.025335379 0.792083561 0.609753668
1658133274.783531 8.735626221 -207.948791504 -47.034923553 -0.014583657 -0.024534561 0.792006075 0.609845698
1658133274.984333 8.739990234 -207.966552734 -47.036605835 -0.013280955 -0.027223881 0.792272270 0.609415412
1658133275.185053 9.205413818 -209.796813965 -47.219459534 -0.010165509 -0.025118791 0.792201340 0.609657884
1658133275.383194 9.209808350 -209.814407349 -47.221298218 -0.010682269 -0.022292588 0.792411566 0.609485805
1658133275.583676 9.214492798 -209.831985474 -47.223022461 -0.013078968 -0.026656395 0.792132378 0.609626651
1658133275.784408 9.778411865 -212.022186279 -47.440727234 -0.012291945 -0.029189654 0.792192400 0.609449029
1658133275.985243 9.782943726 -212.040313721 -47.442729950 -0.020645931 -0.022649711 0.791508913 0.610388815
1658133276.085488 9.785354614 -212.049026489 -47.443519592 -0.015770556 -0.026558710 0.791248500 0.610714078
1658133276.281480 10.250885010 -213.854339600 -47.625194550 -0.000495769 -0.036133058 0.790804744 0.611000836
1658133276.483298 10.255386353 -213.872406006 -47.627025604 0.000848634 -0.036080658 0.790919244 0.610855281
1658133276.683877 10.259780884 -213.890121460 -47.629161835 -0.005850919 -0.034218986 0.791088462 0.610715926
1658133276.884653 10.814178467 -216.105209351 -47.875434875 -0.010677583 -0.033194598 0.791450441 0.610237956
1658133276.985017 10.816406250 -216.113967896 -47.876426697 -0.011991230 -0.032915510 0.791350901 0.610357702
1658133277.186206 10.820648193 -216.131927490 -47.878261566 -0.009294740 -0.032338623 0.791723847 0.609951913
1658133277.382504 10.825317383 -216.148925781 -47.880138397 -0.008603178 -0.032068029 0.791756928 0.609933317
1658133277.583235 11.473205566 -218.685623169 -48.148365021 -0.007231501 -0.032138620 0.791575253 0.610183120
1658133277.784734 11.477844238 -218.703308105 -48.150413513 -0.007404704 -0.030886605 0.791435540 0.610427022
1658133277.885477 11.480010986 -218.712234497 -48.151336670 -0.005608764 -0.030434120 0.791914523 0.609847307
1658133278.085545 11.941864014 -220.533203125 -48.357124329 -0.005300513 -0.029129151 0.792633057 0.608979702
1658133278.281505 11.946350098 -220.550399780 -48.359050751 -0.006207630 -0.030345876 0.792811692 0.608679116
1658133278.482823 11.950897217 -220.568206787 -48.361034393 -0.004526903 -0.029055057 0.792445779 0.609233081
1658133278.683419 12.521392822 -222.736099243 -48.603374481 -0.003418797 -0.027643947 0.792441308 0.609311819
1658133278.884121 12.526000977 -222.753845215 -48.605300903 -0.003951768 -0.028835330 0.792581856 0.609070539
1658133278.986976 12.528381348 -222.762557983 -48.606250763 -0.006018808 -0.028620815 0.792414904 0.609281003
1658133279.185275 12.533233643 -222.780349731 -48.608322144 -0.007131705 -0.026849929 0.792008638 0.609877527
1658133279.384481 13.198577881 -225.314910889 -48.889823914 -0.005260446 -0.024736628 0.791934669 0.610081911
1658133279.583246 13.203430176 -225.332336426 -48.891742706 -0.003849628 -0.027150746 0.791783154 0.610186398
1658133279.786074 13.207885742 -225.350280762 -48.893684387 -0.002922370 -0.027295837 0.791552365 0.610484540
1658133279.884025 13.681549072 -227.167785645 -49.092227936 -0.002150573 -0.026391825 0.791811705 0.610191047
1658133280.084642 13.686065674 -227.185302734 -49.094150543 -0.004157066 -0.026640020 0.791927218 0.610019922
1658133280.281497 13.690521240 -227.202789307 -49.095970154 -0.006040338 -0.029412441 0.791942120 0.609857559
1658133280.482335 14.245758057 -229.373016357 -49.326873779 -0.004822899 -0.029711161 0.791772842 0.610073566
1658133280.683318 14.250183105 -229.390625000 -49.328674316 -0.002546753 -0.029878840 0.791518033 0.610409737
1658133280.783287 14.252319336 -229.399749756 -49.329658508 -0.002204351 -0.028545856 0.791661441 0.610288858
1658133280.986654 14.715576172 -231.243041992 -49.526641846 -0.010040206 -0.023984395 0.791441023 0.610692263
1658133281.184775 14.720001221 -231.261047363 -49.528396606 -0.006401031 -0.028659744 0.791840792 0.610021293
1658133281.382671 15.085815430 -232.723999023 -49.674934387 -0.000128286 -0.032707013 0.791999519 0.609644949
1658133281.583417 15.090362549 -232.741729736 -49.676879883 0.003000264 -0.034763139 0.792237341 0.609214723
1658133281.683790 15.372436523 -233.837341309 -49.795501709 0.002731207 -0.032938004 0.792508423 0.608964741
1658133281.884660 15.377136230 -233.855010986 -49.797538757 0.000215218 -0.028361375 0.792474508 0.609245300
1658133282.085416 15.758911133 -235.323440552 -49.964542389 0.001051012 -0.027673425 0.792243898 0.609575868
1658133282.281840 15.763488770 -235.340423584 -49.966438293 0.001819219 -0.029087810 0.792426765 0.609270513
1658133282.483272 15.390777588 -233.907516479 -49.803558350 0.000204506 -0.028808635 0.792001486 0.609839082
1658133282.684052 16.332244873 -237.523544312 -50.218425751 0.001756343 -0.025394967 0.791426599 0.610733986
1658133282.884387 16.336914062 -237.541061401 -50.220474243 -0.000170052 -0.026984325 0.791652620 0.610375345
1658133282.985135 16.339385986 -237.549957275 -50.221462250 -0.002013346 -0.027127482 0.791319609 0.610797405
1658133283.185879 16.818084717 -239.368835449 -50.434829712 -0.003283876 -0.027746802 0.791446328 0.610599816
1658133283.382630 16.822448730 -239.385757446 -50.436901093 -0.002153488 -0.026903030 0.791580379 0.610468864
1658133283.583086 17.192077637 -240.826950073 -50.606781006 -0.002386221 -0.026668219 0.791929901 0.610024691
1658133283.783824 17.196563721 -240.844436646 -50.608787537 -0.001145946 -0.028431585 0.792056024 0.609784842
1658133283.984630 17.201049805 -240.862213135 -50.610897064 -0.001532470 -0.027938858 0.791698575 0.610270798
1658133284.185365 17.205505371 -240.879943848 -50.612903595 -0.000526883 -0.027511401 0.791364014 0.610725701
1658133284.382161 17.948699951 -243.781799316 -50.951633453 -0.000901393 -0.028558515 0.791391850 0.610641122
1658133284.582815 17.953308105 -243.799331665 -50.953655243 -0.000652812 -0.029043192 0.791708708 0.610207736
1658133284.783510 18.327484131 -245.264312744 -51.124065399 -0.000375543 -0.030019997 0.791567802 0.610343456
1658133284.984437 18.331787109 -245.281799316 -51.126117706 0.002458283 -0.034236904 0.791533172 0.610161543
1658133285.086671 18.334442139 -245.290573120 -51.127017975 0.002880004 -0.035090201 0.791917503 0.609612286
1658133285.281216 18.338897705 -245.308029175 -51.129096985 0.000206341 -0.033998705 0.792525470 0.608890355
1658133285.482836 18.997283936 -247.837478638 -51.424316406 0.002776889 -0.029682882 0.791919172 0.609897852
1658133285.783419 19.004180908 -247.864212036 -51.427265167 0.004464634 -0.026981907 0.791344881 0.610758066
1658133285.984237 19.476562500 -249.689117432 -51.642555237 -0.003807034 -0.026359782 0.790881038 0.611390114
1658133286.184966 19.481323242 -249.706893921 -51.644515991 -0.000554076 -0.034816835 0.790810943 0.611069202
1658133286.381809 19.865295410 -251.150436401 -51.806083679 0.003477569 -0.041238159 0.791394591 0.609903216
1658133286.582558 19.869781494 -251.167907715 -51.808177948 0.004041141 -0.037994698 0.792032540 0.609282017
1658133286.784016 20.233276367 -252.627014160 -51.987571716 0.005858395 -0.032999609 0.791814387 0.609841466
1658133286.983895 20.237701416 -252.644744873 -51.989799500 0.004576157 -0.032222040 0.791521907 0.610273659
1658133287.084249 20.240173340 -252.653533936 -51.990837097 0.002893937 -0.033175852 0.791632891 0.610088766
1658133287.280963 20.700866699 -254.453292847 -52.210430145 0.002102160 -0.035399463 0.791156352 0.610585034
1658133287.482290 20.705657959 -254.470809937 -52.212516785 0.003188340 -0.036668926 0.790798366 0.610969067
1658133287.682615 20.710021973 -254.488510132 -52.214736938 0.000332326 -0.037077021 0.790642917 0.611153901
1658133287.883382 21.271728516 -256.671478271 -52.478599548 -0.001339948 -0.036560521 0.790712416 0.611093700
1658133288.084088 21.276245117 -256.689025879 -52.480728149 0.001241986 -0.036182728 0.790798068 0.611005485
1658133288.282236 21.646697998 -258.125823975 -52.657180786 0.001551482 -0.034681905 0.791037023 0.610782504
1658133288.482732 21.651306152 -258.143310547 -52.659473419 0.000499450 -0.031335685 0.791175544 0.610785723
1658133288.683519 21.655853271 -258.161010742 -52.661739349 0.001333524 -0.028799733 0.790897787 0.611268818
1658133288.884629 22.201782227 -260.345001221 -52.938091278 0.001999961 -0.032019492 0.791046321 0.610914469
1658133289.084874 22.206695557 -260.362426758 -52.940269470 -0.000174777 -0.035054028 0.791320026 0.610396504
1658133289.281000 22.582427979 -261.799499512 -53.116172791 -0.000235974 -0.034855615 0.791544974 0.610116124
1658133289.382169 22.584777832 -261.808288574 -53.117214203 -0.001426998 -0.033553604 0.791367233 0.610418022
1658133289.583240 22.867828369 -262.908691406 -53.249603271 -0.000774389 -0.037058719 0.791232526 0.610390961
1658133289.783617 22.872436523 -262.926025391 -53.251716614 -0.000311869 -0.036563404 0.790977716 0.610751450
1658133289.984340 22.876831055 -262.943664551 -53.253929138 -0.000838351 -0.034407042 0.790628433 0.611328125
1658133290.185025 23.433990479 -265.118377686 -53.526725769 0.000293950 -0.031797919 0.790557861 0.611561298
1658133290.381835 23.438659668 -265.135375977 -53.528789520 0.002446227 -0.034307931 0.790801406 0.611105680
1658133290.582790 23.443084717 -265.153167725 -53.530967712 0.000269989 -0.036172114 0.790632129 0.611222088
1658133290.783355 24.000793457 -267.303985596 -53.801860809 -0.000224396 -0.036082000 0.790374637 0.611560285
1658133290.984091 24.005218506 -267.321960449 -53.804351807 -0.012166071 -0.027293796 0.790018260 0.612354696
1658133291.084494 24.007324219 -267.330780029 -53.805500031 -0.008455728 -0.029282605 0.790030599 0.612309396
1658133291.280824 24.465026855 -269.138824463 -54.034156799 0.006587755 -0.037799735 0.790443599 0.611331880
1658133291.482154 24.469665527 -269.156341553 -54.036224365 0.009098511 -0.042740762 0.790420949 0.611003518
1658133291.682826 24.838592529 -270.619659424 -54.221817017 0.004527010 -0.041021913 0.790420651 0.611172557
1658133291.883559 24.842987061 -270.637298584 -54.224182129 0.001354767 -0.038767599 0.790137410 0.611701131
1658133292.084423 24.847869873 -270.654907227 -54.226348877 0.000801743 -0.037971523 0.789429724 0.612664938
1658133292.280905 25.400207520 -272.816619873 -54.505210876 -0.001832667 -0.039952677 0.789825082 0.612026870
1658133292.481829 25.404602051 -272.834106445 -54.507511139 -0.001985150 -0.040756367 0.790089607 0.611631751
1658133292.682750 25.778381348 -274.283355713 -54.698638916 -0.000537328 -0.036790822 0.790235043 0.611698210
1658133292.783158 25.780731201 -274.292236328 -54.699886322 -0.000124053 -0.033980627 0.790098131 0.612037838
1658133292.984085 25.785247803 -274.309448242 -54.702274323 -0.000079821 -0.033533674 0.790236056 0.611884356
1658133293.184450 25.789916992 -274.326965332 -54.704620361 0.000725620 -0.035591446 0.790470600 0.611464679
1658133293.381320 26.453308105 -276.836822510 -55.046195984 0.000392191 -0.034387797 0.790122986 0.611982822
1658133293.581983 26.458190918 -276.854431152 -55.048549652 0.000246568 -0.035311256 0.789821982 0.612318754
1658133293.782786 26.462615967 -276.872009277 -55.050930023 -0.000641886 -0.038230799 0.788908362 0.613320172
1658133293.983861 27.032623291 -279.045501709 -55.342838287 0.003842713 -0.037499748 0.788402259 0.614004016
1658133294.084116 27.035003662 -279.054260254 -55.343994141 0.004481227 -0.038882945 0.788645148 0.613601625
1658133294.281406 27.039581299 -279.071411133 -55.346427917 -0.000873390 -0.039762318 0.788980901 0.613129199
1658133294.482430 27.043945312 -279.089324951 -55.348834991 -0.000095405 -0.034690768 0.789321482 0.612999380
1658133294.683289 27.679626465 -281.621002197 -55.693634033 0.000747993 -0.034778483 0.789520562 0.612737477
1658133294.884195 27.684204102 -281.638732910 -55.695865631 0.000327111 -0.038423017 0.789713085 0.612271905
1658133295.084739 28.055786133 -283.101928711 -55.885604858 0.002376210 -0.042400956 0.789760172 0.611943960
1658133295.281202 28.060028076 -283.119232178 -55.887802124 0.002462605 -0.042794582 0.789445400 0.612322271
1658133295.482375 28.064819336 -283.136962891 -55.890048981 0.000565730 -0.042989526 0.789089143 0.612772465
1658133295.582797 28.066772461 -283.145751953 -55.891242981 -0.001740498 -0.043036427 0.788881123 0.613034606
1658133295.783588 28.697723389 -285.685485840 -56.220237732 -0.003328896 -0.043083619 0.788881183 0.613024652
1658133295.984315 28.702636719 -285.703247070 -56.222671509 -0.010654038 -0.039484460 0.788310528 0.613916993
1658133296.185199 29.080566406 -287.170928955 -56.415069580 -0.004326628 -0.044794749 0.787718177 0.614389777
1658133296.381721 29.084686279 -287.188140869 -56.417297363 0.002845306 -0.047668431 0.789059877 0.612457395
1658133296.582439 29.441131592 -288.634552002 -56.607036591 0.005567017 -0.044790737 0.790238202 0.611135423
1658133296.682862 29.443328857 -288.643280029 -56.608257294 0.004943397 -0.041766215 0.790613472 0.610869408
1658133296.883655 29.447937012 -288.661010742 -56.610687256 0.000980833 -0.036744345 0.790657938 0.611153841
1658133297.084363 29.916564941 -290.471771240 -56.857700348 -0.000192482 -0.036530428 0.790178359 0.611787260
1658133297.280609 29.920989990 -290.489044189 -56.859962463 0.000671824 -0.036091231 0.790671706 0.611175358
1658133297.481839 29.925445557 -290.506530762 -56.862285614 -0.000654313 -0.037687883 0.791112006 0.610508800
1658133297.682608 30.483795166 -292.660888672 -57.145874023 -0.002914557 -0.039119788 0.791007459 0.610547602
1658133297.782976 30.486114502 -292.669555664 -57.147079468 -0.003959657 -0.038363941 0.790799022 0.610859632
1658133297.983775 30.490783691 -292.687011719 -57.149379730 -0.003785256 -0.037682947 0.790749431 0.610967398
1658133298.184868 30.963745117 -294.500701904 -57.389804840 -0.002700761 -0.036377892 0.790585577 0.611264229
1658133298.381258 30.968109131 -294.517700195 -57.392135620 -0.002202802 -0.039406095 0.790880084 0.610697150
1658133298.582020 30.972686768 -294.535430908 -57.394477844 -0.001114033 -0.039294053 0.790463626 0.611246288
1658133298.682474 31.429534912 -296.321899414 -57.638782501 -0.000052137 -0.038874857 0.790839732 0.610787392
1658133298.883205 31.434143066 -296.339508057 -57.641235352 -0.000389410 -0.036601733 0.790876031 0.610880852
1658133299.084055 31.813323975 -297.800323486 -57.842178345 -0.001053146 -0.036492202 0.791223824 0.610435963
1658133299.280804 31.817840576 -297.817535400 -57.844524384 0.000412953 -0.039000813 0.791437685 0.610004306
1658133299.481695 31.822448730 -297.835052490 -57.846893311 0.002307484 -0.040611625 0.791224241 0.610171854
1658133299.682491 32.385559082 -299.994140625 -58.140541077 0.000927638 -0.039611805 0.791181386 0.610296726
1658133299.782771 32.387664795 -300.003051758 -58.141819000 -0.000329440 -0.039145000 0.791102648 0.610429466
1658133299.983620 32.392730713 -300.020507812 -58.144313812 0.001182140 -0.038654484 0.791278064 0.610232413
1658133300.183992 32.868927002 -301.839416504 -58.404109955 0.002489532 -0.038519107 0.791285217 0.610227644
1658133300.383783 32.873443604 -301.856628418 -58.406589508 0.002736256 -0.037711702 0.791123033 0.610487282
1658133300.582630 32.878112793 -301.874145508 -58.409122467 0.000940608 -0.038809989 0.790939510 0.610661626
1658133300.783525 33.448059082 -304.041656494 -58.717445374 0.001720387 -0.040612906 0.791364849 0.609991193
1658133300.883817 33.450286865 -304.050628662 -58.718719482 0.002657736 -0.039604571 0.791705728 0.609611750
1658133301.084514 33.454986572 -304.068389893 -58.721282959 0.002874716 -0.035850912 0.792471409 0.608847737
1658133301.283375 33.928894043 -305.873260498 -58.977989197 0.009174665 -0.040553693 0.792703032 0.608188510
1658133301.482359 33.933563232 -305.890838623 -58.980361938 0.014527249 -0.044785425 0.792937517 0.607481182
1658133301.684686 33.938385010 -305.908477783 -58.982925415 0.013839576 -0.041244444 0.793411493 0.607128918
1658133301.783283 34.415771484 -307.717437744 -59.242824554 0.013310764 -0.038366314 0.793444216 0.607286632
1658133301.983968 34.420410156 -307.734985352 -59.245426178 0.013311347 -0.036054034 0.792987049 0.608025134
1658133302.184691 34.425170898 -307.752563477 -59.248027802 0.010844805 -0.035374835 0.792937040 0.608179152
1658133302.382175 34.429595947 -307.769653320 -59.250633240 0.008746878 -0.034199499 0.792573988 0.608753145
1658133302.584280 35.187652588 -310.650268555 -59.673942566 0.008759360 -0.033171430 0.791752934 0.609877229
1658133302.783286 35.192047119 -310.667877197 -59.676445007 0.011474326 -0.036458969 0.789919436 0.612018347
1658133302.883417 35.194549561 -310.676330566 -59.677619934 0.012886296 -0.040257715 0.789196491 0.612684369
1658133303.084421 35.663360596 -312.494598389 -59.937507629 0.008838584 -0.044902902 0.788600624 0.613200366
1658133303.280412 35.667938232 -312.511993408 -59.939979553 0.006380835 -0.045334838 0.789749265 0.611719012
1658133303.481852 35.672149658 -312.529479980 -59.942691803 0.010987196 -0.041395258 0.790990591 0.610327542
1658133303.682393 36.227661133 -314.690856934 -60.261169434 0.012910123 -0.043583255 0.792223155 0.608536184
1658133303.783033 36.229888916 -314.699707031 -60.262474060 0.012428335 -0.044493739 0.792435348 0.608204067
1658133303.983685 36.234252930 -314.717346191 -60.265155792 0.012792927 -0.041774247 0.792516112 0.608283997
1658133304.184305 36.696960449 -316.529998779 -60.535881042 0.010619462 -0.040199980 0.792431295 0.608542383
1658133304.384084 36.701354980 -316.547271729 -60.538379669 0.010200711 -0.043317333 0.792763114 0.607903123
1658133304.481575 36.703918457 -316.555816650 -60.539615631 0.010769683 -0.045006555 0.792931378 0.607551098
1658133304.682288 37.161682129 -318.344604492 -60.800926208 0.011767803 -0.043784000 0.793047249 0.607470632
1658133304.882946 37.166137695 -318.361999512 -60.803543091 0.013062575 -0.043783147 0.792942166 0.607581377
1658133305.083661 37.170501709 -318.379638672 -60.806091309 0.013540448 -0.043771137 0.792278767 0.608436704
1658133305.185861 37.628967285 -320.169219971 -61.074890137 0.011122874 -0.043637879 0.792006254 0.608849823
1658133305.380880 37.633514404 -320.186309814 -61.077465057 0.011238176 -0.042026583 0.791668296 0.609400332
1658133305.581640 37.637969971 -320.203857422 -61.080127716 0.013951263 -0.038322207 0.791067064 0.610368550
1658133305.783869 38.201507568 -322.351562500 -61.404525757 0.011182933 -0.039406914 0.791075528 0.610345423
1658133305.882880 38.203979492 -322.360504150 -61.405834198 0.005535761 -0.038244016 0.790974975 0.610626996
1658133306.083783 38.208435059 -322.378356934 -61.408542633 -0.000955219 -0.034704566 0.790847540 0.611027777
1658133306.281915 38.663970947 -324.185272217 -61.670936584 0.013847888 -0.047204349 0.791768670 0.608837008
1658133306.481058 38.668334961 -324.202789307 -61.673416138 0.019436693 -0.051322963 0.791928649 0.608142495
1658133306.581469 38.946136475 -325.287597656 -61.830875397 0.018043205 -0.049558610 0.791882217 0.608392119
1658133306.782204 38.950469971 -325.305328369 -61.833644867 0.012803370 -0.044245631 0.791980863 0.608805954
1658133306.982862 38.955261230 -325.322875977 -61.836219788 0.011188391 -0.043134492 0.792623699 0.608080566
1658133307.083296 38.957458496 -325.331726074 -61.837394714 0.013573821 -0.043591909 0.793137550 0.607328951
1658133307.281728 39.617584229 -327.849212646 -62.213100433 0.012886167 -0.043023732 0.793435872 0.606994569
1658133307.482412 39.621887207 -327.866760254 -62.215831757 0.009068405 -0.041229419 0.792768300 0.608059466
1658133307.682677 39.626739502 -327.884399414 -62.218402863 0.007054945 -0.040137824 0.792108536 0.609018266
1658133307.783033 40.088836670 -329.684509277 -62.493099213 0.007873979 -0.037882250 0.791955292 0.609351873
1658133307.983715 40.093383789 -329.701843262 -62.495670319 0.011332558 -0.040064748 0.791438878 0.609828651
1658133308.184776 40.097930908 -329.719360352 -62.498336792 0.011053651 -0.042500492 0.790862024 0.610416949
1658133308.482260 40.741302490 -332.234069824 -62.881549835 0.010034882 -0.042414043 0.789594591 0.612079024
1658133308.582600 40.743560791 -332.242889404 -62.882896423 0.008642015 -0.041697051 0.789076924 0.612816751
1658133308.782853 40.748138428 -332.260131836 -62.885501862 0.007397001 -0.044470482 0.789105475 0.612601221
1658133308.983637 41.216186523 -334.066711426 -63.163131714 0.006174352 -0.045029305 0.789732456 0.611765385
1658133309.184387 41.220733643 -334.084167480 -63.165855408 0.005514153 -0.043517500 0.790331304 0.611107409
1658133309.282863 41.222717285 -334.092590332 -63.167125702 0.005532369 -0.043018650 0.790820777 0.610508978
1658133309.483462 41.227294922 -334.110015869 -63.169879913 0.006661914 -0.042172346 0.791139841 0.610143363
1658133309.682239 41.866027832 -336.609039307 -63.562587738 0.009482993 -0.043871548 0.791198015 0.609910727
1658133309.884993 41.870697021 -336.626434326 -63.565288544 0.011632957 -0.044492830 0.791303873 0.609691203
1658133310.085250 41.875305176 -336.644104004 -63.568046570 0.009498611 -0.046423521 0.791219592 0.609693646
1658133310.280617 42.437316895 -338.795776367 -63.902282715 0.009572967 -0.048279025 0.791396916 0.609318078
1658133310.380999 42.439361572 -338.804504395 -63.903678894 0.008372750 -0.047086067 0.791213036 0.609667778
1658133310.583508 42.444030762 -338.822113037 -63.906402588 0.008117480 -0.046902161 0.791203380 0.609697998
1658133310.782511 42.448333740 -338.839721680 -63.909099579 0.007393087 -0.047441620 0.791631579 0.609109342
1658133310.983177 43.105682373 -341.376861572 -64.311668396 -0.001040218 -0.039427970 0.790993392 0.610552073
1658133311.183975 43.110107422 -341.394104004 -64.314262390 0.012753702 -0.046220072 0.790708482 0.610312402
1658133311.383198 43.478240967 -342.818786621 -64.529869080 0.018349290 -0.053541478 0.790638566 0.609661639
1658133311.581431 43.482696533 -342.836334229 -64.532791138 0.015474667 -0.053047072 0.791066408 0.609229386
1658133311.682185 43.766448975 -343.924285889 -64.713127136 0.014155370 -0.052750543 0.791266918 0.609026849
1658133311.883078 43.770965576 -343.941497803 -64.716011047 0.010552434 -0.050749827 0.791074634 0.609519541
1658133312.084189 43.775543213 -343.959014893 -64.718887329 0.011369928 -0.050460178 0.791111827 0.609480560
1658133312.280354 44.333404541 -346.106658936 -65.070739746 0.012267499 -0.047501724 0.791521490 0.609169006
1658133312.481075 44.337951660 -346.124206543 -65.073547363 0.013153744 -0.047683995 0.791858613 0.608698010
1658133312.681657 44.342620850 -346.141448975 -65.076431274 0.012711204 -0.047175206 0.791565478 0.609128118
1658133312.882401 44.914276123 -348.297180176 -65.428672791 0.012634272 -0.049214661 0.791197717 0.609446049
1658133313.084249 44.918914795 -348.314514160 -65.431488037 0.011493065 -0.047888126 0.790987134 0.609847546
1658133313.280014 45.287506104 -349.744964600 -65.669509888 0.011949626 -0.047851641 0.790971577 0.609861791
1658133313.481715 45.292022705 -349.762329102 -65.672401428 0.014368942 -0.046106216 0.790882230 0.610059917
1658133313.682847 45.672393799 -351.204071045 -65.907546997 0.015821032 -0.044515047 0.791292667 0.609609842
1658133313.883250 45.677032471 -351.221466064 -65.910377502 0.015073591 -0.045804020 0.791487396 0.609280407
1658133313.983589 45.679260254 -351.230041504 -65.911773682 0.012456166 -0.046130117 0.791365504 0.609473169
1658133314.184817 46.148803711 -353.034454346 -66.204002380 0.011915119 -0.046606198 0.791662991 0.609061241
1658133314.381164 46.152984619 -353.051574707 -66.206672668 0.014671247 -0.046057064 0.791898012 0.608737290
1658133314.581905 46.157806396 -353.069000244 -66.209419250 0.014759973 -0.047974806 0.791662693 0.608893156
1658133314.782751 46.713836670 -355.219085693 -66.546684265 0.014538455 -0.049425296 0.791473627 0.609028101
1658133314.983366 46.718261719 -355.236846924 -66.549423218 0.013241768 -0.047391709 0.791401863 0.609312654
1658133315.184253 46.722900391 -355.254150391 -66.552307129 0.013621191 -0.047870070 0.791147232 0.609597504
1658133315.381188 47.270690918 -357.398590088 -66.893348694 0.013785831 -0.050481908 0.790848732 0.609770417
1658133315.581714 47.274993896 -357.416290283 -66.896118164 0.013861800 -0.050582927 0.790844262 0.609766126
1658133315.782446 47.279479980 -357.433471680 -66.899024963 0.015816916 -0.049847495 0.791047633 0.609515131
1658133315.983230 47.832672119 -359.605712891 -67.253417969 0.006410564 -0.043304242 0.790825069 0.610474825
1658133316.184428 47.837127686 -359.623138428 -67.256210327 0.010681261 -0.047675092 0.790665507 0.610295892
1658133316.380824 48.199035645 -361.050415039 -67.488166809 0.018894486 -0.052629024 0.790791750 0.609525681
1658133316.581587 48.203552246 -361.068084717 -67.490928650 0.023103330 -0.055192817 0.790736914 0.609225094
1658133316.782875 48.208343506 -361.085632324 -67.493812561 0.019597804 -0.053856939 0.790874362 0.609289050
1658133316.983079 48.774688721 -363.255462646 -67.849082947 0.016884251 -0.052093986 0.790739834 0.609697998
1658133317.183775 48.779113770 -363.272827148 -67.851959229 0.017746031 -0.052486166 0.790659487 0.609744132
1658133317.380383 49.155334473 -364.701354980 -68.087799072 0.019611640 -0.050762210 0.790433347 0.610126078
1658133317.581167 49.159729004 -364.718566895 -68.090759277 0.018409448 -0.049773417 0.789801657 0.611062348
1658133317.882701 49.618316650 -366.524017334 -68.391525269 0.014524259 -0.054332860 0.789140165 0.611632884
1658133318.082897 49.622741699 -366.541656494 -68.394454956 0.014699390 -0.054743405 0.789723098 0.610839188
1658133318.279995 49.627288818 -366.558349609 -68.397247314 0.016928658 -0.055261541 0.789873123 0.610540748
1658133318.480975 50.170410156 -368.689392090 -68.759300232 0.019170681 -0.055328038 0.789798677 0.610564828
1658133318.681538 50.174896240 -368.706604004 -68.762268066 0.017569168 -0.055549808 0.790036261 0.610285461
1658133318.882241 50.179595947 -368.724060059 -68.765335083 0.012720534 -0.054678269 0.789820135 0.610764027
1658133319.083178 50.738433838 -370.874023438 -69.133575439 0.010670858 -0.055204313 0.789573789 0.611074388
1658133319.281433 50.742889404 -370.891052246 -69.136459351 0.016643981 -0.059074674 0.789542496 0.610619128
1658133319.481729 51.123443604 -372.322357178 -69.372329712 0.014653851 -0.070244499 0.789269984 0.609839201
1658133319.682488 51.128265381 -372.339691162 -69.375305176 0.005348232 -0.077926271 0.789900064 0.608240843
1658133319.983565 51.643768311 -374.141418457 -69.683975220 -0.007907284 -0.087784596 0.792891026 0.602955341
1658133320.184379 51.649536133 -374.158691406 -69.686752319 -0.014486942 -0.098326109 0.796870291 0.595919371
1658133320.381145 51.655242920 -374.175262451 -69.689613342 -0.020195754 -0.108688690 0.802546680 0.586257458
1658133320.581868 52.383453369 -376.262634277 -70.041168213 -0.026757447 -0.120200582 0.809810936 0.573621929
1658133320.883004 52.394104004 -376.287353516 -70.045455933 -0.037530001 -0.133670703 0.821473062 0.553087473
1658133321.085460 53.150878906 -377.974548340 -70.341514587 -0.042363517 -0.137875572 0.829966962 0.538841784
1658133321.279971 53.159423828 -377.989929199 -70.343971252 -0.038372677 -0.151990891 0.839326441 0.520535767
1658133321.481505 53.168548584 -378.005310059 -70.346656799 -0.039199870 -0.162945747 0.848650157 0.501702070
1658133321.682350 54.312225342 -379.907165527 -70.676673889 -0.040395919 -0.169556975 0.858201504 0.482813358
1658133321.882908 54.323333740 -379.921722412 -70.679206848 -0.043425448 -0.174231753 0.867960513 0.463035762
1658133322.184173 54.340972900 -379.942443848 -70.683021545 -0.048796918 -0.179580271 0.882341743 0.432253182
1658133322.380809 56.032165527 -381.919250488 -71.036849976 -0.048743509 -0.185297802 0.891625166 0.410235763
1658133322.581525 56.045471191 -381.931701660 -71.039131165 -0.051017929 -0.189914539 0.900233626 0.388470143
1658133322.782314 56.059661865 -381.943389893 -71.041145325 -0.049962722 -0.192947760 0.909608245 0.364537746
1658133322.983091 57.801544189 -383.399322510 -71.309829712 -0.050271362 -0.195405662 0.918050051 0.341282159
1658133323.279820 57.824157715 -383.414184570 -71.312774658 -0.045979869 -0.196162447 0.930580616 0.305656582
1658133323.481080 59.431579590 -384.405822754 -71.493164062 -0.043906953 -0.197779879 0.937420070 0.283194333
1658133323.681701 59.448120117 -384.414245605 -71.494834900 -0.045442834 -0.201173306 0.942912281 0.261497110
1658133323.882615 57.873748779 -383.439270020 -71.317367554 -0.048160266 -0.202100068 0.948564887 0.238874123
1658133324.084329 59.482116699 -384.428802490 -71.497756958 -0.047531094 -0.204800412 0.953522325 0.215853944
1658133324.279818 62.277313232 -385.632598877 -71.748687744 -0.047217324 -0.207317144 0.957839906 0.193217337
1658133324.480806 62.295227051 -385.637878418 -71.749877930 -0.045577612 -0.209058985 0.962031305 0.169448972
1658133324.781982 64.177032471 -386.121368408 -71.862083435 -0.046639163 -0.212754637 0.966796696 0.133657873
1658133324.982648 64.195266724 -386.124542236 -71.862953186 -0.046046264 -0.213588372 0.969601870 0.110145554
1658133325.183427 64.213806152 -386.126770020 -71.863571167 -0.042974051 -0.215087086 0.971901476 0.085430332
1658133325.380154 64.231857300 -386.128509521 -71.864311218 -0.044066675 -0.212936848 0.974007487 0.063447408
1658133325.580842 67.260101318 -386.434539795 -71.966026306 -0.046518367 -0.213569894 0.974970460 0.040701471
1658133325.882051 67.288078308 -386.433929443 -71.966575623 -0.052768689 -0.208626539 0.976519465 0.010010813
1658133326.082895 67.306518555 -386.432678223 -71.966773987 -0.052850161 -0.205096707 0.977244675 -0.011625202
1658133326.279750 69.960121155 -386.262786865 -71.977455139 -0.038142879 -0.205438837 0.977298021 -0.035051934
1658133326.481394 69.978515625 -386.260131836 -71.977371216 -0.037666988 -0.197157919 0.978170812 -0.053776152
1658133326.682281 69.996971130 -386.256866455 -71.977325439 -0.043343216 -0.187779397 0.978794992 -0.069431528
1658133326.882984 72.269416809 -385.855041504 -71.954765320 -0.048718635 -0.179815188 0.978968501 -0.083148405
1658133327.186109 72.296386719 -385.848907471 -71.954360962 -0.054004062 -0.162839726 0.980094194 -0.099910922
1658133327.380202 72.313995361 -385.844329834 -71.953872681 -0.055478279 -0.148425013 0.981379390 -0.108566321
1658133327.580749 72.331787109 -385.839721680 -71.953361511 -0.058101006 -0.138285011 0.982111692 -0.113834143
1658133327.781549 75.627662659 -384.995178223 -71.865531921 -0.057214793 -0.137547046 0.981891155 -0.117034458
1658133328.084512 75.654434204 -384.987945557 -71.864646912 -0.053289842 -0.127742618 0.983215392 -0.118868135
1658133328.279856 77.464569092 -384.471405029 -71.809463501 -0.053403214 -0.137444615 0.981792629 -0.119750932
1658133328.480978 77.482147217 -384.466064453 -71.808883667 -0.051894527 -0.147741467 0.980079174 -0.122164585
1658133328.681051 77.499740601 -384.460693359 -71.808364868 -0.051539868 -0.157295555 0.977925420 -0.127529040
1658133328.883166 79.664802551 -383.794494629 -71.737892151 -0.048687786 -0.166354910 0.975390673 -0.136266515
1658133329.183054 79.690872192 -383.785491943 -71.736717224 -0.048035413 -0.186574891 0.969182432 -0.153518036
1658133329.380480 81.458015442 -383.155609131 -71.654174805 -0.047524296 -0.197084919 0.964978933 -0.166477427
1658133329.681664 81.482864380 -383.144836426 -71.652626038 -0.044212107 -0.206952468 0.958845019 -0.189293817
1658133329.882207 81.499237061 -383.137268066 -71.651519775 -0.043753292 -0.213808402 0.953176081 -0.209348947
1658133330.083648 83.866516113 -382.045074463 -71.501007080 -0.043952409 -0.225610033 0.945645213 -0.230051011
1658133330.279669 83.881835938 -382.036193848 -71.499732971 -0.044037402 -0.231980428 0.939012766 -0.250001937
1658133330.480721 83.897003174 -382.026428223 -71.498275757 -0.042614069 -0.237934560 0.931253493 -0.272650391
1658133330.681296 85.763122559 -380.821685791 -71.329032898 -0.039629981 -0.240106940 0.923844934 -0.295446515
1658133330.983693 85.783966064 -380.804138184 -71.326538086 -0.044411879 -0.247544602 0.909669399 -0.330531061
1658133331.279529 87.460876465 -379.311584473 -71.125099182 -0.036264569 -0.242465511 0.897718728 -0.366055250
1658133331.480443 87.473052979 -379.298095703 -71.122886658 -0.025224244 -0.239571303 0.887705147 -0.392363310
1658133331.681334 88.455841064 -378.152648926 -70.952262878 -0.022789432 -0.244244501 0.875876009 -0.415531576
1658133331.882269 88.466522217 -378.137756348 -70.950035095 -0.023523564 -0.243368343 0.864974022 -0.438221931
1658133332.082737 88.476348877 -378.122558594 -70.947723389 -0.023424486 -0.236711308 0.854981065 -0.460897535
1658133332.279764 89.705139160 -376.238037109 -70.665641785 -0.019254152 -0.234822899 0.842576504 -0.484306037
1658133332.481314 89.713623047 -376.221527100 -70.663017273 -0.020181106 -0.234007731 0.829978526 -0.505933642
1658133332.682125 89.721130371 -376.204772949 -70.660354614 -0.018875595 -0.232842222 0.818201900 -0.525332212
1658133332.985582 90.774017334 -373.756805420 -70.274566650 -0.020596979 -0.230536774 0.799556851 -0.554199815
1658133333.183688 90.779266357 -373.739227295 -70.271789551 -0.019222753 -0.227356836 0.784970999 -0.575986147
1658133333.381316 91.176879883 -372.279266357 -70.036674500 -0.016693639 -0.225596279 0.770633936 -0.595777631
1658133333.581452 91.179992676 -372.261047363 -70.033653259 -0.014505417 -0.225930884 0.754485846 -0.616032422
1658133333.782717 91.182830811 -372.242675781 -70.030647278 -0.013294109 -0.223625854 0.737910450 -0.636634052
1658133333.982892 91.498107910 -369.972381592 -69.660591125 -0.013381110 -0.218806863 0.721706510 -0.656570077
1658133334.186086 91.498687744 -369.954040527 -69.657577515 -0.016079295 -0.214072064 0.705704212 -0.675200939
1658133334.380382 91.498626709 -369.935729980 -69.654464722 -0.016117247 -0.211160347 0.689735949 -0.692398667
1658133334.581230 91.487182617 -367.668823242 -69.276763916 -0.013150007 -0.206435516 0.674023986 -0.709156632
1658133334.781931 91.485260010 -367.650451660 -69.273681641 -0.016770249 -0.198656574 0.660213590 -0.724135637
1658133334.983533 91.482940674 -367.631713867 -69.270454407 -0.027355671 -0.189430878 0.647995710 -0.737203598
1658133335.183273 91.171142578 -365.361206055 -68.884506226 -0.034875225 -0.181900248 0.634190857 -0.750665069
1658133335.380173 91.167449951 -365.343505859 -68.881668091 -0.041288394 -0.174794167 0.622705102 -0.761564672
1658133335.581365 91.162963867 -365.325408936 -68.878555298 -0.048076641 -0.168700173 0.612564087 -0.770710230
1658133335.781680 91.158111572 -365.307342529 -68.875518799 -0.058928855 -0.158417627 0.604460061 -0.778498173
1658133335.982337 90.423492432 -362.359863281 -68.377838135 -0.073895924 -0.150442943 0.598038673 -0.783744872
1658133336.183550 90.418273926 -362.341857910 -68.374664307 -0.085708648 -0.134196654 0.595765710 -0.787215650
1658133336.380068 89.980895996 -360.892333984 -68.121444702 -0.085165091 -0.123642981 0.593519390 -0.790692210
1658133336.580842 89.975524902 -360.874725342 -68.118576050 -0.088313594 -0.124955498 0.591072202 -0.791972578
1658133336.781603 89.969879150 -360.857086182 -68.115493774 -0.096045077 -0.126415238 0.590478659 -0.791283488
1658133336.983039 89.964691162 -360.839477539 -68.112396240 -0.097463794 -0.126576200 0.590432703 -0.791118562
1658133337.182986 89.959594727 -360.822052002 -68.109222412 -0.096901394 -0.121607207 0.591783166 -0.790957987
1658133337.380210 88.841979980 -357.252105713 -67.488899231 -0.095915578 -0.124093816 0.591998637 -0.790530622
1658133337.580552 88.836944580 -357.234619141 -67.485778809 -0.096207857 -0.124071337 0.592758536 -0.789928973
1658133337.781345 88.831909180 -357.217315674 -67.482795715 -0.093717933 -0.125007704 0.592536807 -0.790246964
1658133337.982082 88.826934814 -357.199890137 -67.479896545 -0.093417875 -0.129101992 0.591500580 -0.790400505
1658133338.182659 87.997619629 -354.342071533 -66.982864380 -0.092807181 -0.129140005 0.591341913 -0.790584862
1658133338.380742 87.992919922 -354.324951172 -66.979965210 -0.092167795 -0.129383832 0.591308177 -0.790645003
1658133338.481486 87.990447998 -354.316314697 -66.978507996 -0.092847027 -0.128767923 0.591441572 -0.790566385
1658133338.682466 87.985595703 -354.299011230 -66.975509644 -0.092121355 -0.127653942 0.592065632 -0.790364802
1658133338.882821 87.980865479 -354.281646729 -66.972389221 -0.089775562 -0.124301843 0.593543351 -0.790060580
1658133339.084176 87.102813721 -351.086273193 -66.419845581 -0.091264591 -0.122065760 0.594787359 -0.789302766
1658133339.279126 87.098144531 -351.069458008 -66.417053223 -0.090607837 -0.122447461 0.594753623 -0.789344728
1658133339.480834 87.093505859 -351.051635742 -66.414039612 -0.088760607 -0.123850867 0.594561160 -0.789480567
1658133339.681390 87.088745117 -351.034332275 -66.411186218 -0.089916714 -0.126368403 0.592762470 -0.790302873
1658133339.882566 86.313537598 -348.186706543 -65.937828064 -0.087668501 -0.124931499 0.591918349 -0.791415870
1658133340.083314 86.308898926 -348.169281006 -65.934959412 -0.087498300 -0.126344189 0.592094302 -0.791078806
1658133340.183422 86.306396484 -348.160644531 -65.933517456 -0.087684035 -0.130173281 0.591946006 -0.790548146
1658133340.380141 86.301849365 -348.143646240 -65.930648804 -0.086716503 -0.130951405 0.591985464 -0.790496826
1658133340.580884 86.297363281 -348.126556396 -65.927932739 -0.086056650 -0.126892507 0.592577934 -0.790786922
1658133340.781744 85.443420410 -344.932189941 -65.404769897 -0.087248862 -0.126531363 0.592271447 -0.790943742
1658133340.984962 85.438446045 -344.914337158 -65.401824951 -0.096631855 -0.141309783 0.591072321 -0.788243234
1658133341.182898 85.433898926 -344.897125244 -65.399017334 -0.089504242 -0.135839716 0.591659188 -0.789605021
1658133341.379867 84.864868164 -342.757568359 -65.040084839 -0.079851799 -0.123231843 0.593670547 -0.791197181
1658133341.581219 84.860382080 -342.740112305 -65.037231445 -0.081717722 -0.125319347 0.593304873 -0.790953040
1658133341.781421 84.855590820 -342.722656250 -65.034370422 -0.089024670 -0.128883660 0.593382001 -0.789532483
1658133341.881703 84.853424072 -342.714080811 -65.033020020 -0.090591960 -0.127310470 0.593717754 -0.789357007
1658133342.082369 84.848907471 -342.696502686 -65.030029297 -0.092130192 -0.127656505 0.593404233 -0.789358735
1658133342.279508 84.844146729 -342.679626465 -65.027160645 -0.093970634 -0.130550161 0.593329430 -0.788724542
1658133342.480028 83.801666260 -338.767700195 -64.379440308 -0.094665743 -0.126592413 0.595012784 -0.788018107
1658133342.680802 83.796875000 -338.750518799 -64.376419067 -0.091804750 -0.121891268 0.596899509 -0.787670851
1658133342.881820 83.407592773 -337.327148438 -64.138351440 -0.091276273 -0.121605627 0.597520113 -0.787305892
1658133342.981752 83.405151367 -337.318298340 -64.136840820 -0.095434152 -0.124881640 0.597491622 -0.786320984
1658133343.182560 83.400451660 -337.301116943 -64.133911133 -0.094003923 -0.120712966 0.598150909 -0.786643028
1658133343.379600 83.395782471 -337.284362793 -64.131240845 -0.093569934 -0.122899257 0.596934795 -0.787279665
1658133343.580190 83.391174316 -337.266967773 -64.128448486 -0.095619395 -0.128498241 0.594705045 -0.787826896
1658133343.780919 83.386596680 -337.249694824 -64.125572205 -0.096052565 -0.129994556 0.594717205 -0.787519455
1658133343.981661 82.323638916 -333.361267090 -63.487255096 -0.095966384 -0.127892926 0.595196009 -0.787512362
1658133344.182544 82.319183350 -333.344024658 -63.484497070 -0.097422339 -0.130093604 0.595300615 -0.786893725
1658133344.380400 82.314727783 -333.326995850 -63.481712341 -0.097797580 -0.133027792 0.594819605 -0.786720395
1658133344.581020 81.753448486 -331.207000732 -63.144149780 -0.094116420 -0.133960545 0.593214929 -0.788221240
1658133344.681385 81.751098633 -331.198425293 -63.142784119 -0.094479933 -0.131904751 0.593564212 -0.788261533
1658133344.881987 81.746551514 -331.181182861 -63.140052795 -0.097076304 -0.129466653 0.593549252 -0.788361549
1658133345.083228 81.278106689 -329.406097412 -62.862327576 -0.097923152 -0.128269553 0.593662024 -0.788367569
1658133345.278828 81.273681641 -329.389190674 -62.859653473 -0.096050553 -0.129923642 0.593517959 -0.788435638
1658133345.480472 81.268920898 -329.371856689 -62.856941223 -0.094968289 -0.132350162 0.593279719 -0.788342416
1658133345.681468 81.264495850 -329.354339600 -62.854270935 -0.093926929 -0.133634567 0.593476772 -0.788102090
1658133345.881963 80.511901855 -326.508483887 -62.413383484 -0.098912150 -0.140806779 0.592587769 -0.786911428
1658133345.982731 80.509643555 -326.499328613 -62.411903381 -0.102353379 -0.146799237 0.592158139 -0.785698831
1658133346.183017 80.223876953 -325.420898438 -62.241710663 -0.092767425 -0.134465709 0.594411135 -0.787393570
1658133346.379915 80.219360352 -325.403747559 -62.238964081 -0.089092165 -0.128943205 0.595054686 -0.788255215
1658133346.580654 79.838897705 -323.969879150 -62.015968323 -0.090124130 -0.130364850 0.594619274 -0.788232565
1658133346.781697 79.834075928 -323.952606201 -62.013359070 -0.089960493 -0.131312802 0.594944358 -0.787848592
1658133346.982046 79.829666138 -323.935119629 -62.010665894 -0.091225557 -0.132087737 0.594839036 -0.787653089
1658133347.182791 79.267715454 -321.779632568 -61.674732208 -0.090413153 -0.130808651 0.595124483 -0.787744522
1658133347.278812 79.265548706 -321.771392822 -61.673431396 -0.089303941 -0.129926398 0.594868660 -0.788210213
1658133347.480309 78.984924316 -320.703094482 -61.506393433 -0.088550158 -0.130585074 0.594424486 -0.788521349
1658133347.680802 78.980331421 -320.685729980 -61.503730774 -0.091121010 -0.131280348 0.594218612 -0.788268209
1658133347.881509 78.975723267 -320.668426514 -61.500991821 -0.092587180 -0.131388441 0.593967855 -0.788268328
1658133348.082129 78.411727905 -318.526519775 -61.170734406 -0.092526920 -0.131376997 0.593749464 -0.788441777
1658133348.278737 78.407150269 -318.509643555 -61.168212891 -0.093642250 -0.134328067 0.593478024 -0.788017154
1658133348.480435 78.402725220 -318.492156982 -61.165458679 -0.095287189 -0.132767856 0.593796730 -0.787844241
1658133348.680581 77.842605591 -316.366180420 -60.842048645 -0.095185645 -0.131521001 0.593727171 -0.788118005
1658133348.781061 77.840301514 -316.357696533 -60.840827942 -0.095733881 -0.132212058 0.593545556 -0.788072824
1658133348.981658 77.835845947 -316.339996338 -60.838027954 -0.095338926 -0.131671473 0.593247592 -0.788435459
1658133349.182336 77.358413696 -314.543243408 -60.567207336 -0.095716648 -0.130995035 0.594201088 -0.787784040
1658133349.379210 77.353744507 -314.526214600 -60.564624786 -0.095857061 -0.129154265 0.594587505 -0.787779331
1658133349.580296 76.964492798 -313.098693848 -60.345558167 -0.092034563 -0.127949387 0.595117688 -0.788031459
1658133349.780877 76.960113525 -313.081207275 -60.342838287 -0.091900676 -0.126843825 0.595466554 -0.787962317
1658133349.981669 76.573623657 -311.634765625 -60.122192383 -0.092289746 -0.128940225 0.594997168 -0.787931085
1658133350.182317 76.568984985 -311.617370605 -60.119495392 -0.091645613 -0.127685115 0.595006943 -0.788203299
1658133350.381084 76.564559937 -311.600189209 -60.116821289 -0.092833653 -0.128780231 0.594542027 -0.788236916
1658133350.580841 75.991516113 -309.462219238 -59.789211273 -0.090445548 -0.128270373 0.594262898 -0.788807929
1658133350.781510 75.986999512 -309.444763184 -59.786514282 -0.090453729 -0.125844926 0.594797969 -0.788794458
1658133350.881947 75.702529907 -308.360382080 -59.620651245 -0.092898913 -0.127398446 0.594293177 -0.788641334
1658133351.082650 75.697921753 -308.342773438 -59.618041992 -0.092809662 -0.130216524 0.592916787 -0.789227366
1658133351.379870 75.229583740 -306.542053223 -59.347869873 -0.082596384 -0.126966819 0.594162703 -0.789954424
1658133351.480177 75.227279663 -306.533416748 -59.346504211 -0.080803849 -0.117470145 0.595172167 -0.790848613
1658133351.781344 74.843460083 -305.079071045 -59.126678467 -0.082292400 -0.113445230 0.596190989 -0.790515304
1658133351.881802 74.841125488 -305.070343018 -59.125392914 -0.084679514 -0.115874745 0.595711589 -0.790272236
1658133352.182771 74.454956055 -303.611785889 -58.909156799 -0.082463644 -0.123903900 0.594307721 -0.790345430
1658133352.380028 74.450546265 -303.594757080 -58.906547546 -0.079693936 -0.120460674 0.594868720 -0.790739775
1658133352.580462 74.076797485 -302.168304443 -58.692955017 -0.084228605 -0.122984670 0.594956219 -0.789814830
1658133352.781156 74.072204590 -302.150848389 -58.690368652 -0.088221841 -0.126491562 0.594441354 -0.789212465
1658133352.981855 73.700363159 -300.711700439 -58.480373383 -0.088961571 -0.124835558 0.594171226 -0.789596379
1658133353.182904 73.695678711 -300.694549561 -58.477890015 -0.089561157 -0.122790635 0.594979942 -0.789240301
1658133353.379350 73.321105957 -299.274810791 -58.265121460 -0.091061093 -0.123055093 0.595718265 -0.788470089
1658133353.680511 73.314041138 -299.249206543 -58.261367798 -0.090045780 -0.125727326 0.594451785 -0.789120793
1658133353.881660 72.840469360 -297.469024658 -57.999931335 -0.089539185 -0.127319649 0.594075918 -0.789206088
1658133354.082551 72.835800171 -297.451904297 -57.997455597 -0.089493096 -0.124024674 0.594750702 -0.789227843
1658133354.278574 72.458801270 -296.031555176 -57.796524048 -0.091595478 -0.127334058 0.593270957 -0.789573312
1658133354.579996 72.451782227 -296.005493164 -57.792877197 -0.090738900 -0.128200680 0.592661381 -0.789989531
1658133354.781686 71.976959229 -294.209747314 -57.543251038 -0.091472313 -0.122531541 0.594587445 -0.789357066
1658133354.981751 71.972274780 -294.192596436 -57.540855408 -0.088487543 -0.118675493 0.596071362 -0.789167345
1658133355.182247 71.585052490 -292.754852295 -57.342224121 -0.087882958 -0.121646926 0.596318781 -0.788595319
1658133355.379102 71.580444336 -292.737731934 -57.339828491 -0.089884132 -0.123746529 0.595467389 -0.788686454
1658133355.680329 71.111190796 -290.946838379 -57.086624146 -0.089273751 -0.119535267 0.595282555 -0.789544404
1658133355.881051 71.106643677 -290.929321289 -57.084068298 -0.090965942 -0.125221714 0.593796313 -0.789588928
1658133356.081685 70.717605591 -289.485290527 -56.882835388 -0.092172258 -0.125124037 0.594872355 -0.788654029
1658133356.280843 70.713195801 -289.468200684 -56.880367279 -0.086623095 -0.118891008 0.595043659 -0.790116727
1658133356.579580 70.249343872 -287.676269531 -56.615779877 -0.083780766 -0.115857795 0.595909834 -0.790220976
1658133356.780374 70.244720459 -287.658752441 -56.613349915 -0.090840966 -0.116876565 0.595661044 -0.789478123
1658133356.981140 69.866699219 -286.224090576 -56.416610718 -0.093399204 -0.117844403 0.595549464 -0.789119840
1658133357.181936 69.862106323 -286.206573486 -56.414257050 -0.094081841 -0.124972418 0.594444573 -0.788775086
1658133357.480674 69.386260986 -284.423034668 -56.171302795 -0.090379201 -0.128946766 0.593938351 -0.788949668
1658133357.680799 69.381820679 -284.405975342 -56.168838501 -0.088413164 -0.124577947 0.595596969 -0.788623989
1658133357.882042 69.377548218 -284.388641357 -56.166458130 -0.088669173 -0.126846731 0.595488429 -0.788315415
1658133358.082614 68.820358276 -282.256774902 -55.858249664 -0.087467000 -0.132515267 0.594849110 -0.787999868
1658133358.380092 68.813812256 -282.231292725 -55.854629517 -0.087636583 -0.132909060 0.595576048 -0.787365377
1658133358.580336 68.355209351 -280.459167480 -55.599697113 -0.088776633 -0.132786974 0.594429970 -0.788123965
1658133358.782285 68.350997925 -280.442016602 -55.597328186 -0.087359153 -0.130546108 0.594047010 -0.788945019
1658133358.982041 68.346527100 -280.424652100 -55.594905853 -0.085352808 -0.129394263 0.594581366 -0.788951874
1658133359.278416 67.694168091 -277.934906006 -55.243736267 -0.085189864 -0.129829183 0.593923271 -0.789393663
1658133359.479976 67.689849854 -277.917633057 -55.241394043 -0.085267603 -0.125545010 0.593535244 -0.790369391
1658133359.680650 67.685348511 -277.900329590 -55.238983154 -0.081582695 -0.124154620 0.593970537 -0.790651023
1658133359.881416 67.126358032 -275.753356934 -54.951896667 -0.082452960 -0.123062484 0.595094383 -0.789885879
1658133360.182332 67.119369507 -275.727111816 -54.948669434 -0.087695606 -0.123036005 0.595277607 -0.789187074
1658133360.379815 66.647430420 -273.937164307 -54.725669861 -0.087967396 -0.121202923 0.596135199 -0.788793027
1658133360.580411 66.642868042 -273.919860840 -54.723419189 -0.083895691 -0.119893804 0.595955312 -0.789572239
1658133360.881111 66.635757446 -273.893615723 -54.719848633 -0.089306749 -0.122496821 0.594758987 -0.789481223
1658133361.081798 65.966217041 -271.377929688 -54.386821747 -0.092168778 -0.122619741 0.595627785 -0.788477540
1658133361.280599 65.962341309 -271.356231689 -54.382881165 -0.084810719 -0.108575419 0.597756267 -0.789750576
1658133361.479384 65.579071045 -269.942016602 -54.187206268 -0.078569800 -0.104258649 0.597823143 -0.790926278
1658133361.780894 65.571990967 -269.916137695 -54.183876038 -0.083896905 -0.112853177 0.595939636 -0.790620983
1658133361.981580 65.567306519 -269.898376465 -54.181411743 -0.087444238 -0.112370573 0.596383333 -0.789970517
1658133362.182715 64.898284912 -267.385345459 -53.845787048 -0.088949285 -0.105485596 0.598415494 -0.789214611
1658133362.379868 64.893508911 -267.368652344 -53.843532562 -0.081827544 -0.107993394 0.596967578 -0.790741086
1658133362.681965 64.407089233 -265.581390381 -53.606704712 -0.080074020 -0.110017635 0.596158326 -0.791251957
1658133362.881954 64.402450562 -265.564025879 -53.604438782 -0.079195291 -0.111473039 0.596330047 -0.791007161
1658133363.082483 64.398010254 -265.546630859 -53.602127075 -0.080465361 -0.109636150 0.596881032 -0.790720165
1658133363.279884 64.393844604 -265.529449463 -53.599857330 -0.082650691 -0.108130805 0.596438587 -0.791035831
1658133363.580311 63.565383911 -262.313079834 -53.180358887 -0.077285081 -0.108631112 0.596073747 -0.791784346
1658133363.781105 63.560913086 -262.295776367 -53.178108215 -0.074760623 -0.105882667 0.596893966 -0.791781068
1658133363.982694 63.188430786 -260.861267090 -52.999778748 -0.077175871 -0.109343298 0.596977651 -0.791015565
1658133364.182653 63.183883667 -260.843933105 -52.997535706 -0.076935492 -0.111886807 0.596070468 -0.791367352
1658133364.479447 63.177413940 -260.818328857 -52.994331360 -0.079207301 -0.104700193 0.596538305 -0.791774094
1658133364.682098 62.537948608 -258.330047607 -52.684333801 -0.077820450 -0.109724738 0.594597876 -0.792690277
1658133364.882843 62.533432007 -258.312713623 -52.682121277 -0.077657886 -0.110371791 0.594100118 -0.792989612
1658133365.083673 62.529006958 -258.295288086 -52.679874420 -0.077543393 -0.106712319 0.595427454 -0.792505920
1658133365.278895 61.975036621 -256.172332764 -52.416713715 -0.081724666 -0.103961214 0.597629905 -0.790791810
1658133365.579918 61.968353271 -256.146575928 -52.413833618 -0.092414171 -0.130396768 0.593967915 -0.788453221
1658133365.780760 61.493865967 -254.362274170 -52.194984436 -0.092017405 -0.128146961 0.594565272 -0.788418293
1658133365.981407 61.489410400 -254.344970703 -52.192680359 -0.098282680 -0.125179797 0.596515477 -0.786663771
1658133366.182257 61.484756470 -254.327926636 -52.190299988 -0.092598140 -0.117749050 0.597634912 -0.787650526
1658133366.479794 60.836654663 -251.866790771 -51.856658936 -0.081918821 -0.105518766 0.598204970 -0.790130317
1658133366.680595 60.832321167 -251.851119995 -51.855945587 -0.082472734 -0.108240537 0.597330511 -0.790366113
1658133366.881314 60.827377319 -251.832077026 -51.852508545 -0.090742089 -0.115359016 0.598794878 -0.787339211
1658133367.082380 60.259552002 -249.690933228 -51.595088959 -0.088558443 -0.109567218 0.600269318 -0.787292302
1658133367.278092 60.254882812 -249.673919678 -51.592872620 -0.083515592 -0.106102683 0.599786580 -0.788684607
1658133367.479060 60.250274658 -249.656494141 -51.590538025 -0.081281886 -0.104637712 0.599126458 -0.789614916
1658133367.780150 59.582611084 -247.161163330 -51.277671814 -0.080469303 -0.105326258 0.597563326 -0.790790200
1658133367.980951 59.578063965 -247.143600464 -51.275588989 -0.083645247 -0.109365627 0.597462296 -0.789988160
1658133368.182279 59.573455811 -247.126296997 -51.273460388 -0.082760163 -0.112891816 0.596360624 -0.790417790
1658133368.379518 59.014175415 -244.982406616 -51.012752533 -0.083673023 -0.110607296 0.596783280 -0.790325701
1658133368.580282 59.009780884 -244.965118408 -51.010524750 -0.084108099 -0.109469295 0.597115099 -0.790187299
1658133368.781709 59.005111694 -244.947906494 -51.008247375 -0.081078514 -0.106986493 0.598066330 -0.790124655
1658133368.981783 59.000671387 -244.930465698 -51.005935669 -0.081421018 -0.108033717 0.598491013 -0.789625108
1658133369.278032 58.165893555 -241.740570068 -50.603256226 -0.086909629 -0.112307027 0.597211659 -0.789412498
1658133369.479709 58.161254883 -241.722946167 -50.600849152 -0.085190311 -0.111785933 0.596904159 -0.789906323
1658133369.680413 57.792602539 -240.295486450 -50.419010162 -0.082741909 -0.109252751 0.597023129 -0.790430903
1658133369.881562 57.788040161 -240.278091431 -50.416755676 -0.083458126 -0.109432548 0.597261131 -0.790150881
1658133370.081823 57.783477783 -240.260971069 -50.414783478 -0.084441073 -0.109219976 0.597726643 -0.789723754
1658133370.278045 57.779113770 -240.244049072 -50.412590027 -0.083096251 -0.107397646 0.597702324 -0.790134668
1658133370.479501 57.774765015 -240.226791382 -50.410652161 -0.084776916 -0.108303137 0.597281337 -0.790150881
1658133370.680244 56.846984863 -236.690689087 -49.981971741 -0.083779126 -0.108306713 0.597781718 -0.789878309
1658133370.981390 56.839706421 -236.664611816 -49.978759766 -0.086373456 -0.116187833 0.597016335 -0.789057314
1658133371.182085 56.364990234 -234.872390747 -49.759346008 -0.081930652 -0.109240614 0.597669363 -0.790028691
1658133371.378939 56.360595703 -234.855590820 -49.757274628 -0.077369273 -0.101576060 0.598178566 -0.791125000
1658133371.579764 56.355926514 -234.838317871 -49.755332947 -0.076474607 -0.101657927 0.597408473 -0.791783035
1658133371.780423 56.351516724 -234.820693970 -49.753257751 -0.079847284 -0.103984222 0.596770465 -0.791629255
1658133371.981278 55.612655640 -231.979583740 -49.420345306 -0.080243178 -0.104427338 0.596690178 -0.791591346
1658133372.181871 55.608047485 -231.962173462 -49.418205261 -0.078071676 -0.103508152 0.596844375 -0.791812956
1658133372.378749 55.603637695 -231.945327759 -49.416217804 -0.077457286 -0.102348439 0.597801983 -0.791301429
1658133372.579404 55.045700073 -229.821273804 -49.164588928 -0.079230085 -0.104351155 0.597983718 -0.790726900
1658133372.780236 55.041076660 -229.803802490 -49.162490845 -0.081005052 -0.105125926 0.598101377 -0.790355325
1658133372.982049 55.036682129 -229.786651611 -49.160583496 -0.079406463 -0.104758017 0.597886980 -0.790728509
1658133373.278600 54.393859863 -227.300018311 -48.871917725 -0.078087509 -0.106018297 0.596633196 -0.791638374
1658133373.479089 54.389221191 -227.282684326 -48.869949341 -0.078699112 -0.106729090 0.596681893 -0.791445673
1658133373.679557 54.384628296 -227.265335083 -48.868011475 -0.079243444 -0.107282192 0.596767604 -0.791251779
1658133373.880696 53.831909180 -225.127807617 -48.630126953 -0.079753317 -0.107963659 0.596704245 -0.791155696
1658133374.081578 53.827087402 -225.110488892 -48.628204346 -0.078787684 -0.108066954 0.596322119 -0.791526377
1658133374.277895 53.822753906 -225.093719482 -48.626312256 -0.078534782 -0.106787391 0.596296191 -0.791744709
1658133374.479705 53.818038940 -225.076309204 -48.624401093 -0.079423919 -0.105732955 0.596845448 -0.791383624
1658133374.680846 53.068756104 -222.240356445 -48.312347412 -0.080200791 -0.105545953 0.596634150 -0.791489542
1658133374.881111 53.064010620 -222.223007202 -48.310546875 -0.078327730 -0.105778940 0.596234679 -0.791946828
1658133375.081915 52.682540894 -220.790634155 -48.161666870 -0.079328775 -0.104699664 0.597054183 -0.791373014
1658133375.278131 52.678100586 -220.773635864 -48.159851074 -0.081716999 -0.103460200 0.597254395 -0.791141868
1658133375.479557 52.673568726 -220.756500244 -48.158149719 -0.082129173 -0.104450330 0.597451746 -0.790820122
1658133375.680329 52.113510132 -218.638061523 -47.941802979 -0.081790134 -0.105872333 0.596847177 -0.791122615
1658133375.881049 52.109146118 -218.620956421 -47.940177917 -0.083563894 -0.109463938 0.596087217 -0.791021407
1658133376.182205 52.102233887 -218.594802856 -47.937255859 -0.084406942 -0.111974575 0.596106291 -0.790565968
1658133376.379379 51.464431763 -216.115875244 -47.673461914 -0.075159073 -0.100702636 0.597229183 -0.792166352
1658133376.579724 51.460052490 -216.098434448 -47.671638489 -0.077431351 -0.098635495 0.597778618 -0.791793108
1658133376.780377 51.092529297 -214.664382935 -47.527343750 -0.080147952 -0.101739272 0.597670257 -0.791211605
1658133376.981106 51.087875366 -214.647155762 -47.525611877 -0.080108166 -0.104178637 0.597257555 -0.791209877
1658133377.181901 51.083465576 -214.629806519 -47.523780823 -0.078402922 -0.105228379 0.598465562 -0.790328383
1658133377.479532 51.076873779 -214.604309082 -47.521224976 -0.080602363 -0.111847594 0.597933114 -0.789600849
1658133377.679757 50.245208740 -211.423965454 -47.195526123 -0.078787334 -0.109124511 0.598032355 -0.790089667
1658133377.880658 50.240859985 -211.406539917 -47.193534851 -0.077337049 -0.106330499 0.597487152 -0.791025877
1658133378.081218 49.876495361 -209.973388672 -47.040302277 -0.077107124 -0.107446656 0.597185850 -0.791125000
1658133378.277954 49.872009277 -209.956268311 -47.038440704 -0.078422964 -0.110388122 0.597539961 -0.790322900
1658133378.478848 49.867614746 -209.938964844 -47.036674500 -0.076814078 -0.110294446 0.598588645 -0.789700210
1658133378.679573 49.863235474 -209.921676636 -47.034870148 -0.073875397 -0.112114176 0.598027766 -0.790149152
1658133378.880597 49.136962891 -207.087936401 -46.741531372 -0.070773937 -0.110005818 0.598244071 -0.790565491
1658133379.081266 49.132385254 -207.070678711 -46.739723206 -0.070838116 -0.110310636 0.597599089 -0.791004956
1658133379.378262 48.676712036 -205.292846680 -46.557205200 -0.071910217 -0.111540884 0.597685695 -0.790670156
1658133379.578990 48.672149658 -205.275695801 -46.555412292 -0.070800342 -0.111934617 0.597923100 -0.790535212
1658133379.780021 48.667572021 -205.258300781 -46.553520203 -0.071670629 -0.111176997 0.598285377 -0.790289640
1658133379.980484 48.663146973 -205.241104126 -46.551681519 -0.071352907 -0.107996710 0.598782718 -0.790382624
1658133380.181655 47.910491943 -202.400314331 -46.252883911 -0.073809758 -0.107039757 0.599508882 -0.789736569
1658133380.379019 47.905944824 -202.383239746 -46.251358032 -0.075568795 -0.113210723 0.598106563 -0.789772987
1658133380.581501 47.541000366 -200.956008911 -46.120429993 -0.072263524 -0.116624013 0.596912622 -0.790488541
1658133380.780536 47.536483765 -200.938812256 -46.118797302 -0.069945715 -0.119774133 0.595244586 -0.791483223
1658133380.981445 47.531845093 -200.921173096 -46.116943359 -0.078717604 -0.127673119 0.595338464 -0.789351106
1658133381.182157 46.984298706 -198.786041260 -45.912586212 -0.066621013 -0.115885578 0.597433031 -0.790699661
1658133381.481106 46.977600098 -198.760635376 -45.910003662 -0.057047624 -0.113535546 0.597301543 -0.791887701
1658133381.679868 46.514389038 -196.987136841 -45.730895996 -0.063180491 -0.118605599 0.597834826 -0.790274918
1658133381.880730 46.509857178 -196.969940186 -45.729183197 -0.066706717 -0.117951803 0.599628687 -0.788722396
1658133382.081648 46.505401611 -196.952758789 -45.727447510 -0.065274380 -0.120104395 0.599440753 -0.788660228
1658133382.277608 46.501205444 -196.936065674 -45.725864410 -0.060408417 -0.120525531 0.599313736 -0.789080143
1658133382.478959 45.772201538 -194.121994019 -45.444549561 -0.057400610 -0.115543477 0.599140823 -0.790180445
1658133382.680044 45.767745972 -194.104675293 -45.442939758 -0.058792308 -0.112052165 0.596923828 -0.792256117
1658133382.880505 45.388259888 -192.672119141 -45.314487457 -0.062156186 -0.113062143 0.594970465 -0.793324471
1658133383.081229 45.383834839 -192.654708862 -45.312927246 -0.069537163 -0.113585547 0.595580518 -0.792178452
1658133383.279087 45.379211426 -192.638015747 -45.311447144 -0.071822569 -0.111568466 0.595395565 -0.792400301
1658133383.479586 45.374618530 -192.620635986 -45.309673309 -0.069632083 -0.110007741 0.596032441 -0.792335212
1658133383.780043 44.508819580 -189.425140381 -45.003555298 -0.069616325 -0.112330146 0.596211553 -0.791875839
1658133383.980746 44.504074097 -189.407913208 -45.001743317 -0.068823397 -0.111598790 0.596436441 -0.791879237
1658133384.181389 44.119567871 -187.989761353 -44.859931946 -0.067161173 -0.106910117 0.598155439 -0.791372001
1658133384.378215 44.115173340 -187.972976685 -44.858299255 -0.066444837 -0.103897445 0.598753810 -0.791381299
1658133384.581331 44.110580444 -187.955657959 -44.856651306 -0.066607729 -0.104690760 0.598638356 -0.791350424
1658133384.779695 44.105926514 -187.938400269 -44.855026245 -0.065560818 -0.104578130 0.598606706 -0.791476667
1658133384.981831 43.358215332 -185.106765747 -44.589920044 -0.065247625 -0.105543688 0.598192453 -0.791687548
1658133385.181614 43.353713989 -185.089141846 -44.588325500 -0.066531315 -0.109219424 0.596887469 -0.792066991
1658133385.378026 42.976440430 -183.662689209 -44.461349487 -0.065778419 -0.110197179 0.597437620 -0.791579485
1658133385.580396 42.972183228 -183.645431519 -44.459747314 -0.064696044 -0.105524078 0.598186493 -0.791739941
1658133385.779851 42.967498779 -183.628021240 -44.457954407 -0.060451411 -0.104531698 0.597296476 -0.792878151
1658133385.981132 42.409637451 -181.472747803 -44.254394531 -0.062471911 -0.114528321 0.595677674 -0.792558372
1658133386.180879 42.405303955 -181.455490112 -44.252716064 -0.057727266 -0.108390108 0.596643388 -0.793054700
1658133386.380768 42.032073975 -180.041061401 -44.117172241 -0.059499640 -0.106558897 0.597468793 -0.792550325
1658133386.579558 42.027877808 -180.023880005 -44.115715027 -0.060631394 -0.106516510 0.598896563 -0.791391790
1658133386.881059 42.020996094 -179.997741699 -44.113296509 -0.060237903 -0.110147722 0.596908867 -0.792425811
1658133387.081354 41.376739502 -177.510986328 -43.889129639 -0.060522575 -0.112308435 0.596818030 -0.792169213
1658133387.277441 41.372726440 -177.494232178 -43.887683868 -0.062058315 -0.111813396 0.597015738 -0.791971445
1658133387.479138 41.010620117 -176.091110229 -43.762470245 -0.063833401 -0.107308917 0.598165035 -0.791586161
1658133387.679735 41.006042480 -176.073898315 -43.760932922 -0.066365227 -0.110241748 0.597776175 -0.791268647
1658133387.880420 41.001586914 -176.056777954 -43.759384155 -0.067562409 -0.110354997 0.598884404 -0.790313005
1658133388.081163 40.441696167 -173.936721802 -43.569259644 -0.064924784 -0.109031774 0.599342465 -0.790370464
1658133388.277303 40.437225342 -173.920150757 -43.567710876 -0.060210302 -0.110345833 0.598722100 -0.791031241
1658133388.478685 40.432769775 -173.902740479 -43.566200256 -0.062613793 -0.109728359 0.598596811 -0.791025341
1658133388.679673 39.878204346 -171.794723511 -43.384223938 -0.069203891 -0.114471711 0.597436845 -0.790680885
1658133388.880268 39.873428345 -171.777557373 -43.382675171 -0.067337170 -0.118867472 0.596521914 -0.790884197
1658133389.080990 39.495300293 -170.352172852 -43.252773285 -0.062079091 -0.114970669 0.598023474 -0.790756524
1658133389.279278 39.490768433 -170.335418701 -43.251228333 -0.062866710 -0.113083556 0.598559320 -0.790561020
1658133389.478499 39.486175537 -170.318038940 -43.249542236 -0.065443993 -0.108609453 0.599077642 -0.790586591
1658133389.680127 38.921493530 -168.210342407 -43.058715820 -0.060244378 -0.106766112 0.598334253 -0.791813016
1658133389.880037 38.916748047 -168.193038940 -43.057231903 -0.059826225 -0.110293545 0.598180354 -0.791477382
1658133390.081896 38.912368774 -168.175704956 -43.055915833 -0.063858412 -0.107036136 0.598922849 -0.791047871
1658133390.277202 38.350967407 -166.055587769 -42.889305115 -0.065656900 -0.107577801 0.598558664 -0.791102946
1658133390.479100 38.346435547 -166.038192749 -42.887874603 -0.065223128 -0.107629746 0.598036349 -0.791526556
1658133390.680719 37.968200684 -164.607727051 -42.770122528 -0.058402088 -0.104504779 0.597988725 -0.792513371
1658133390.879874 37.963516235 -164.590301514 -42.768753052 -0.060235318 -0.105133742 0.598696470 -0.791758358
1658133390.980063 37.961151123 -164.581405640 -42.768146515 -0.066362411 -0.111644782 0.598758817 -0.790328681
1658133391.279443 37.384429932 -162.438766479 -42.598472595 -0.063497841 -0.100369923 0.600220442 -0.790967345
1658133391.478057 37.380004883 -162.421890259 -42.597122192 -0.052904606 -0.092787914 0.599656641 -0.793097436
1658133391.680239 37.005683899 -160.985977173 -42.480941772 -0.050726850 -0.095644042 0.598754525 -0.793581784
1658133391.779049 37.003250122 -160.977157593 -42.480220795 -0.051208071 -0.098283507 0.598375618 -0.793514192
1658133391.979720 36.998756409 -160.959930420 -42.479019165 -0.055922884 -0.102449812 0.597833812 -0.793077230
1658133392.180470 36.994102478 -160.942810059 -42.477817535 -0.055817470 -0.108848780 0.596976519 -0.792877972
1658133392.378621 36.339973450 -158.454116821 -42.296516418 -0.053604875 -0.111260727 0.596100807 -0.793354511
1658133392.579346 36.335594177 -158.436859131 -42.295314789 -0.050149903 -0.115565903 0.594378710 -0.794256628
1658133392.779907 36.331214905 -158.419647217 -42.293880463 -0.052178562 -0.113741927 0.594718575 -0.794134796
1658133392.980641 35.785209656 -156.291961670 -42.132164001 -0.055606537 -0.114370786 0.593461514 -0.794752061
1658133393.182033 35.780899048 -156.274749756 -42.130805969 -0.057489157 -0.106581405 0.592754304 -0.796227276
1658133393.379315 35.776557922 -156.257980347 -42.129409790 -0.062472563 -0.097951315 0.594641566 -0.795552790
1658133393.578935 35.228660583 -154.143585205 -41.962642670 -0.060379688 -0.103174888 0.595956922 -0.794068396
1658133393.779986 35.223846436 -154.126434326 -41.961235046 -0.059338331 -0.103874840 0.597194791 -0.793125153
1658133393.980384 35.219299316 -154.109115601 -41.959693909 -0.057706837 -0.098119460 0.598088682 -0.793304861
1658133394.181176 34.653015137 -151.967056274 -41.773761749 -0.058379579 -0.093828067 0.599660516 -0.792587757
1658133394.276954 34.650718689 -151.958847046 -41.773105621 -0.057781972 -0.091947071 0.599719048 -0.792807758
1658133394.478496 34.646209717 -151.941589355 -41.771621704 -0.055729173 -0.090520270 0.599827707 -0.793036699
1658133394.779477 34.082199097 -149.807266235 -41.596363068 -0.055972390 -0.093487568 0.598358095 -0.793785095
1658133394.980215 34.077529907 -149.790145874 -41.594978333 -0.055615351 -0.091537707 0.598621249 -0.793839097
1658133395.180908 34.072959900 -149.772430420 -41.593528748 -0.056584951 -0.088232748 0.600300372 -0.792876124
1658133395.379678 33.501998901 -147.641662598 -41.417655945 -0.054286644 -0.084251791 0.601208985 -0.792781413
1658133395.578489 33.497238159 -147.624267578 -41.416381836 -0.053507973 -0.087331630 0.601101637 -0.792582452
1658133395.678905 33.209426880 -146.551834106 -41.339653015 -0.054020111 -0.089071937 0.600100636 -0.793112397
1658133395.880413 33.204856873 -146.534454346 -41.338493347 -0.063857891 -0.099451542 0.598962426 -0.792007327
1658133396.080787 33.200050354 -146.517181396 -41.337135315 -0.065085396 -0.099607363 0.599620700 -0.791389525
1658133396.277038 32.638679504 -144.396713257 -41.169551849 -0.057073008 -0.085031539 0.600982487 -0.792674184
1658133396.478168 32.634010315 -144.379562378 -41.168121338 -0.057878438 -0.077690125 0.601747990 -0.792788684
1658133396.680546 32.254371643 -142.956817627 -41.057548523 -0.060398541 -0.082786918 0.601036668 -0.792624295
1658133396.879553 32.249778748 -142.939544678 -41.056339264 -0.062243003 -0.090161622 0.600385189 -0.792170644
1658133397.080576 32.245117188 -142.922561646 -41.054977417 -0.060840029 -0.087840043 0.600830615 -0.792202771
1658133397.276896 32.240554810 -142.905761719 -41.053668976 -0.059463821 -0.087657437 0.601593554 -0.791748345
1658133397.477812 31.494064331 -140.093414307 -40.839607239 -0.057677690 -0.086394370 0.601168692 -0.792341769
1658133397.678813 31.489547729 -140.076202393 -40.838352203 -0.058757685 -0.086499065 0.600917816 -0.792441308
1658133397.778884 31.487380981 -140.067687988 -40.837749481 -0.059027523 -0.089949153 0.600862384 -0.792079151
1658133397.979600 31.482894897 -140.050552368 -40.836677551 -0.063237056 -0.096512482 0.600387454 -0.791341543
1658133398.180719 30.844833374 -137.577102661 -40.660297394 -0.056380656 -0.092590466 0.600352585 -0.792354107
1658133398.378144 30.840545654 -137.560058594 -40.659137726 -0.061919369 -0.097058967 0.599650204 -0.791937590
1658133398.578996 30.483581543 -136.150100708 -40.567504883 -0.065617017 -0.096395761 0.599954367 -0.791490376
1658133398.880158 30.476585388 -136.124481201 -40.565803528 -0.057867855 -0.103578053 0.599760652 -0.791334331
1658133399.080724 30.017005920 -134.352279663 -40.447292328 -0.054430656 -0.098608278 0.600481272 -0.791666567
1658133399.276683 30.012680054 -134.335418701 -40.446105957 -0.052026168 -0.092276789 0.600323915 -0.792710245
1658133399.477485 30.008270264 -134.318374634 -40.445121765 -0.054927647 -0.092302613 0.600303531 -0.792526901
1658133399.678183 29.466201782 -132.200561523 -40.305755615 -0.056430981 -0.094662301 0.599591017 -0.792682350
1658133399.879118 29.461616516 -132.183502197 -40.304634094 -0.055168990 -0.095884643 0.599129260 -0.792973340
1658133400.079730 29.457168579 -132.166397095 -40.303485870 -0.054209352 -0.095497489 0.598657548 -0.793442428
1658133400.276770 28.908409119 -130.051696777 -40.158767700 -0.054844417 -0.094327815 0.599171758 -0.793150485
1658133400.478287 28.903938293 -130.034240723 -40.157550812 -0.058552686 -0.092957668 0.600341201 -0.792162180
1658133400.678922 28.899299622 -130.016906738 -40.156330109 -0.055906769 -0.089972593 0.601080418 -0.792137444
1658133400.879578 28.337806702 -127.878890991 -40.013141632 -0.054713115 -0.093464166 0.599803627 -0.792784035
1658133400.979934 28.335662842 -127.870170593 -40.012718201 -0.059441615 -0.098613158 0.600455105 -0.791325390
1658133401.276700 27.966575623 -126.445686340 -39.918468475 -0.052668985 -0.086711876 0.600995302 -0.792787313
1658133401.477865 27.962059021 -126.428436279 -39.917297363 -0.044783842 -0.080745757 0.601022124 -0.793880939
1658133401.678672 27.587379456 -124.992691040 -39.828514099 -0.044904251 -0.078878149 0.600901186 -0.794153392
1658133401.779054 27.584999084 -124.983955383 -39.827995300 -0.047503546 -0.081194595 0.600794137 -0.793849707
1658133401.979793 27.580627441 -124.966690063 -39.827053070 -0.049731776 -0.080956466 0.600002229 -0.794336379
1658133402.180580 27.115768433 -123.187980652 -39.721889496 -0.049743958 -0.078094676 0.599777520 -0.794791639
1658133402.377452 27.111274719 -123.171058655 -39.720775604 -0.048998620 -0.080378741 0.598242760 -0.795766294
1658133402.578481 27.106529236 -123.153656006 -39.719589233 -0.050621673 -0.088390715 0.594934285 -0.797294021
1658133402.778973 26.532608032 -121.019287109 -39.576938629 -0.057538595 -0.092338659 0.594719529 -0.796537220
1658133402.979831 26.528228760 -121.001914978 -39.575561523 -0.060473919 -0.088037588 0.598826826 -0.793724597
1658133403.180534 26.146545410 -119.575897217 -39.462829590 -0.049031362 -0.080755390 0.599427581 -0.794834077
1658133403.376977 26.141799927 -119.558868408 -39.461585999 -0.042761818 -0.081794746 0.600690782 -0.794135809
1658133403.578320 25.768829346 -118.139328003 -39.370639801 -0.042546727 -0.085993335 0.599696279 -0.794455409
1658133403.778462 25.764389038 -118.121841431 -39.369514465 -0.051826425 -0.092392914 0.598324358 -0.794220150
1658133403.979205 25.759941101 -118.104522705 -39.368537903 -0.057436619 -0.093986183 0.599450350 -0.792796969
1658133404.179965 25.214874268 -115.961265564 -39.234184265 -0.054617874 -0.089652471 0.601054788 -0.792283058
1658133404.377957 25.210433960 -115.944206238 -39.232887268 -0.050912607 -0.083953395 0.602886081 -0.791762710
1658133404.578674 25.206047058 -115.927154541 -39.231803894 -0.046434596 -0.081674755 0.603440106 -0.791854203
1658133404.779493 24.653991699 -113.809158325 -39.092231750 -0.047642767 -0.084019102 0.603587449 -0.791424751
1658133404.980550 24.649803162 -113.791694641 -39.091194153 -0.052903198 -0.085157834 0.603938043 -0.790701151
1658133405.180899 24.276168823 -112.361572266 -39.006099701 -0.053613227 -0.083523616 0.604252994 -0.790586948
1658133405.377037 24.271736145 -112.344741821 -39.004974365 -0.049933676 -0.083782129 0.603144825 -0.791646063
1658133405.577945 24.267356873 -112.327514648 -39.003936768 -0.044392955 -0.082345583 0.602634430 -0.792515159
1658133405.778433 23.709732056 -110.214797974 -38.880100250 -0.049218610 -0.083375707 0.602757752 -0.792028487
1658133405.979405 23.705230713 -110.197402954 -38.879295349 -0.058660731 -0.091025047 0.601572573 -0.791444063
1658133406.179943 23.329833984 -108.769050598 -38.810619354 -0.056580245 -0.089139968 0.600843251 -0.792363644
1658133406.378286 23.325500488 -108.752395630 -38.809806824 -0.052523091 -0.082264729 0.601087093 -0.793201268
1658133406.477844 23.323196411 -108.743690491 -38.809249878 -0.050794482 -0.077730551 0.601221323 -0.793669224
1658133406.679364 22.862312317 -106.986640930 -38.716129303 -0.053019725 -0.076004937 0.601510465 -0.793471754
1658133406.879374 22.857955933 -106.969490051 -38.715278625 -0.058252580 -0.076029047 0.602918565 -0.792032480
1658133407.080167 22.853363037 -106.952552795 -38.714523315 -0.061052173 -0.081929840 0.602514803 -0.791540384
1658133407.276536 22.293014526 -104.848091125 -38.603794098 -0.060559351 -0.085075155 0.601707160 -0.791860640
1658133407.477746 22.288658142 -104.830978394 -38.602737427 -0.059293762 -0.078870714 0.601573288 -0.792700052
1658133407.678378 21.926803589 -103.417228699 -38.522800446 -0.060220782 -0.084884949 0.600311458 -0.792965412
1658133407.879258 21.922065735 -103.400077820 -38.521778107 -0.057902869 -0.088946730 0.599454463 -0.793341160
1658133407.979542 21.919975281 -103.391532898 -38.521289825 -0.057853315 -0.085672133 0.600774944 -0.792706013
1658133408.180374 21.459121704 -101.623466492 -38.412185669 -0.054673284 -0.079007216 0.601577282 -0.793015420
1658133408.377093 21.454658508 -101.606460571 -38.411231995 -0.050444398 -0.082382351 0.600006938 -0.794141233
1658133408.580235 21.906547546 -103.340347290 -38.518325806 -0.054546051 -0.087955959 0.598423958 -0.794466674
1658133408.778900 20.889007568 -99.466926575 -38.292953491 -0.059144165 -0.090893075 0.598410487 -0.793816924
1658133408.979501 20.884689331 -99.449882507 -38.291744232 -0.059287876 -0.084965013 0.600695431 -0.792736351
1658133409.180704 20.880203247 -99.432907104 -38.290733337 -0.052959569 -0.082764044 0.601335943 -0.792931616
1658133409.376977 20.340545654 -97.321289062 -38.152824402 -0.051146708 -0.087640330 0.600872755 -0.792877734
1658133409.577611 20.336112976 -97.304031372 -38.151847839 -0.057199769 -0.094236948 0.601207197 -0.791452825
1658133409.778538 20.331466675 -97.286849976 -38.150672913 -0.055053588 -0.091584511 0.602834940 -0.790677905
1658133409.979051 19.789596558 -95.165466309 -38.021621704 -0.051384743 -0.092241645 0.603722572 -0.790171027
1658133410.079984 19.787437439 -95.156806946 -38.021080017 -0.050883554 -0.092679851 0.604490101 -0.789565146
1658133410.277074 19.782966614 -95.139984131 -38.020214081 -0.051685371 -0.096999869 0.605109215 -0.788519144
1658133410.478059 19.339347839 -93.371795654 -37.927764893 -0.051656235 -0.097786643 0.603787541 -0.789436519
1658133410.680707 19.335189819 -93.354660034 -37.927009583 -0.049056839 -0.095488489 0.602475703 -0.790884554
1658133410.879997 19.330711365 -93.337478638 -37.926204681 -0.050839156 -0.097276233 0.600601435 -0.791979015
1658133411.081890 18.781196594 -91.202789307 -37.827163696 -0.056757703 -0.101511814 0.600457788 -0.791153908
1658133411.276379 18.777099609 -91.186195374 -37.826229095 -0.051097196 -0.089417584 0.602628767 -0.791348398
1658133411.377718 18.774475098 -91.177635193 -37.825798035 -0.049917571 -0.089197449 0.602324128 -0.791680336
1658133411.579134 18.309623718 -89.421707153 -37.738220215 -0.051708385 -0.093170896 0.601272881 -0.791906774
1658133411.778907 18.305229187 -89.404380798 -37.737445831 -0.052752696 -0.096607506 0.599707901 -0.792612493
1658133411.980342 18.300689697 -89.387413025 -37.736679077 -0.051925372 -0.097299896 0.598563492 -0.793447077
1658133412.180430 17.742546082 -87.263389587 -37.636966705 -0.052642651 -0.096651919 0.599035740 -0.793122530
1658133412.377216 17.738235474 -87.246498108 -37.636116028 -0.052648414 -0.095207751 0.599294305 -0.793101609
1658133412.479457 17.735717773 -87.237976074 -37.635597229 -0.051722404 -0.094610028 0.599348664 -0.793192923
1658133412.678381 17.278961182 -85.487091064 -37.548339844 -0.053753894 -0.093060404 0.599365830 -0.793228090
1658133412.879199 17.274665833 -85.469863892 -37.547328949 -0.053884003 -0.091427527 0.599459291 -0.793338597
1658133413.080058 17.270210266 -85.452629089 -37.546443939 -0.055201638 -0.093700349 0.600025535 -0.792554319
1658133413.276190 17.265800476 -85.435829163 -37.545673370 -0.054351415 -0.095130630 0.599484801 -0.792851925
1658133413.477950 16.528404236 -82.619285583 -37.404926300 -0.052866694 -0.094191365 0.599196494 -0.793282211
1658133413.678244 16.524131775 -82.602020264 -37.404067993 -0.051844865 -0.094605744 0.599145114 -0.793339133
1658133413.878931 16.519622803 -82.585006714 -37.403320312 -0.054382604 -0.096697323 0.599722981 -0.792480052
1658133413.979595 16.064445496 -80.820579529 -37.318981171 -0.055958573 -0.097342342 0.599869907 -0.792180121
1658133414.180985 16.060012817 -80.803382874 -37.318126678 -0.056088388 -0.096644014 0.599704087 -0.792381942
1658133414.376514 16.055679321 -80.786621094 -37.317470551 -0.060006380 -0.098699860 0.599739850 -0.791814148
1658133414.578144 16.051250458 -80.769538879 -37.316654205 -0.059389930 -0.097419083 0.599333882 -0.792326570
1658133414.777992 15.322853088 -77.961807251 -37.183040619 -0.057351608 -0.095096208 0.598519146 -0.793374002
1658133414.878423 15.320720673 -77.953254700 -37.182609558 -0.056789320 -0.093267791 0.598173261 -0.793892264
1658133415.079180 15.316131592 -77.935569763 -37.181716919 -0.059370037 -0.095450670 0.598091066 -0.793505847
1658133415.276159 14.850910187 -76.171043396 -37.100067139 -0.060551722 -0.092871375 0.597976804 -0.793808639
1658133415.477807 14.846496582 -76.153793335 -37.099250793 -0.062917292 -0.091229461 0.598305762 -0.793567181
1658133415.577353 14.844173431 -76.145294189 -37.098827362 -0.062012922 -0.090671808 0.598662138 -0.793433487
1658133415.778936 14.839675903 -76.128120422 -37.097995758 -0.058179203 -0.090442732 0.598444879 -0.793913722
1658133415.979037 14.181461334 -73.631919861 -36.981052399 -0.065584071 -0.103576452 0.598165095 -0.791940153
1658133416.182210 14.176834106 -73.615043640 -36.980155945 -0.057018682 -0.090669774 0.600163639 -0.792673707
1658133416.377456 14.172679901 -73.597686768 -36.979148865 -0.052870076 -0.085355870 0.600861669 -0.793022335
1658133416.578291 13.616645813 -71.481613159 -36.873214722 -0.052526653 -0.086627729 0.600625634 -0.793086052
1658133416.678653 13.614299774 -71.473121643 -36.872837067 -0.053250238 -0.087523825 0.600368977 -0.793133736
1658133416.879205 13.609836578 -71.455741882 -36.872135162 -0.056164201 -0.091250494 0.599514902 -0.793158829
1658133417.080453 13.605209351 -71.438446045 -36.871280670 -0.056677721 -0.091162272 0.599557877 -0.793099940
1658133417.277304 13.600818634 -71.421798706 -36.870571136 -0.057246428 -0.090229124 0.599599481 -0.793134272
1658133417.377204 13.598621368 -71.412994385 -36.870185852 -0.057745174 -0.090490878 0.600014806 -0.792754173
1658133417.578105 12.654487610 -67.887329102 -36.719654083 -0.060004596 -0.089135356 0.600694239 -0.792225182
1658133417.778875 12.650108337 -67.870178223 -36.718814850 -0.055762917 -0.087264113 0.600842178 -0.792631209
1658133417.879186 12.647735596 -67.861518860 -36.718360901 -0.054126222 -0.087060384 0.600400627 -0.793101490
1658133418.079722 12.189620972 -66.080261230 -36.636859894 -0.054244421 -0.086311176 0.600289166 -0.793259621
1658133418.276664 12.185363770 -66.063560486 -36.636249542 -0.054804940 -0.086071275 0.599902689 -0.793539524
1658133418.376997 12.182834625 -66.054611206 -36.635772705 -0.055726442 -0.088397726 0.599977791 -0.793162704
1658133418.577783 12.178462982 -66.037269592 -36.635063171 -0.056294404 -0.087304905 0.600479603 -0.792863905
1658133418.778487 12.173831940 -66.020202637 -36.634399414 -0.055392671 -0.086760037 0.601245284 -0.792406797
1658133418.979089 11.337776184 -62.830417633 -36.498252869 -0.054355025 -0.089074507 0.601306438 -0.792175353
1658133419.080614 11.335655212 -62.821884155 -36.497959137 -0.053006478 -0.088952422 0.601078629 -0.792453349
1658133419.276700 11.331233978 -62.804752350 -36.497169495 -0.050418980 -0.088296413 0.601436734 -0.792423904
1658133419.376704 10.966785431 -61.393623352 -36.439876556 -0.050824292 -0.089355454 0.601664901 -0.792105973
1658133419.577568 10.962253571 -61.376464844 -36.439327240 -0.051683031 -0.090765275 0.601070881 -0.792341113
1658133419.778204 10.957836151 -61.359115601 -36.438793182 -0.053495791 -0.092320673 0.600613713 -0.792387724
1658133419.978938 10.953136444 -61.341640472 -36.438068390 -0.053947128 -0.093410552 0.600373983 -0.792411089
1658133420.081423 10.951095581 -61.333244324 -36.437801361 -0.051513508 -0.091446243 0.600109160 -0.793002486
1658133420.275869 10.946430206 -61.316402435 -36.437175751 -0.052059889 -0.090293109 0.600449979 -0.792841017
1658133420.377346 10.029357910 -57.792392731 -36.320606232 -0.056144927 -0.087696575 0.601577997 -0.791998088
1658133420.577487 10.025417328 -57.774986267 -36.319976807 -0.063697517 -0.075553864 0.603614867 -0.791127861
1658133420.778060 9.676204681 -56.335113525 -36.275264740 -0.073959760 -0.064379126 0.606506348 -0.789009094
1658133420.878932 9.674388885 -56.326263428 -36.274856567 -0.082333468 -0.061968289 0.607800901 -0.787374914
1658133421.079972 9.670558929 -56.308570862 -36.274059296 -0.094809316 -0.055381913 0.614520311 -0.781222701
1658133421.275765 9.284614563 -54.503726959 -36.192756653 -0.092798233 -0.041398659 0.623399436 -0.775272727
1658133421.579108 9.280635834 -54.477489471 -36.191646576 -0.095955677 -0.024229592 0.637246013 -0.764279425
1658133421.678276 9.279380798 -54.468658447 -36.191204071 -0.100757718 -0.020092312 0.642438471 -0.759418964
1658133421.879721 8.992256165 -52.271759033 -36.099185944 -0.113968477 -0.013080047 0.655132711 -0.746753812
1658133421.978564 8.991710663 -52.262760162 -36.098785400 -0.119116485 -0.010744272 0.662618339 -0.739346206
1658133422.181379 8.950340271 -51.151405334 -36.056060791 -0.125698417 -0.003124781 0.678985357 -0.723304331
1658133422.377114 8.950393677 -51.133888245 -36.055320740 -0.129423827 0.002676096 0.696211278 -0.706068158
1658133422.577847 8.952136993 -51.116271973 -36.054443359 -0.133975700 0.013074137 0.715704620 -0.685307682
1658133422.778622 9.110538483 -48.935794830 -35.967796326 -0.130969599 0.028477840 0.735926628 -0.663662553
1658133422.878931 9.112209320 -48.927085876 -35.967361450 -0.130811155 0.034776855 0.745719373 -0.652366281
1658133423.080030 9.116210938 -48.909843445 -35.966621399 -0.136303738 0.040928662 0.764657259 -0.628526509
1658133423.275600 9.567195892 -47.136646271 -35.891380310 -0.140832901 0.045003872 0.783737361 -0.603238344
1658133423.376963 9.570121765 -47.128280640 -35.890953064 -0.139042094 0.047317259 0.794581711 -0.589124978
1658133423.577700 9.577331543 -47.111915588 -35.889953613 -0.129575804 0.054106433 0.816274762 -0.560337603
1658133423.778545 10.328960419 -45.417434692 -35.810214996 -0.123228893 0.053354729 0.834846139 -0.533853769
1658133423.979281 10.338169098 -45.402011871 -35.809585571 -0.118770130 0.050259925 0.851623118 -0.508041024
1658133424.079512 10.343364716 -45.394634247 -35.809150696 -0.116181478 0.048345268 0.859730184 -0.495003700
1658133424.275698 11.373840332 -43.848541260 -35.742187500 -0.113237694 0.051587079 0.874862134 -0.468115598
1658133424.477093 11.385784149 -43.835174561 -35.741344452 -0.110715263 0.063620940 0.889337063 -0.439060479
1658133424.678186 11.398334503 -43.822326660 -35.740570068 -0.104617149 0.070158884 0.902951896 -0.410866171
1658133424.778161 12.679126740 -42.466476440 -35.668972015 -0.101690516 0.070227019 0.909571111 -0.396746308
1658133424.978951 12.693069458 -42.455032349 -35.668331146 -0.096815974 0.071221627 0.922085643 -0.367848217
1658133425.179693 12.708000183 -42.444114685 -35.667598724 -0.095354840 0.077640295 0.933702886 -0.336271465
1658133425.376564 14.520250320 -41.109317780 -35.592121124 -0.089414462 0.082316585 0.944678009 -0.304651529
1658133425.477490 14.528343201 -41.104869843 -35.591682434 -0.083755396 0.082304597 0.950239420 -0.288541287
1658133425.677576 15.537757874 -40.571018219 -35.557575226 -0.077878423 0.077709734 0.959923446 -0.257765651
1658133425.878375 15.554625511 -40.563915253 -35.557033539 -0.076787531 0.073285505 0.967585862 -0.229152054
1658133426.079149 15.571836472 -40.557483673 -35.556716919 -0.074844144 0.068166368 0.974837780 -0.198602617
1658133426.179626 15.580470085 -40.554603577 -35.556587219 -0.072407633 0.068375327 0.977741003 -0.184673965
1658133426.376383 18.079336166 -39.677356720 -35.490592957 -0.060871094 0.064598858 0.983282864 -0.158986002
1658133426.577099 18.097290039 -39.673484802 -35.490261078 -0.055571627 0.054438010 0.987760842 -0.135191962
1658133426.777761 18.115255356 -39.670448303 -35.489887238 -0.049365427 0.046504404 0.991220713 -0.113499083
1658133426.878070 19.979837418 -39.312366486 -35.458244324 -0.048348904 0.041874956 0.992550492 -0.103693917
1658133427.078778 19.998157501 -39.310188293 -35.458026886 -0.046709824 0.029172283 0.994763136 -0.086101338
1658133427.275512 20.016134262 -39.308643341 -35.457828522 -0.044955768 0.017489336 0.996369421 -0.070151083
1658133427.376041 20.025461197 -39.308326721 -35.457752228 -0.044981994 0.012266316 0.996928811 -0.062921911
1658133427.576805 22.658603668 -39.108219147 -35.430736542 -0.042617027 0.000451198 0.997821152 -0.050363526
1658133427.777559 22.676853180 -39.107551575 -35.430644989 -0.042912640 -0.013082854 0.998175859 -0.040403523
1658133427.878002 22.686130524 -39.107574463 -35.430580139 -0.042519685 -0.019715846 0.998232722 -0.036535863
1658133428.078642 24.573339462 -39.072154999 -35.417503357 -0.040810239 -0.032541621 0.998149097 -0.031208755
1658133428.276303 24.591089249 -39.072006226 -35.417297363 -0.038282678 -0.036870774 0.998171866 -0.028773474
1658133428.477272 24.608802795 -39.072307587 -35.417194366 -0.035280097 -0.033709738 0.998429000 -0.027541870
1658133428.578033 24.618198395 -39.072380066 -35.417140961 -0.038580667 -0.029647654 0.998469770 -0.026282340
1658133428.778362 27.209241867 -39.098735809 -35.398410797 -0.042195283 -0.021687781 0.998573422 -0.024502153
1658133428.979275 27.226934433 -39.099277496 -35.398399353 -0.042879805 -0.012111750 0.998828590 -0.018871514
1658133429.180007 27.244913101 -39.099872589 -35.398262024 -0.042054933 -0.001497112 0.999061286 -0.010286737
1658133429.377134 29.426727295 -39.192024231 -35.388923645 -0.041982360 0.009003368 0.999077737 0.000309123
1658133429.478803 29.435644150 -39.192588806 -35.388824463 -0.041520838 0.013258096 0.999031663 0.006008747
1658133429.678107 29.453248978 -39.194137573 -35.388881683 -0.039432026 0.021378821 0.998783410 0.020490391
1658133429.879440 31.280517578 -39.370552063 -35.387825012 -0.040347014 0.027739797 0.998139501 0.036334574
1658133430.079522 31.297977448 -39.372924805 -35.387836456 -0.038920239 0.035135161 0.997206092 0.053205919
1658133430.179754 31.306846619 -39.374382019 -35.387794495 -0.039048519 0.036648683 0.996622980 0.062247701
1658133430.376438 33.094532013 -39.672981262 -35.388500214 -0.034226906 0.040282547 0.995432377 0.079500146
1658133430.577107 33.111709595 -39.677055359 -35.388664246 -0.033948727 0.044478219 0.993678093 0.097330019
1658133430.778304 33.128974915 -39.681724548 -35.388725281 -0.033188824 0.049145043 0.991578996 0.115128130
1658133430.978661 35.257526398 -40.265964508 -35.409534454 -0.042667519 0.053061560 0.988584876 0.134402364
1658133431.179363 35.273822784 -40.272010803 -35.409568787 -0.031497143 0.054492828 0.985843360 0.155407324
1658133431.275378 36.284229279 -40.648601532 -35.409217834 -0.020747788 0.054502551 0.984623492 0.164668202
1658133431.476596 36.300422668 -40.655700684 -35.409328461 -0.013053237 0.056330223 0.981245697 0.183884174
1658133431.677316 37.646888733 -41.270355225 -35.424606323 -0.014600206 0.058037795 0.977436006 0.202576682
1658133431.878183 37.662696838 -41.278598785 -35.424949646 -0.018486183 0.058587406 0.973278284 0.221258432
1658133432.078847 37.677925110 -41.287509918 -35.425289154 -0.018383496 0.058331665 0.968988597 0.239417240
1658133432.275410 39.562068939 -42.387924194 -35.463058472 -0.016217075 0.057029180 0.964912891 0.255788505
1658133432.476419 39.576572418 -42.397891998 -35.463493347 -0.013850310 0.055349547 0.960259378 0.273215294
1658133432.677177 40.763587952 -43.262954712 -35.492855072 -0.011381388 0.055541866 0.955235839 0.290361941
1658133432.877952 40.777614594 -43.274391174 -35.493152618 -0.011168926 0.056536768 0.949847996 0.307355940
1658133433.078807 41.911411285 -44.239910126 -35.524883270 -0.008763594 0.060287915 0.943803608 0.324843735
1658133433.275406 41.924049377 -44.252002716 -35.525245667 -0.003346483 0.064200647 0.937132120 0.343002141
1658133433.476193 42.978046417 -45.282104492 -35.562957764 -0.001011421 0.064703181 0.930588841 0.360301137
1658133433.676981 42.990013123 -45.295402527 -35.563468933 0.001023161 0.062956989 0.923897028 0.377424985
1658133433.878086 43.001514435 -45.309158325 -35.563899994 0.003013589 0.063333064 0.916516423 0.394940048
1658133434.078531 44.419876099 -47.014133453 -35.624382019 0.004436577 0.066227488 0.908446789 0.412696868
1658133434.275286 44.430217743 -47.028366089 -35.624931335 0.009413389 0.067873836 0.900272489 0.429899961
1658133434.479564 45.259567261 -48.248081207 -35.665863037 0.013572044 0.067451239 0.891930938 0.446906537
1658133434.677783 45.268814087 -48.263458252 -35.666416168 0.015533414 0.066227153 0.883336306 0.463777572
1658133434.878727 45.277538300 -48.279102325 -35.667034149 0.014399906 0.066691697 0.874129474 0.480876982
1658133435.079183 46.358173370 -50.228225708 -35.742454529 0.015360627 0.068862058 0.864290059 0.498020828
1658133435.275749 46.365516663 -50.243949890 -35.743099213 0.018056078 0.067456998 0.854925096 0.514029741
1658133435.478275 46.966083527 -51.591545105 -35.796104431 0.016593166 0.066114478 0.845165789 0.530139923
1658133435.677617 46.972293854 -51.608150482 -35.796875000 0.014764961 0.062710144 0.835271955 0.546049654
1658133435.878464 46.978183746 -51.625438690 -35.797470093 0.011007982 0.061081145 0.825935364 0.560338080
1658133435.978947 47.594932556 -53.374141693 -35.872791290 0.004875400 0.062174141 0.821264625 0.567128778
1658133436.179407 47.599838257 -53.391269684 -35.873458862 0.004799138 0.054388378 0.812796712 0.579983175
1658133436.378561 48.000160217 -54.810413361 -35.928005219 0.005347460 0.043219727 0.805963755 0.590360820
1658133436.577021 48.004657745 -54.827575684 -35.928676605 0.001947415 0.028738489 0.800002098 0.599305391
1658133436.777791 48.008758545 -54.845169067 -35.929504395 -0.010514385 0.020889698 0.795404553 0.605627537
1658133436.978850 48.513019562 -57.006713867 -36.021095276 -0.016783714 0.013875676 0.791904867 0.610256016
1658133437.179229 48.516773224 -57.024143219 -36.021980286 -0.018920394 0.013369819 0.789804041 0.612921655
1658133437.376079 48.520301819 -57.041248322 -36.022636414 -0.022694068 0.008745985 0.789443493 0.613341272
1658133437.576813 48.967559814 -59.186931610 -36.114910126 -0.026612001 0.005660561 0.789523780 0.613116622
1658133437.779149 48.971286774 -59.204383850 -36.115577698 -0.027301585 0.006271737 0.789732993 0.612810791
1658133437.978265 48.974895477 -59.221786499 -36.116348267 -0.028802708 0.005673059 0.790252328 0.612078071
1658133438.179700 49.428131104 -61.366786957 -36.207023621 -0.026515096 0.004902935 0.789907396 0.612632990
1658133438.375927 49.431983948 -61.383682251 -36.207702637 -0.024899071 0.004974171 0.789814591 0.612819910
1658133438.576639 49.435970306 -61.401134491 -36.208465576 -0.029917162 0.004895607 0.790749073 0.611389339
1658133438.877867 49.994197845 -63.888202667 -36.314888000 -0.022705333 0.006187469 0.790905714 0.611485362
1658133438.978209 49.996261597 -63.896766663 -36.315269470 -0.019803083 0.007846273 0.790245771 0.612419784
1658133439.178828 50.000423431 -63.913970947 -36.316024780 -0.018836724 0.010986364 0.789720237 0.613079488
1658133439.475895 50.508838654 -66.040649414 -36.412269592 -0.019736614 0.007521933 0.789516509 0.613365769
1658133439.676611 50.512966156 -66.058006287 -36.412998199 -0.020207295 0.006124884 0.790108621 0.612603128
1658133439.877339 50.517196655 -66.075134277 -36.413822174 -0.022726862 0.007990710 0.789570987 0.613186181
1658133440.078349 50.521587372 -66.092231750 -36.414588928 -0.019300817 0.011415548 0.790018320 0.612673104
1658133440.275120 51.206417084 -68.907363892 -36.547912598 -0.014360237 0.011946839 0.790726423 0.611884594
1658133440.476841 51.210601807 -68.924819946 -36.548786163 -0.011881563 0.013293745 0.790228069 0.612553477
1658133440.677579 51.214958191 -68.941894531 -36.549694061 -0.014084417 0.012136255 0.789430201 0.613558710
1658133440.878308 51.743247986 -71.070053101 -36.659965515 -0.017704520 0.014375865 0.788357615 0.614794433
1658133441.079093 51.747585297 -71.087402344 -36.660842896 -0.023851734 0.020202257 0.787224054 0.615874469
1658133441.181610 51.749694824 -71.095909119 -36.661289215 -0.025258193 0.015304553 0.787288606 0.615877032
1658133441.476778 52.268512726 -73.214691162 -36.759258270 -0.015427932 0.006071527 0.786637068 0.617193043
1658133441.679045 52.272094727 -73.231285095 -36.760158539 -0.018902086 0.008909354 0.786273718 0.617524922
1658133441.777750 52.274551392 -73.240234375 -36.760692596 -0.023445103 0.010117817 0.785995960 0.617704093
1658133442.080954 52.281124115 -73.266090393 -36.761783600 -0.026612056 0.010644714 0.786402106 0.617049575
1658133442.275072 52.962501526 -76.061096191 -36.895835876 -0.025885636 0.010509571 0.787145257 0.616134584
1658133442.376073 52.964656830 -76.069541931 -36.896293640 -0.028256506 0.010401967 0.787365675 0.615750551
1658133442.577451 52.969089508 -76.086822510 -36.896923065 -0.029170554 0.009819903 0.788591087 0.614147186
1658133442.777526 53.401351929 -77.854629517 -36.976745605 -0.027422726 0.008508165 0.789807260 0.612682700
1658133442.979081 53.405334473 -77.871604919 -36.977600098 -0.024456250 0.009287367 0.789664328 0.612981200
1658133443.179046 52.981525421 -76.138122559 -36.899436951 -0.026360292 0.010794885 0.788966238 0.613775909
1658133443.375973 53.920051575 -79.997802734 -37.081367493 -0.026557876 0.006599897 0.789295137 0.613403857
1658133443.576778 53.924434662 -80.015243530 -37.082111359 -0.021469958 0.003856680 0.790261030 0.612382054
1658133443.777551 53.422473907 -77.940338135 -36.980823517 -0.020113656 0.006423450 0.789667785 0.613171399
1658133444.078576 54.532993317 -82.529861450 -37.208000183 -0.025227865 0.000705581 0.790433645 0.612027526
1658133444.276913 54.537212372 -82.546630859 -37.208763123 -0.023536205 -0.002308089 0.790961504 0.611408770
1658133444.576642 54.543533325 -82.572448730 -37.210189819 -0.021276234 0.003651688 0.788410366 0.614770770
1658133444.777196 55.140850067 -85.031341553 -37.342685699 -0.025348114 0.001226636 0.788310468 0.614754081
1658133444.978091 55.145065308 -85.048583984 -37.343639374 -0.030595366 0.000044135 0.788851678 0.613821626
1658133445.178668 55.149108887 -85.065734863 -37.344589233 -0.028091054 0.003714445 0.788649440 0.614189863
1658133445.375846 55.654357910 -87.171302795 -37.461830139 -0.024179246 0.000897711 0.789192080 0.613669634
1658133445.576206 55.658393860 -87.188323975 -37.462738037 -0.020303782 -0.002754641 0.789177001 0.613824069
1658133445.776950 55.161460876 -85.116668701 -37.347324371 -0.020298351 -0.003032375 0.788865268 0.614223361
1658133445.978586 56.179107666 -89.351013184 -37.585296631 -0.031435415 0.005459203 0.787592649 0.615369678
1658133446.178530 56.183174133 -89.368186951 -37.586330414 -0.029661480 0.000833286 0.787064075 0.616157234
1658133446.477063 56.189117432 -89.393493652 -37.587677002 -0.011670895 -0.010995462 0.787266910 0.616403878
1658133446.577557 56.695396423 -91.495857239 -37.705421448 -0.013690259 -0.009685169 0.787329912 0.616303861
1658133446.878063 56.701774597 -91.521881104 -37.706932068 -0.016906939 -0.004774051 0.787770808 0.615718007
1658133447.080993 57.135513306 -93.294082642 -37.810070038 -0.014058238 -0.012069620 0.787166476 0.616462231
1658133447.275149 57.139457703 -93.310737610 -37.811100006 -0.010296136 -0.014166899 0.787600994 0.615936756
1658133447.476596 57.143562317 -93.327819824 -37.812232971 0.000179930 -0.009437464 0.786036015 0.618108690
1658133447.678322 57.649971008 -95.426040649 -37.950923920 -0.008465844 0.001514136 0.784027994 0.620665908
1658133447.878561 57.654380798 -95.443634033 -37.952255249 -0.033050686 0.009992013 0.783236980 0.620763838
1658133448.078849 58.016502380 -96.879226685 -38.046482086 -0.032775417 0.009736523 0.784521818 0.619157910
1658133448.275253 58.020652771 -96.895523071 -38.047336578 -0.019473029 0.003054664 0.786577642 0.617176771
1658133448.476311 58.376655579 -98.287971497 -38.114204407 -0.010775946 0.000371669 0.787401915 0.616345644
1658133448.677139 58.380996704 -98.305107117 -38.115062714 -0.010108977 0.002012218 0.787457407 0.616282940
1658133448.877831 58.740310669 -99.735946655 -38.186569214 -0.008421248 -0.001433168 0.789431751 0.613778949
1658133449.079043 58.744689941 -99.752906799 -38.187484741 -0.012362553 -0.005898347 0.791592360 0.610896111
1658133449.274800 58.748970032 -99.770019531 -38.188297272 -0.010111088 -0.004167041 0.792355716 0.609961450
1658133449.476039 59.283203125 -101.875732422 -38.302864075 -0.004629991 0.002359215 0.790276110 0.612728894
1658133449.677087 59.287681580 -101.893020630 -38.303977966 -0.005797718 0.003851648 0.789824009 0.613294005
1658133449.877603 59.291778564 -101.909988403 -38.305110931 -0.010654741 0.000177825 0.790862978 0.611900508
1658133450.078179 59.818267822 -104.024688721 -38.442382812 -0.012950861 -0.001739970 0.791815877 0.610620022
1658133450.274721 59.822486877 -104.041496277 -38.443382263 -0.011661218 0.000508479 0.791394889 0.611193895
1658133450.475889 60.163665771 -105.440071106 -38.539741516 -0.010156712 0.009335178 0.790621638 0.612149596
1658133450.676506 60.167945862 -105.456993103 -38.540802002 -0.011540121 0.007308800 0.790219605 0.612671494
1658133450.877481 60.172256470 -105.474166870 -38.541931152 -0.016792737 0.007409371 0.789984941 0.612851501
1658133451.078009 60.689537048 -107.580490112 -38.676467896 -0.018714616 0.007877527 0.789358199 0.613597155
1658133451.274983 60.693595886 -107.597183228 -38.677265167 -0.009544534 -0.003042747 0.790225089 0.612734795
1658133451.475660 61.027824402 -108.996376038 -38.755821228 -0.006542628 -0.007010887 0.790781379 0.612023532
1658133451.676295 61.031951904 -109.013206482 -38.756973267 -0.006460011 -0.004812817 0.791591287 0.610997915
1658133451.877141 61.036102295 -109.030570984 -38.758110046 -0.011549139 -0.004498807 0.790638030 0.612158418
1658133452.078389 61.535026550 -111.131408691 -38.902141571 -0.009612340 -0.000361180 0.787603498 0.616107345
1658133452.274657 61.538970947 -111.147956848 -38.903373718 -0.011565348 0.005140178 0.784490824 0.620011270
1658133452.476779 61.881958008 -112.547088623 -39.001850128 -0.018907901 -0.002851496 0.782866001 0.621896446
1658133452.677184 61.885826111 -112.563873291 -39.003044128 -0.015130241 -0.002948861 0.780219495 0.625315905
1658133452.877843 62.220329285 -113.962173462 -39.102237701 -0.011427013 0.005422451 0.777485490 0.628773689
1658133453.078639 62.224586487 -113.979400635 -39.103378296 -0.022740154 0.001146134 0.777886212 0.627992570
1658133453.274709 62.560493469 -115.379264832 -39.192867279 -0.015978575 -0.002112909 0.780719876 0.624673247
1658133453.476320 62.564582825 -115.396339417 -39.193962097 -0.012988786 -0.005177699 0.786359072 0.617611527
1658133453.677115 62.906074524 -116.815261841 -39.285469055 -0.008468360 -0.006429460 0.789229631 0.614006162
1658133453.877863 62.910285950 -116.832504272 -39.286697388 -0.010861127 -0.002363746 0.790998042 0.611717761
1658133454.078732 63.259040833 -118.261642456 -39.385448456 -0.012090987 -0.001121390 0.792301059 0.610009491
1658133454.274648 63.263252258 -118.278320312 -39.386520386 -0.013860820 -0.002294725 0.793245912 0.608739316
1658133454.476241 63.606445312 -119.682998657 -39.479053497 -0.011608924 -0.005209055 0.793574095 0.608340681
1658133454.676771 63.610748291 -119.700225830 -39.480205536 -0.006042155 0.000466914 0.792953432 0.609252274
1658133454.877432 63.965904236 -121.122917175 -39.579700470 -0.007916240 0.002021764 0.793006897 0.609157920
1658133455.078164 63.970085144 -121.139892578 -39.580924988 -0.008762457 -0.000213202 0.793596864 0.608380854
1658133455.274731 63.974288940 -121.156585693 -39.582118988 -0.010338654 -0.000422103 0.793466330 0.608526230
1658133455.475980 64.497383118 -123.253410339 -39.727260590 -0.010829479 -0.001120992 0.793438435 0.608553231
1658133455.676501 64.501716614 -123.270492554 -39.728424072 -0.006579532 -0.002713101 0.793284118 0.608810127
1658133455.877655 64.855354309 -124.686691284 -39.828075409 -0.009199253 0.002026564 0.792718351 0.609515309
1658133456.078247 64.859619141 -124.703887939 -39.829429626 -0.011889445 0.007362818 0.792576015 0.609612763
1658133456.274517 65.204483032 -126.098190308 -39.933746338 -0.004082514 0.001354576 0.792860210 0.609388351
1658133456.575918 65.210685730 -126.123779297 -39.935710907 0.000976091 -0.004224858 0.792239308 0.610195160
1658133456.776960 65.646018982 -127.886398315 -40.070732117 -0.003464644 -0.001845238 0.792456508 0.609915912
1658133456.978057 65.650146484 -127.903579712 -40.072078705 -0.007804214 0.002473108 0.792587340 0.609703422
1658133457.178104 65.654251099 -127.920455933 -40.073425293 -0.009633236 0.001906571 0.792867839 0.609314501
1658133457.375175 66.160255432 -130.017013550 -40.238460541 -0.009508857 -0.001673113 0.793160439 0.608936191
1658133457.576183 66.164474487 -130.033996582 -40.239730835 -0.006858873 -0.000573498 0.791444540 0.611202240
1658133457.776683 66.505973816 -131.441787720 -40.346351624 -0.002550142 -0.001436776 0.790801525 0.612065673
1658133458.077774 66.512023926 -131.467453003 -40.348300934 -0.009298311 -0.003837511 0.791222215 0.611445963
1658133458.274718 66.931922913 -133.217361450 -40.479293823 -0.011213776 -0.007842816 0.792418122 0.609824777
1658133458.476312 66.936134338 -133.234558105 -40.480575562 -0.005393918 -0.007402511 0.792265594 0.610107720
1658133458.677190 67.279960632 -134.656250000 -40.589408875 -0.005476959 -0.001765177 0.792101383 0.610362411
1658133458.877597 67.284210205 -134.673248291 -40.590686798 -0.009007613 -0.003057234 0.791899621 0.610577226
1658133459.078404 67.634643555 -136.085052490 -40.696174622 -0.004926597 -0.007143777 0.791894138 0.610596716
1658133459.274391 67.638847351 -136.101806641 -40.697532654 -0.004244006 -0.009041086 0.792248189 0.610117376
1658133459.476044 67.642745972 -136.118789673 -40.698925018 -0.005235611 -0.005099141 0.791945577 0.610548019
1658133459.676749 68.145309448 -138.219024658 -40.871280670 -0.008590068 -0.004516487 0.790889144 0.611882567
1658133459.977779 68.151588440 -138.244445801 -40.873344421 -0.009272428 -0.006698351 0.788777113 0.614572942
1658133460.178726 68.580528259 -140.001434326 -41.011402130 -0.007539297 -0.011847071 0.789242685 0.613920808
1658133460.375553 68.584571838 -140.018188477 -41.012840271 -0.008823719 -0.010958111 0.789706588 0.613323390
1658133460.578908 68.588584900 -140.035064697 -41.014328003 -0.008733425 -0.003855924 0.789626718 0.613513291
1658133460.776847 69.087394714 -142.123703003 -41.198993683 -0.007864681 0.001275119 0.788255334 0.615296662
1658133460.977613 69.091506958 -142.140594482 -41.200626373 -0.013714096 0.003870386 0.785713673 0.618426204
1658133461.178430 69.437568665 -143.532531738 -41.329875946 -0.016909728 -0.006716245 0.785448372 0.618659675
1658133461.375202 69.441352844 -143.548919678 -41.331260681 -0.010148466 -0.016940001 0.784870923 0.619344592
1658133461.676377 69.842285156 -145.285858154 -41.485946655 -0.015863270 -0.009249561 0.785967827 0.617994666
1658133461.877110 69.846542358 -145.302886963 -41.487323761 -0.035445593 -0.002266983 0.787809491 0.614894032
1658133462.077950 69.850372314 -145.320007324 -41.488739014 -0.038030829 0.007111793 0.787291825 0.615365505
1658133462.274521 70.346298218 -147.409011841 -41.652267456 -0.025607359 -0.003081313 0.787541568 0.615721583
1658133462.477315 70.350830078 -147.426086426 -41.653415680 -0.016791262 -0.011020170 0.788080394 0.615244627
1658133462.676353 70.698883057 -148.845626831 -41.763019562 -0.017501356 -0.007485844 0.788633049 0.614569426
1658133462.877822 70.703262329 -148.862655640 -41.764503479 -0.020471497 -0.005210570 0.788266659 0.614971101
1658133463.077742 70.707366943 -148.879760742 -41.765998840 -0.019709699 -0.005190682 0.788401544 0.614823222
1658133463.375769 71.315185547 -151.337188721 -41.971534729 -0.010327315 -0.005722797 0.787335038 0.616412342
1658133463.575606 71.319671631 -151.354156494 -41.972927094 -0.013561225 -0.010360832 0.788788557 0.614427686
1658133463.777055 71.323837280 -151.371459961 -41.974544525 -0.021092487 -0.001307714 0.788856089 0.614214599
1658133463.977028 71.841766357 -153.490966797 -42.160438538 -0.020979637 0.003052899 0.789253354 0.613701642
1658133464.178099 71.845962524 -153.507934570 -42.161712646 -0.014479395 -0.003215545 0.790362537 0.612459958
1658133464.376172 72.188812256 -154.903839111 -42.272850037 -0.012441753 -0.000462932 0.790030003 0.612941742
1658133464.576327 72.193222046 -154.921081543 -42.274162292 -0.018771879 -0.003824004 0.790137529 0.612630188
1658133464.877599 72.635421753 -156.689727783 -42.408740997 -0.009704396 -0.005800645 0.787555635 0.616139829
1658133465.078982 72.639694214 -156.706756592 -42.409942627 -0.004684958 -0.011404870 0.786766469 0.617127657
1658133465.274198 72.983276367 -158.103973389 -42.516426086 -0.006405889 -0.010869802 0.787343860 0.616385102
1658133465.475800 72.987365723 -158.121170044 -42.517837524 -0.004373855 -0.005711780 0.788402438 0.615117729
1658133465.676500 72.991653442 -158.138198853 -42.519325256 -0.009552118 -0.004369924 0.789835572 0.613228738
1658133465.877349 73.515151978 -160.262893677 -42.701717377 -0.021732215 0.001098182 0.789021552 0.613980055
1658133466.078613 73.519393921 -160.280029297 -42.703090668 -0.023519231 -0.003653922 0.788261116 0.614880502
1658133466.377871 73.944641113 -162.032226562 -42.842784882 0.001813289 -0.016153388 0.788151383 0.615266740
1658133466.676363 73.951095581 -162.058074951 -42.844993591 -0.004726703 -0.013844175 0.788317204 0.615095198
1658133466.877129 74.380966187 -163.818222046 -43.007534027 -0.015197068 -0.011234009 0.789352536 0.613649249
1658133467.077861 74.385131836 -163.835083008 -43.009086609 -0.013430301 -0.008204909 0.789009511 0.614179492
1658133467.375067 74.802261353 -165.568969727 -43.172691345 -0.000986435 -0.007447268 0.787209511 0.616639912
1658133467.576422 74.806564331 -165.585983276 -43.174411774 -0.012034488 -0.004609491 0.786730587 0.617161989
1658133467.776468 75.158828735 -167.000488281 -43.311492920 -0.029925456 -0.002520596 0.787690818 0.615338385
1658133467.978037 75.162948608 -167.017364502 -43.312995911 -0.024614673 -0.004189899 0.787991047 0.615180254
1658133468.178106 75.500045776 -168.416809082 -43.431221008 -0.007053412 -0.006879297 0.788865447 0.614486933
1658133468.475369 75.506408691 -168.442016602 -43.433479309 -0.004748917 -0.011755503 0.788816154 0.614498496
1658133468.575553 75.844329834 -169.829574585 -43.560440063 -0.008268410 -0.010140602 0.788793147 0.614519477
1658133468.877163 75.850601196 -169.855270386 -43.562877655 -0.012827373 -0.005547905 0.790428877 0.612394452
1658133469.077428 76.278808594 -171.608581543 -43.726539612 -0.007286069 -0.011250832 0.790671408 0.612093985
1658133469.273917 76.283020020 -171.625152588 -43.728137970 -0.006177321 -0.014837719 0.789550781 0.613474846
1658133469.575294 76.719726562 -173.374298096 -43.895511627 -0.005016577 -0.011190912 0.787329137 0.616410971
1658133469.776115 76.723724365 -173.391418457 -43.897079468 -0.001838851 -0.012193578 0.787101448 0.616700351
1658133469.976995 77.064682007 -174.795867920 -44.035942078 -0.003771793 -0.010073287 0.787348866 0.616413891
1658133470.177579 77.068908691 -174.812896729 -44.037666321 -0.012072560 -0.005562224 0.788603127 0.614758909
1658133470.476642 77.075088501 -174.837631226 -44.040103912 -0.006790566 -0.007326542 0.789253533 0.613986254
1658133470.677176 77.677169800 -177.252380371 -44.280441284 -0.002756738 -0.003872927 0.789160550 0.614168584
1658133470.877913 77.681442261 -177.269271851 -44.282077789 -0.003256045 -0.003216907 0.789686680 0.613493383
1658133471.079122 78.031997681 -178.672042847 -44.427276611 -0.013664018 -0.001356725 0.790058494 0.612877667
1658133471.273875 78.036239624 -178.688171387 -44.428829193 -0.007804998 -0.011051756 0.790113449 0.612811327
1658133471.576169 78.466323853 -180.416748047 -44.607189178 0.005135203 -0.002378076 0.787009358 0.616915107
1658133471.776751 78.470428467 -180.433654785 -44.609008789 -0.000554848 -0.000193571 0.786336124 0.617798746
1658133471.977797 78.474746704 -180.450622559 -44.610744476 -0.006976859 -0.000328991 0.786715448 0.617276371
1658133472.178160 78.996139526 -182.543060303 -44.829845428 -0.008271902 -0.003765365 0.787718475 0.615968347
1658133472.475243 79.002243042 -182.567810059 -44.832347870 -0.001846669 -0.005021127 0.788980246 0.614395380
1658133472.675945 79.006423950 -182.585006714 -44.833961487 -0.000288798 -0.006669425 0.789671361 0.613493860
1658133472.876646 79.606735229 -185.000793457 -45.077468872 0.006591874 -0.012045322 0.790584207 0.612199366
1658133473.077582 79.610733032 -185.017791748 -45.079322815 0.001620550 -0.009291522 0.790578306 0.612288415
1658133473.374848 80.024795532 -186.772964478 -45.273632050 -0.014025323 -0.003667597 0.791554332 0.610926867
1658133473.575585 80.028793335 -186.789886475 -45.275382996 -0.014102599 -0.001770615 0.792751074 0.609379828
1658133473.776431 80.032897949 -186.806945801 -45.277030945 -0.006845294 -0.009502795 0.792983294 0.609130859
1658133473.977074 80.531188965 -188.899383545 -45.487434387 0.003353693 -0.018005911 0.791695297 0.610641539
1658133474.177878 80.535110474 -188.916473389 -45.489147186 0.004146648 -0.022984674 0.789864123 0.612837017
1658133474.475139 80.952789307 -190.680908203 -45.672027588 -0.017822411 -0.012156185 0.788120031 0.615143478
1658133474.675795 80.956756592 -190.697830200 -45.673553467 -0.022525473 -0.016444957 0.788468122 0.614442945
1658133474.876424 81.290908813 -192.114257812 -45.799697876 -0.009973135 -0.020381346 0.790037632 0.612638414
1658133475.078507 81.295074463 -192.131210327 -45.801193237 0.003995546 -0.023444638 0.791999042 0.610058963
1658133475.375890 81.301406860 -192.156478882 -45.803897858 0.008867500 -0.019004147 0.793168187 0.608641624
1658133475.575248 81.909744263 -194.594909668 -46.062198639 0.010501322 -0.015172505 0.793902934 0.607764602
1658133475.775884 81.913833618 -194.611816406 -46.064216614 0.010359330 -0.007796886 0.794452786 0.607187569
1658133475.976654 81.917984009 -194.628997803 -46.066402435 -0.006995213 -0.004228257 0.793364763 0.608691633
1658133476.273704 82.516448975 -197.061950684 -46.353004456 0.005492736 -0.021231569 0.790288687 0.612342119
1658133476.474558 82.520492554 -197.078781128 -46.354843140 0.015483765 -0.028511660 0.789050460 0.613471091
1658133476.675403 82.524475098 -197.095657349 -46.356914520 0.007030554 -0.026493758 0.787677586 0.615477622
1658133476.976885 83.116577148 -199.546844482 -46.646858215 -0.002986616 -0.017822944 0.787617981 0.615898788
1658133477.177202 83.120834351 -199.563674927 -46.648742676 -0.000652511 -0.018307868 0.786881208 0.616832554
1658133477.375188 83.465591431 -200.954177856 -46.799407959 0.008234375 -0.018955365 0.786357522 0.617425919
1658133477.676116 83.471801758 -200.979507446 -46.802124023 0.013504575 -0.019854520 0.787441313 0.615921736
1658133477.877058 83.908691406 -202.730773926 -46.987804413 0.013958014 -0.020706911 0.787615418 0.615660906
1658133478.077582 83.912673950 -202.747680664 -46.989723206 0.010656780 -0.019504303 0.787783206 0.615551531
1658133478.273681 83.916870117 -202.764236450 -46.991580963 0.007484559 -0.017576067 0.787524939 0.615986705
1658133478.575593 84.513854980 -205.186706543 -47.264560699 0.005747216 -0.020473223 0.788757145 0.614337146
1658133478.776450 84.517700195 -205.203659058 -47.266460419 0.010191513 -0.021449903 0.789632201 0.613120794
1658133478.977069 84.521881104 -205.220382690 -47.268440247 0.011630179 -0.017651116 0.789153159 0.613832712
1658133479.177792 85.022933960 -207.303558350 -47.513851166 0.006112658 -0.017296661 0.788275063 0.615049481
1658133479.474648 85.028839111 -207.328292847 -47.516841888 -0.003722986 -0.019466937 0.787947237 0.615423739
1658133479.675092 85.032882690 -207.345184326 -47.518802643 0.003437692 -0.020889373 0.788539052 0.614620209
1658133479.876280 85.616912842 -209.745559692 -47.805404663 0.008111471 -0.016403865 0.788551927 0.614695847
1658133480.076789 85.620895386 -209.762298584 -47.807361603 0.001752532 -0.014910032 0.788709641 0.614582539
1658133480.374554 86.037780762 -211.491760254 -48.010292053 -0.002085582 -0.018836234 0.788285315 0.615017951
1658133480.575243 86.041870117 -211.508544922 -48.012218475 0.003827330 -0.015049697 0.787482679 0.616141200
1658133480.776239 86.046035767 -211.525390625 -48.014240265 0.002369654 -0.015893757 0.787653625 0.615908802
1658133480.976635 86.050216675 -211.542251587 -48.016250610 -0.006083567 -0.012200519 0.787720323 0.615882158
1658133481.273810 86.810821533 -214.658187866 -48.375282288 0.017355129 -0.019742928 0.787086189 0.616282701
1658133481.474242 86.815032959 -214.675048828 -48.377376556 0.020617701 -0.022844179 0.786258101 0.617131531
1658133481.674979 87.153198242 -216.075775146 -48.553710938 0.009885547 -0.021977514 0.787370086 0.616009414
1658133481.976094 87.159271240 -216.101043701 -48.556995392 0.004678229 -0.019335553 0.787818789 0.615585744
1658133482.176845 87.163314819 -216.117767334 -48.559154510 0.009477586 -0.016855394 0.787499487 0.616011977
1658133482.374277 87.167388916 -216.134201050 -48.561336517 0.006992696 -0.018694106 0.787746668 0.615675986
1658133482.574724 87.920120239 -219.223999023 -48.957984924 0.000953165 -0.022141580 0.788320839 0.614865065
1658133482.775390 87.924438477 -219.240844727 -48.960010529 -0.011452979 -0.036192492 0.788894176 0.613355458
1658133483.076612 88.386688232 -220.967025757 -49.165039062 -0.015081908 -0.048880994 0.791418672 0.609130263
1658133483.273515 88.391357422 -220.983398438 -49.167030334 -0.020308025 -0.052850395 0.795008361 0.603950560
1658133483.475838 88.396682739 -220.999847412 -49.169059753 -0.032488383 -0.062198587 0.800058484 0.595803976
1658133483.675937 89.029113770 -223.033477783 -49.416057587 -0.033902701 -0.076284036 0.807322323 0.584176421
1658133483.876848 89.035324097 -223.049636841 -49.417926788 -0.037067458 -0.088504314 0.815209866 0.571161985
1658133484.177950 89.709106445 -224.714523315 -49.621505737 -0.045543589 -0.102355540 0.827797890 0.549727023
1658133484.375228 89.716522217 -224.729675293 -49.623344421 -0.050588112 -0.115483105 0.837076485 0.532360256
1658133484.575592 89.724853516 -224.744934082 -49.625335693 -0.059213478 -0.124593727 0.846311867 0.514515758
1658133484.776246 90.741302490 -226.608886719 -49.870979309 -0.062656514 -0.133923754 0.856991827 0.493663460
1658133485.077398 90.756744385 -226.629852295 -49.873641968 -0.059450570 -0.143909544 0.874254405 0.459820628
1658133485.273355 91.832794189 -228.048095703 -50.069599152 -0.056048490 -0.148985371 0.885144830 0.437242121
1658133485.474983 91.844818115 -228.060791016 -50.071285248 -0.056209434 -0.156931236 0.895220220 0.413272202
1658133485.675600 91.857666016 -228.072845459 -50.072929382 -0.055127606 -0.162020579 0.905393720 0.388551950
1658133485.976711 93.726043701 -229.813003540 -50.330772400 -0.063892998 -0.163149953 0.919385672 0.352178633
1658133486.177490 93.740509033 -229.823364258 -50.332153320 -0.049035966 -0.175922811 0.928821266 0.322393835
1658133486.374479 94.953521729 -230.632614136 -50.443679810 -0.040095359 -0.182520613 0.936753511 0.295924783
1658133486.575037 94.969085693 -230.641143799 -50.445137024 -0.045360766 -0.178879291 0.944702923 0.271073967
1658133486.775788 94.985137939 -230.648742676 -50.446437836 -0.048614092 -0.182928354 0.950652659 0.245832175
1658133487.076895 97.329330444 -231.736633301 -50.645378113 -0.040839009 -0.188668281 0.959176123 0.206682622
1658133487.273586 97.346008301 -231.741943359 -50.646461487 -0.038276453 -0.190801308 0.963953972 0.181445584
1658133487.474616 97.363464355 -231.746383667 -50.647399902 -0.038091615 -0.194675639 0.967971087 0.153890952
1658133487.675214 99.499984741 -232.294281006 -50.776950836 -0.041366577 -0.196341753 0.971554756 0.125778168
1658133487.976206 99.526794434 -232.297698975 -50.778011322 -0.037405103 -0.200884119 0.975432515 0.082328603
1658133488.177072 99.544540405 -232.298690796 -50.778789520 -0.035959896 -0.203283951 0.976947010 0.054379329
1658133488.373833 102.110977173 -232.489059448 -50.880302429 -0.034446247 -0.195502296 0.979683161 0.028517082
1658133488.577361 102.128929138 -232.488250732 -50.880741119 -0.029890079 -0.192920208 0.980755091 0.002820889
1658133488.775324 103.614784241 -232.384658813 -50.908931732 -0.030263348 -0.190031514 0.981063426 -0.022061156
1658133489.076496 103.641586304 -232.380783081 -50.909259796 -0.029017711 -0.183778942 0.980871022 -0.057230938
1658133489.374880 103.667366028 -232.375091553 -50.909313202 -0.028740298 -0.177608341 0.979662836 -0.088825583
1658133489.575563 106.553459167 -231.797760010 -50.927909851 -0.032639708 -0.168973774 0.979172766 -0.107718274
1658133489.776149 106.570549011 -231.792755127 -50.927970886 -0.035927758 -0.158239916 0.978999555 -0.123407066
1658133490.077197 108.339889526 -231.236328125 -50.913604736 -0.041296210 -0.136073396 0.979967654 -0.139434949
1658133490.274284 108.356407166 -231.230377197 -50.913253784 -0.040874120 -0.128003240 0.979688764 -0.148843482
1658133490.474757 108.373191833 -231.224304199 -50.912956238 -0.039322380 -0.116835773 0.980047405 -0.155917913
1658133490.676938 108.389801025 -231.218017578 -50.912677765 -0.038214009 -0.110508151 0.979942441 -0.161370456
1658133490.976664 111.477996826 -230.074127197 -50.858917236 -0.048167497 -0.108354591 0.978722274 -0.167457014
1658133491.177622 111.494369507 -230.067810059 -50.858592987 -0.041761164 -0.103723764 0.979170740 -0.169476032
1658133491.374272 112.841003418 -229.547821045 -50.834053040 -0.037439521 -0.095788777 0.980309606 -0.168570116
1658133491.577182 112.857566833 -229.541564941 -50.833862305 -0.039854530 -0.088829890 0.981346905 -0.165768638
1658133491.876107 112.882049561 -229.532135010 -50.833557129 -0.039414115 -0.089519285 0.981490731 -0.164647415
1658133492.076835 112.898315430 -229.525665283 -50.833290100 -0.040769670 -0.106801547 0.979378581 -0.166579917
1658133492.273100 115.909698486 -228.359130859 -50.787452698 -0.040107738 -0.119391538 0.977442086 -0.169540927
1658133492.476413 115.925872803 -228.352447510 -50.787067413 -0.033389390 -0.129716933 0.975439250 -0.174862534
1658133492.675130 117.265518188 -227.802001953 -50.758880615 -0.032048561 -0.140314057 0.972534418 -0.182925314
1658133492.976300 117.289260864 -227.791076660 -50.758216858 -0.033016142 -0.160734341 0.966130435 -0.199164450
1658133493.176961 118.905387878 -227.018035889 -50.711154938 -0.025114967 -0.171630695 0.960894942 -0.215854496
1658133493.374540 118.920204163 -227.009735107 -50.710594177 -0.022757353 -0.181144491 0.954791129 -0.234611705
1658133493.574135 120.152160645 -226.298446655 -50.664524078 -0.021689221 -0.187113449 0.948827028 -0.253466874
1658133493.875384 120.173400879 -226.283660889 -50.663414001 -0.013667594 -0.209984660 0.933357358 -0.290798426
1658133494.076066 121.603607178 -225.232192993 -50.587512970 -0.012979142 -0.219981879 0.922562897 -0.316728860
1658133494.273165 121.616165161 -225.220932007 -50.586605072 -0.008406812 -0.226331130 0.911023855 -0.344585478
1658133494.474206 122.631011963 -224.238555908 -50.504833221 -0.001333331 -0.229627162 0.898477972 -0.374175042
1658133494.775502 122.647338867 -224.218536377 -50.503028870 0.000127814 -0.232162043 0.878545523 -0.417442858
1658133494.978297 123.730972290 -222.802993774 -50.374217987 0.005300361 -0.233694077 0.862697601 -0.448455036
1658133495.176711 123.739822388 -222.788177490 -50.372875214 0.005301459 -0.234844163 0.847357392 -0.476241112
1658133495.374420 124.422653198 -221.541625977 -50.250930786 0.006079847 -0.231569976 0.831711769 -0.504572988
1658133495.674750 124.432479858 -221.517486572 -50.248374939 0.008554588 -0.220360085 0.807922125 -0.546470702
1658133495.875403 125.058837891 -219.818710327 -50.062133789 0.010619927 -0.222140864 0.790156066 -0.571133971
1658133496.076045 125.063186646 -219.801498413 -50.060195923 0.011918448 -0.226761490 0.771907687 -0.593797743
1658133496.275496 125.364898682 -218.381988525 -49.900508881 0.028219100 -0.222285599 0.750946045 -0.621186614
1658133496.575013 125.367309570 -218.355484009 -49.897506714 0.036266558 -0.220265448 0.718337536 -0.658907533
1658133496.777290 125.474349976 -216.524322510 -49.688346863 0.032162044 -0.219777986 0.696765900 -0.682041407
1658133496.976500 125.473159790 -216.506530762 -49.686080933 0.032347593 -0.213783339 0.674517274 -0.705887258
1658133497.178182 125.341873169 -215.035171509 -49.510116577 0.031668797 -0.209636137 0.650939345 -0.728922307
1658133497.473861 125.336456299 -215.009109497 -49.506683350 0.028267499 -0.199312657 0.618923366 -0.759216189
1658133497.674775 124.917495728 -213.221054077 -49.271480560 0.031353142 -0.187354192 0.598509967 -0.778268099
1658133497.875247 124.911697388 -213.203887939 -49.269195557 0.024122037 -0.181391791 0.580326498 -0.793559253
1658133498.076710 124.905014038 -213.187194824 -49.266895294 0.014435595 -0.174306437 0.561901271 -0.808502257
1658133498.275154 124.091110229 -211.133178711 -48.996124268 0.006461732 -0.165739268 0.545289218 -0.821674168
1658133498.574826 124.078826904 -211.109024048 -48.992862701 -0.007231465 -0.152719155 0.523354292 -0.838286877
1658133498.775951 123.202850342 -209.464645386 -48.772212982 -0.016046867 -0.145110369 0.511194885 -0.846974194
1658133498.976341 123.193603516 -209.449172974 -48.770248413 -0.026899263 -0.136988536 0.500251532 -0.854551971
1658133499.176876 123.184417725 -209.433624268 -48.768295288 -0.035851333 -0.131340757 0.491099387 -0.860398591
1658133499.476225 121.824569702 -207.228729248 -48.478294373 -0.052551184 -0.113735750 0.486571789 -0.864610016
1658133499.675144 121.814933777 -207.213638306 -48.476280212 -0.059720114 -0.111474484 0.485941440 -0.864793539
1658133499.875587 121.805099487 -207.198669434 -48.474384308 -0.065298535 -0.117544837 0.482494324 -0.865516424
1658133500.077891 121.795349121 -207.183990479 -48.472293854 -0.064305089 -0.116342172 0.480982572 -0.866594017
1658133500.273405 120.199409485 -204.740158081 -48.140659332 -0.066901423 -0.109191284 0.482872337 -0.866276979
1658133500.574271 120.184928894 -204.717773438 -48.137710571 -0.063431047 -0.114102386 0.483742923 -0.865418971
1658133500.774952 120.175369263 -204.702743530 -48.135620117 -0.058373302 -0.109054931 0.482129723 -0.867323816
1658133500.975750 120.165870667 -204.687637329 -48.133716583 -0.064297900 -0.112878062 0.481993407 -0.866491020
1658133501.176854 118.387397766 -201.910751343 -47.762054443 -0.062047634 -0.105602324 0.483398110 -0.866789758
1658133501.373276 118.378181458 -201.895980835 -47.759967804 -0.053052444 -0.092939310 0.484047562 -0.868473172
1658133501.674351 118.364379883 -201.873550415 -47.757072449 -0.048574030 -0.093231365 0.484162241 -0.868640006
1658133501.875232 117.036842346 -199.724868774 -47.474880219 -0.049406160 -0.102008723 0.481195301 -0.869255066
1658133502.077194 117.027755737 -199.709930420 -47.472946167 -0.052457884 -0.106411435 0.481967539 -0.868119895
1658133502.272717 117.018882751 -199.695495605 -47.471084595 -0.055816449 -0.102316722 0.483083516 -0.867782354
1658133502.474602 118.328292847 -201.814361572 -47.749488831 -0.055830497 -0.103756554 0.481631875 -0.868417084
1658133502.775649 118.315078735 -201.792205811 -47.746707916 -0.054918624 -0.112117514 0.479310393 -0.868720472
1658133502.978322 114.989517212 -196.324111938 -47.044410706 -0.056813516 -0.117593363 0.478754997 -0.868180692
1658133503.177007 114.980728149 -196.309494019 -47.042564392 -0.055771425 -0.116477504 0.478847206 -0.868347824
1658133503.373950 114.972129822 -196.295166016 -47.040782928 -0.055475719 -0.112544417 0.480675757 -0.867875040
1658133503.573794 114.963279724 -196.280426025 -47.039012909 -0.061100621 -0.116808012 0.480481148 -0.867041290
1658133503.875002 113.339477539 -193.565750122 -46.705692291 -0.060629606 -0.118675403 0.480319113 -0.866910458
1658133504.075739 113.330596924 -193.550949097 -46.703731537 -0.057622559 -0.119114690 0.479061455 -0.867750823
1658133504.272660 113.321960449 -193.536590576 -46.701927185 -0.054878585 -0.118635461 0.478880256 -0.868094265
1658133504.474073 113.313171387 -193.521911621 -46.700092316 -0.054284569 -0.117978171 0.479514837 -0.867870927
1658133504.775164 111.685699463 -190.796524048 -46.355998993 -0.055353388 -0.115485147 0.481762975 -0.866893053
1658133504.978142 111.676849365 -190.781478882 -46.354064941 -0.057200681 -0.116217747 0.481487304 -0.866828382
1658133505.176700 110.943458557 -189.559158325 -46.202171326 -0.051611166 -0.117300667 0.479381949 -0.868199170
1658133505.373692 110.934730530 -189.544631958 -46.200336456 -0.051756740 -0.114563093 0.480189085 -0.868110001
1658133505.574453 110.925910950 -189.529739380 -46.198554993 -0.057453882 -0.111846827 0.481688261 -0.867275000
1658133505.875422 110.912689209 -189.507125854 -46.195793152 -0.059870400 -0.116851628 0.480625570 -0.867041111
1658133506.076913 109.274253845 -186.762313843 -45.861877441 -0.056946013 -0.116172627 0.480353773 -0.867479861
1658133506.272937 109.265777588 -186.747772217 -45.860183716 -0.050991833 -0.104698688 0.480865717 -0.869026005
1658133506.473726 108.536048889 -185.530349731 -45.718124390 -0.048930358 -0.101962566 0.479170918 -0.870404899
1658133506.674710 108.527168274 -185.515365601 -45.716510773 -0.046457376 -0.104022183 0.478480399 -0.870676577
1658133506.975534 108.513687134 -185.493103027 -45.714084625 -0.049913533 -0.108013414 0.479570657 -0.869398534
1658133507.176223 108.504783630 -185.478027344 -45.712310791 -0.052927431 -0.104844548 0.481192380 -0.868711829
1658133507.372928 106.860366821 -182.718688965 -45.401458740 -0.053991590 -0.103543937 0.481672078 -0.868536472
1658133507.573705 106.851402283 -182.703765869 -45.399742126 -0.051121201 -0.109634563 0.480077177 -0.868845701
1658133507.874847 105.929801941 -181.154403687 -45.221904755 -0.047967706 -0.104174577 0.480995059 -0.869189560
1658133508.075607 105.920921326 -181.139465332 -45.220207214 -0.047331519 -0.101610355 0.481863916 -0.869046748
1658133508.272682 105.185066223 -179.917373657 -45.081451416 -0.048870776 -0.100051589 0.481550813 -0.869315922
1658133508.474271 105.176177979 -179.902328491 -45.079738617 -0.048154030 -0.100186959 0.480472118 -0.869936943
1658133508.675029 105.167213440 -179.887252808 -45.077999115 -0.045575898 -0.090293519 0.480689228 -0.871038437
1658133508.876044 104.060317993 -178.033050537 -44.870670319 -0.045681480 -0.079669975 0.482585102 -0.871020973
1658133509.177473 104.046913147 -178.010528564 -44.868358612 -0.052064110 -0.088808373 0.487378627 -0.867101192
1658133509.373930 103.122207642 -176.476669312 -44.711986542 -0.046816777 -0.101452909 0.482976198 -0.868475437
1658133509.574564 103.113418579 -176.461456299 -44.710353851 -0.052432220 -0.104321711 0.482248753 -0.868218839
1658133509.775265 103.104385376 -176.446640015 -44.708812714 -0.056758411 -0.104141839 0.481802255 -0.868216336
1658133509.975936 103.095390320 -176.431579590 -44.707126617 -0.058591995 -0.104778387 0.481904447 -0.867961228
1658133510.176669 101.619369507 -173.959243774 -44.430145264 -0.055107675 -0.093849763 0.485271096 -0.867564082
1658133510.473808 101.606109619 -173.936950684 -44.427635193 -0.052888934 -0.085409500 0.486884862 -0.867669940
1658133510.674552 100.686637878 -172.408477783 -44.264659882 -0.049488153 -0.090074144 0.485565633 -0.868138075
1658133510.875463 100.677658081 -172.393463135 -44.263221741 -0.048929539 -0.100429513 0.482295603 -0.868856072
1658133511.076073 100.668792725 -172.378326416 -44.261817932 -0.054547988 -0.110621206 0.481876522 -0.867515087
1658133511.272351 99.574867249 -170.538162231 -44.081695557 -0.053695235 -0.100099303 0.483780921 -0.867786229
1658133511.473506 99.566169739 -170.523452759 -44.080093384 -0.043800797 -0.089555420 0.484099925 -0.869315028
1658133511.774317 98.656433105 -168.974334717 -43.917648315 -0.037631840 -0.091521069 0.482527465 -0.870272934
1658133511.975473 98.647857666 -168.959426880 -43.916332245 -0.042293150 -0.093976550 0.482215941 -0.869969785
1658133512.175773 98.638969421 -168.944458008 -43.914932251 -0.045691915 -0.100036219 0.481225252 -0.869670808
1658133512.473412 97.381385803 -166.803131104 -43.714061737 -0.046619099 -0.102815345 0.484092772 -0.867703795
1658133512.674271 97.372688293 -166.788101196 -43.712627411 -0.051385652 -0.108884320 0.482958585 -0.867326260
1658133512.875061 97.363914490 -166.773498535 -43.711017609 -0.044708584 -0.103888467 0.481621981 -0.869050443
1658133513.075788 96.277984619 -164.938964844 -43.520339966 -0.040979568 -0.105626374 0.479956388 -0.869945765
1658133513.372726 96.265197754 -164.916839600 -43.518196106 -0.053223703 -0.109812185 0.481518716 -0.867898822
1658133513.573543 96.256340027 -164.902084351 -43.516796112 -0.052541230 -0.114384092 0.481224090 -0.867513180
1658133513.774231 94.997901917 -162.774246216 -43.311813354 -0.054226402 -0.119308136 0.480933040 -0.866907477
1658133513.975144 94.989234924 -162.759597778 -43.310359955 -0.049139004 -0.111605830 0.482095093 -0.867590845
1658133514.272905 94.083953857 -161.244323730 -43.151447296 -0.040310062 -0.101027884 0.481957644 -0.869416654
1658133514.474613 94.075126648 -161.229263306 -43.150177002 -0.047675181 -0.099576235 0.481922328 -0.869231045
1658133514.674863 93.335975647 -159.987075806 -43.036018372 -0.050013889 -0.100762926 0.482503474 -0.868640244
1658133514.875551 93.327194214 -159.972244263 -43.034721375 -0.045756519 -0.096739061 0.481208384 -0.870049655
1658133515.076317 92.595718384 -158.740921021 -42.923095703 -0.043292817 -0.097886510 0.480125785 -0.870645344
1658133515.374053 92.582534790 -158.718643188 -42.920982361 -0.049194843 -0.095237643 0.480531722 -0.870401621
1658133515.574179 91.668556213 -157.190673828 -42.782836914 -0.051877517 -0.095913447 0.480113983 -0.870402157
1658133515.775069 91.659484863 -157.175567627 -42.781448364 -0.056469198 -0.108255796 0.479490995 -0.869011104
1658133515.975826 91.650436401 -157.160446167 -42.779991150 -0.058462232 -0.121432655 0.480106682 -0.866795182
1658133516.272473 90.358055115 -155.005172729 -42.564025879 -0.049124289 -0.101692505 0.483854443 -0.867830813
1658133516.473702 90.349266052 -154.990066528 -42.562274933 -0.037923135 -0.088947348 0.484034121 -0.869690299
1658133516.674459 89.606910706 -153.727539062 -42.417430878 -0.046822160 -0.090126224 0.486100167 -0.867981315
1658133516.875081 89.597839355 -153.712707520 -42.415802002 -0.049332764 -0.087819673 0.487273633 -0.867420554
1658133517.176252 89.584403992 -153.690093994 -42.413574219 -0.049937531 -0.089203984 0.489876181 -0.865777314
1658133517.372679 88.292617798 -151.544052124 -42.192958832 -0.051943943 -0.090005249 0.489813358 -0.865611792
1658133517.573515 88.283737183 -151.529174805 -42.191589355 -0.050067395 -0.090943657 0.487564474 -0.866892993
1658133517.774168 87.544723511 -150.299743652 -42.079807281 -0.049186323 -0.094927438 0.485771924 -0.867522418
1658133518.075222 87.531341553 -150.277267456 -42.077716827 -0.051867835 -0.094461180 0.484956741 -0.867873132
1658133518.272417 87.522727966 -150.262878418 -42.076522827 -0.053137861 -0.096530527 0.485025853 -0.867529929
1658133518.473601 86.252479553 -148.132415771 -41.890033722 -0.053517479 -0.099217534 0.484983444 -0.867227077
1658133518.674843 86.243591309 -148.117630005 -41.888809204 -0.055035904 -0.103638060 0.484213561 -0.867045283
1658133518.975347 85.321403503 -146.589935303 -41.758338928 -0.056299757 -0.103982568 0.483956873 -0.867066145
1658133519.177472 85.312637329 -146.575073242 -41.757038116 -0.056510363 -0.104620308 0.484268129 -0.866801918
1658133519.372724 84.591339111 -145.365203857 -41.653034210 -0.060209904 -0.103245839 0.486051083 -0.865719080
1658133519.573585 84.582504272 -145.350418091 -41.651695251 -0.059095219 -0.100466430 0.486104935 -0.866092563
1658133519.874648 83.672279358 -143.810134888 -41.523105621 -0.051392905 -0.101562493 0.484747648 -0.867215991
1658133520.077332 83.663444519 -143.795257568 -41.521926880 -0.048394747 -0.104543269 0.482765019 -0.868139744
1658133520.272229 83.654884338 -143.780563354 -41.520740509 -0.051125471 -0.106386758 0.481576711 -0.868419170
1658133520.574976 82.388275146 -141.632080078 -41.349296570 -0.051783886 -0.105517052 0.480580598 -0.869037926
1658133520.775144 82.379859924 -141.617095947 -41.348033905 -0.054907966 -0.100118004 0.481548935 -0.868948877
1658133521.076215 81.465797424 -140.054473877 -41.218227386 -0.060804628 -0.108669214 0.481506765 -0.867551148
1658133521.272651 81.457260132 -140.040039062 -41.216808319 -0.049553417 -0.094599470 0.482685387 -0.869258463
1658133521.474218 80.741859436 -138.818588257 -41.111282349 -0.049849976 -0.091804326 0.483714551 -0.868969023
1658133521.777064 80.728599548 -138.796234131 -41.109504700 -0.053455252 -0.095842108 0.485014200 -0.867593288
1658133521.975650 80.719635010 -138.781127930 -41.108230591 -0.053136926 -0.098500572 0.484487742 -0.867609203
1658133522.272302 79.259567261 -136.320465088 -40.907920837 -0.049977146 -0.100099765 0.481888264 -0.869060457
1658133522.473642 79.250808716 -136.305404663 -40.906745911 -0.049579654 -0.103804976 0.480672240 -0.869321942
1658133522.675055 78.517425537 -135.061370850 -40.807044983 -0.049145859 -0.102092028 0.482165486 -0.868722260
1658133522.978176 78.504173279 -135.038925171 -40.805313110 -0.049203541 -0.098082647 0.483629763 -0.868366957
1658133523.176101 77.598808289 -133.492553711 -40.688991547 -0.047683071 -0.097047359 0.482956707 -0.868942440
1658133523.373444 77.589851379 -133.477828979 -40.687889099 -0.048663042 -0.099497870 0.482168943 -0.869048476
1658133523.573816 77.580993652 -133.462768555 -40.686775208 -0.050859496 -0.101052783 0.482353240 -0.868640900
1658133523.874865 76.298309326 -131.310958862 -40.525760651 -0.048730485 -0.099715456 0.482472032 -0.868851483
1658133524.075621 76.289344788 -131.296035767 -40.524623871 -0.047196124 -0.098971128 0.483265787 -0.868580163
1658133524.273573 75.556961060 -130.075454712 -40.430015564 -0.047964986 -0.095893018 0.484244108 -0.868338406
1658133524.473337 75.547874451 -130.060531616 -40.428855896 -0.049348194 -0.095237903 0.484100610 -0.868413031
1658133524.674624 75.539207458 -130.045364380 -40.427673340 -0.049784724 -0.095091909 0.483866155 -0.868534744
1658133524.874818 74.441818237 -128.195327759 -40.286777496 -0.050419278 -0.097199395 0.484104455 -0.868131995
1658133525.177829 74.428482056 -128.172851562 -40.285083771 -0.050261494 -0.099926777 0.484417975 -0.867656410
1658133525.372648 73.526382446 -126.642333984 -40.172168732 -0.047291663 -0.100982167 0.483937263 -0.867969394
1658133525.573266 73.517608643 -126.627365112 -40.171077728 -0.047214016 -0.101588495 0.484484881 -0.867597342
1658133525.774437 73.508766174 -126.612487793 -40.169929504 -0.047721505 -0.097335964 0.484421939 -0.868092060
1658133525.974924 72.416694641 -124.761634827 -40.037956238 -0.050947845 -0.103880025 0.483551592 -0.867635369
1658133526.175543 72.407951355 -124.746841431 -40.036907196 -0.047219168 -0.101771004 0.482639134 -0.868603826
1658133526.373409 71.681335449 -123.527702332 -39.944103241 -0.043834154 -0.093905158 0.482914567 -0.869513631
1658133526.674589 71.667991638 -123.505157471 -39.942497253 -0.044799663 -0.095306076 0.481542051 -0.870073020
1658133526.875358 71.659431458 -123.490119934 -39.941516876 -0.043312669 -0.099027611 0.481152683 -0.869948089
1658133527.076114 70.394866943 -121.329307556 -39.792522430 -0.042922653 -0.099927746 0.481718719 -0.869551182
1658133527.272899 70.386436462 -121.314636230 -39.791511536 -0.041135155 -0.097704247 0.482476383 -0.869470179
1658133527.474505 70.377601624 -121.299812317 -39.790512085 -0.041295990 -0.097835004 0.482915550 -0.869203985
1658133527.676903 69.296119690 -119.466667175 -39.666294098 -0.042395290 -0.098154701 0.483103335 -0.869010687
1658133527.876021 69.287414551 -119.451858521 -39.665210724 -0.041269463 -0.094874866 0.482854068 -0.869567454
1658133528.078504 69.278350830 -119.437103271 -39.664268494 -0.041652314 -0.094394051 0.482781947 -0.869641602
1658133528.271789 68.189422607 -117.619972229 -39.539009094 -0.042533655 -0.093495682 0.483063966 -0.869539320
1658133528.473716 68.180480957 -117.605072021 -39.537971497 -0.037954986 -0.092662856 0.482176512 -0.870332658
1658133528.674744 68.171661377 -117.589752197 -39.537006378 -0.032864865 -0.097561672 0.480508149 -0.870926917
1658133528.874913 67.071525574 -115.736679077 -39.421024323 -0.036047786 -0.090270735 0.481250614 -0.871177197
1658133529.075869 67.062744141 -115.721649170 -39.420093536 -0.036918670 -0.086412661 0.480185091 -0.872119427
1658133529.271640 67.053718567 -115.706962585 -39.419200897 -0.034041706 -0.090341911 0.479872048 -0.872010529
1658133529.472984 65.956604004 -113.870986938 -39.308906555 -0.036277369 -0.088637359 0.481783032 -0.871041059
1658133529.674702 65.947738647 -113.855888367 -39.307899475 -0.035367187 -0.086877398 0.482368439 -0.870931864
1658133529.874912 65.938728333 -113.840995789 -39.306915283 -0.034376122 -0.087922968 0.482158750 -0.870982707
1658133530.075598 65.929771423 -113.826110840 -39.305992126 -0.038113613 -0.089811318 0.483006120 -0.870164633
1658133530.272341 64.477859497 -111.372489929 -39.146972656 -0.032900512 -0.087361410 0.482583702 -0.870860815
1658133530.472806 64.469017029 -111.357376099 -39.145931244 -0.031203970 -0.087219775 0.481673688 -0.871441066
1658133530.673590 64.460174561 -111.342460632 -39.145130157 -0.037015155 -0.089710049 0.482622355 -0.870435417
1658133530.776170 64.455917358 -111.334846497 -39.144618988 -0.035786841 -0.088154882 0.482120246 -0.870923758
1658133530.974630 64.446884155 -111.319915771 -39.143676758 -0.033801835 -0.095485017 0.481046587 -0.870823920
1658133531.177286 62.796115875 -108.541374207 -38.974746704 -0.037939742 -0.093183301 0.482158422 -0.870287716
1658133531.372340 62.787643433 -108.526725769 -38.973773956 -0.034201533 -0.085496455 0.481767744 -0.871447384
1658133531.572940 62.778892517 -108.511756897 -38.972957611 -0.034834802 -0.082335509 0.483012199 -0.871037662
1658133531.773772 62.769813538 -108.496978760 -38.972175598 -0.037711125 -0.088389196 0.482591987 -0.870557427
1658133531.974733 61.317214966 -106.061607361 -38.834545135 -0.041409414 -0.085638374 0.484399676 -0.869659841
1658133532.175164 61.308284760 -106.046684265 -38.833805084 -0.043512844 -0.091647707 0.484191716 -0.869060278
1658133532.373055 61.299407959 -106.032257080 -38.832996368 -0.045528971 -0.099728234 0.482651681 -0.868923903
1658133532.573783 61.290954590 -106.017524719 -38.832344055 -0.045728654 -0.099861152 0.482307553 -0.869089246
1658133532.774563 61.282135010 -106.002700806 -38.831302643 -0.046391357 -0.097883269 0.483077109 -0.868851662
1658133532.874832 59.663295746 -103.289512634 -38.685668945 -0.044840593 -0.095837876 0.483330369 -0.869020283
1658133533.076268 59.654396057 -103.274688721 -38.684711456 -0.044526353 -0.096630886 0.483462870 -0.868874907
1658133533.271461 59.645965576 -103.260215759 -38.683818817 -0.043389816 -0.095577486 0.484094292 -0.868697345
1658133533.473202 59.637180328 -103.245323181 -38.682796478 -0.043261036 -0.096836865 0.484465003 -0.868357539
1658133533.674028 58.202785492 -100.807128906 -38.527221680 -0.042134590 -0.101215966 0.484104633 -0.868114471
1658133533.874665 58.193866730 -100.792343140 -38.526138306 -0.040413704 -0.098234564 0.485283226 -0.867880702
1658133534.075317 58.185321808 -100.777641296 -38.525154114 -0.038021412 -0.093711272 0.486898452 -0.867584348
1658133534.271472 58.176540375 -100.763000488 -38.524154663 -0.036893312 -0.096090734 0.486360967 -0.867674172
1658133534.573325 56.559173584 -98.018653870 -38.345104218 -0.043672014 -0.100186571 0.485400587 -0.867433965
1658133534.774079 56.550613403 -98.003669739 -38.344326019 -0.049083956 -0.100081779 0.485230684 -0.867251754
1658133534.975107 56.541572571 -97.989158630 -38.343662262 -0.043478198 -0.105498523 0.485682696 -0.866655707
1658133535.175501 56.532703400 -97.974082947 -38.342868805 -0.039912585 -0.102520242 0.487346679 -0.866250455
1658133535.372403 56.523853302 -97.959403992 -38.342086792 -0.041749187 -0.095543265 0.487983465 -0.866603017
1658133535.573133 54.717124939 -94.915657043 -38.186065674 -0.039899606 -0.091043927 0.487971991 -0.867180705
1658133535.773900 54.708381653 -94.900703430 -38.185356140 -0.040025257 -0.091899447 0.486088276 -0.868142128
1658133535.974786 54.699497223 -94.885238647 -38.184692383 -0.048957024 -0.105835430 0.484696746 -0.866874397
1658133536.175691 53.606071472 -93.035255432 -38.094543457 -0.043020211 -0.097210914 0.486313373 -0.867293894
1658133536.372564 53.597522736 -93.020751953 -38.093635559 -0.035004623 -0.083668686 0.486181915 -0.869138300
1658133536.573001 52.876014709 -91.795425415 -38.028373718 -0.036675952 -0.089539818 0.485731214 -0.868736327
1658133536.773632 52.867237091 -91.780410767 -38.027694702 -0.038894456 -0.093327224 0.486395448 -0.867869139
1658133536.974339 52.858356476 -91.765441895 -38.026950836 -0.039595738 -0.094936021 0.486836880 -0.867415249
1658133537.175145 52.849674225 -91.750656128 -38.026264191 -0.037751108 -0.094018936 0.486663163 -0.867694795
1658133537.372020 51.403701782 -89.308319092 -37.910545349 -0.036935877 -0.095776312 0.485857189 -0.867989302
1658133537.573247 51.394969940 -89.293357849 -37.909934998 -0.037904322 -0.097711802 0.485740632 -0.867797077
1658133537.773712 50.667377472 -88.058975220 -37.857337952 -0.036780305 -0.100025527 0.484734148 -0.868144572
1658133537.974202 50.658519745 -88.044052124 -37.856605530 -0.036937244 -0.098547891 0.483849555 -0.868800104
1658133538.174978 50.649658203 -88.029235840 -37.855995178 -0.038775843 -0.098377518 0.483491272 -0.868938804
1658133538.371725 49.557514191 -86.196365356 -37.771785736 -0.037475012 -0.096346810 0.483679682 -0.869118512
1658133538.572565 49.548431396 -86.181411743 -37.771060944 -0.035282023 -0.094246551 0.483640820 -0.869462132
1658133538.873600 48.627254486 -84.631019592 -37.706188202 -0.036079455 -0.093222953 0.482252479 -0.870310485
1658133538.974046 48.622562408 -84.623596191 -37.705863953 -0.036573973 -0.094695069 0.481539786 -0.870525539
1658133539.272147 48.609256744 -84.601570129 -37.704967499 -0.036247894 -0.095497824 0.481334597 -0.870564938
1658133539.473042 47.505996704 -82.768157959 -37.630546570 -0.037409887 -0.092721760 0.482506365 -0.870167077
1658133539.573547 47.501445770 -82.760803223 -37.630218506 -0.037465949 -0.092727669 0.483212054 -0.869772375
1658133539.774286 47.492588043 -82.745948792 -37.629489899 -0.036808174 -0.089029685 0.484409064 -0.869521022
1658133540.075182 46.376049042 -80.897155762 -37.544403076 -0.036001038 -0.084886827 0.483973116 -0.870211542
1658133540.271321 46.367473602 -80.882827759 -37.543838501 -0.036452804 -0.083484150 0.483541936 -0.870568097
1658133540.472684 46.358570099 -80.867454529 -37.543170929 -0.037882920 -0.085389800 0.483186215 -0.870519698
1658133540.674016 46.349517822 -80.852668762 -37.542560577 -0.038606655 -0.083019629 0.483755440 -0.870401025
1658133540.874222 44.896617889 -78.399230957 -37.442264557 -0.039727442 -0.084925257 0.483596891 -0.870254815
1658133541.074992 44.887454987 -78.384086609 -37.441688538 -0.039371960 -0.088594288 0.483420968 -0.870002925
1658133541.271306 44.155906677 -77.163856506 -37.394706726 -0.036603730 -0.082680203 0.483942330 -0.870416045
1658133541.472547 44.146995544 -77.148971558 -37.394096375 -0.035019048 -0.078690805 0.484033734 -0.870800078
1658133541.673315 44.137928009 -77.134048462 -37.393562317 -0.036450949 -0.080797635 0.483584374 -0.870798051
1658133541.874008 44.129119873 -77.119110107 -37.393070221 -0.036473282 -0.083041795 0.483191222 -0.870804310
1658133542.074939 42.669849396 -74.639663696 -37.300949097 -0.037812445 -0.084642760 0.483109623 -0.870638251
1658133542.271245 42.661090851 -74.625267029 -37.300403595 -0.037194524 -0.084695265 0.483345240 -0.870528996
1658133542.472393 42.652404785 -74.610290527 -37.299819946 -0.034473356 -0.086326607 0.483897030 -0.870174170
1658133542.673089 41.569797516 -72.784416199 -37.233367920 -0.033932317 -0.088033527 0.485004246 -0.869407594
1658133542.874062 41.561069489 -72.769386292 -37.232780457 -0.034504723 -0.087037675 0.485234529 -0.869356930
1658133543.074503 41.552146912 -72.754432678 -37.232311249 -0.033959758 -0.087927051 0.484388292 -0.869760692
1658133543.271209 41.543392181 -72.739921570 -37.231781006 -0.034104291 -0.087211415 0.484074712 -0.870001554
1658133543.472124 40.094295502 -70.289505005 -37.143871307 -0.035450403 -0.084825173 0.483669758 -0.870408893
1658133543.673318 40.085494995 -70.274291992 -37.143325806 -0.037219599 -0.085653476 0.483590454 -0.870297968
1658133543.873410 40.076629639 -70.259704590 -37.142890930 -0.036294620 -0.084280923 0.483996242 -0.870245397
1658133544.074128 40.067825317 -70.244689941 -37.142322540 -0.038741678 -0.083918430 0.484436065 -0.869930148
1658133544.271428 38.616455078 -67.795600891 -37.057014465 -0.038752045 -0.085026413 0.484049678 -0.870037198
1658133544.473197 38.607704163 -67.780609131 -37.056472778 -0.036858611 -0.086999491 0.484151542 -0.869867742
1658133544.674788 38.598697662 -67.765777588 -37.055847168 -0.034933742 -0.087764144 0.484062046 -0.869920135
1658133544.874339 38.589977264 -67.750938416 -37.055263519 -0.034207970 -0.086412802 0.483568251 -0.870358765
1658133545.075160 37.128021240 -65.299919128 -36.960678101 -0.035316564 -0.086245179 0.483605057 -0.870310664
1658133545.271089 37.119518280 -65.285270691 -36.960144043 -0.034773786 -0.085094690 0.483601183 -0.870447993
1658133545.472751 37.110572815 -65.270309448 -36.959510803 -0.034779530 -0.087277852 0.483403742 -0.870341241
1658133545.673742 37.101802826 -65.255264282 -36.958965302 -0.036068998 -0.090014122 0.483086795 -0.870186031
1658133545.773871 35.853919983 -63.122108459 -36.882602692 -0.036510598 -0.088332817 0.483029932 -0.870371461
1658133545.976796 35.845008850 -63.107097626 -36.882019043 -0.038745686 -0.093877792 0.483152390 -0.869626164
1658133546.175274 35.836231232 -63.092342377 -36.881465912 -0.033325985 -0.088775188 0.483758032 -0.870049775
1658133546.372175 35.827575684 -63.077610016 -36.880767822 -0.030431682 -0.081249103 0.484530509 -0.870461285
1658133546.572783 34.380905151 -60.621910095 -36.781921387 -0.032993242 -0.081079923 0.484220892 -0.870555937
1658133546.773538 34.371932983 -60.607063293 -36.781379700 -0.033834346 -0.084452376 0.483816236 -0.870427966
1658133546.974333 34.363140106 -60.592357635 -36.780830383 -0.034137219 -0.085487120 0.483694136 -0.870383024
1658133547.174996 34.354358673 -60.577190399 -36.780265808 -0.036165833 -0.083240606 0.484574318 -0.870029211
1658133547.371903 32.901668549 -58.136913300 -36.692039490 -0.035634968 -0.082717620 0.485339046 -0.869674683
1658133547.471745 32.897396088 -58.129711151 -36.691852570 -0.034864601 -0.082934521 0.485618174 -0.869529426
1658133547.672374 32.888324738 -58.114749908 -36.691207886 -0.033036325 -0.080664001 0.486253470 -0.869459271
1658133547.873955 31.978244781 -56.579517365 -36.640270233 -0.033310346 -0.084063351 0.485901594 -0.869323552
1658133548.073884 31.969345093 -56.564720154 -36.639797211 -0.032309338 -0.083519660 0.485408306 -0.869689226
1658133548.270863 31.960906982 -56.550178528 -36.639278412 -0.031170348 -0.080566302 0.485167265 -0.870143831
1658133548.472495 31.952121735 -56.535148621 -36.638782501 -0.032158360 -0.081222273 0.484901726 -0.870194912
1658133548.672832 31.943115234 -56.520599365 -36.638351440 -0.033010568 -0.081866421 0.484639376 -0.870248795
1658133548.773879 30.327011108 -53.777088165 -36.546543121 -0.033572674 -0.083581969 0.484573275 -0.870100975
1658133548.974055 30.318174362 -53.762260437 -36.546134949 -0.034356065 -0.083506979 0.484798878 -0.869951963
1658133549.174685 30.309360504 -53.747383118 -36.545619965 -0.035726324 -0.080837436 0.485113800 -0.869973361
1658133549.371483 29.224773407 -51.920299530 -36.489418030 -0.034874167 -0.082326971 0.485192209 -0.869824469
1658133549.573054 29.216016769 -51.905357361 -36.488906860 -0.034817781 -0.083292253 0.486121625 -0.869215727
1658133549.772930 29.207031250 -51.890525818 -36.488399506 -0.035686053 -0.081430636 0.487313539 -0.868689299
1658133549.973615 29.198299408 -51.875968933 -36.488044739 -0.033041559 -0.080050692 0.487025678 -0.869083524
1658133550.073947 27.943313599 -49.731658936 -36.420688629 -0.031706024 -0.079711743 0.487016469 -0.869169533
1658133550.271145 27.934373856 -49.717224121 -36.420215607 -0.030382352 -0.081211545 0.486597240 -0.869312823
1658133550.471518 27.925781250 -49.702018738 -36.419818878 -0.029676815 -0.083135761 0.486518174 -0.869199514
1658133550.672809 27.916841507 -49.687255859 -36.419322968 -0.028352609 -0.081232183 0.487219363 -0.869031012
1658133550.873082 26.476079941 -47.237663269 -36.351749420 -0.030935731 -0.082150541 0.486540347 -0.869236887
1658133550.974180 26.471755981 -47.230136871 -36.351673126 -0.036590204 -0.088741794 0.486733437 -0.868260741
1658133551.174100 26.463006973 -47.215381622 -36.351230621 -0.033579577 -0.082770117 0.486389279 -0.869164526
1658133551.372096 25.567258835 -45.685844421 -36.308513641 -0.027779661 -0.073810562 0.487525225 -0.869539797
1658133551.572642 25.558441162 -45.670944214 -36.308181763 -0.028364617 -0.076194860 0.487448126 -0.869358480
1658133551.773753 25.549560547 -45.655849457 -36.307830811 -0.030182403 -0.078304470 0.487537146 -0.869059861
1658133551.874211 24.638021469 -44.122539520 -36.274047852 -0.028638799 -0.078038834 0.486992002 -0.869441569
1658133552.074560 24.629344940 -44.107540131 -36.273796082 -0.026500102 -0.082258970 0.486245006 -0.869538367
1658133552.273228 24.620676041 -44.093086243 -36.273334503 -0.025369449 -0.083222628 0.486606181 -0.869278371
1658133552.472209 23.547931671 -42.261611938 -36.231479645 -0.024100661 -0.082201354 0.487810403 -0.868736506
1658133552.572465 23.543531418 -42.254188538 -36.231338501 -0.025578933 -0.084983878 0.488021880 -0.868307650
1658133552.773295 23.534816742 -42.239181519 -36.230915070 -0.026861539 -0.087903336 0.488454312 -0.867734909
1658133552.974061 22.634738922 -40.705955505 -36.192832947 -0.026052780 -0.086853787 0.489152461 -0.867471933
1658133553.174737 22.625852585 -40.691082001 -36.192470551 -0.027393818 -0.089530699 0.488825530 -0.867342710
1658133553.371581 22.617250443 -40.676330566 -36.192150116 -0.027900213 -0.088958785 0.487821877 -0.867950320
1658133553.471909 22.612976074 -40.669063568 -36.192024231 -0.026387017 -0.087310992 0.486690491 -0.868799686
1658133553.672701 21.351783752 -38.532329559 -36.141792297 -0.023486691 -0.084017470 0.486402482 -0.869368792
1658133553.873624 21.342910767 -38.517414093 -36.141582489 -0.023161840 -0.082482748 0.485754073 -0.869886875
1658133554.074407 21.334180832 -38.502613068 -36.141372681 -0.022122877 -0.080125548 0.483785212 -0.871230423
1658133554.270704 20.248519897 -36.671707153 -36.113666534 -0.024887795 -0.077859655 0.482766658 -0.871925950
1658133554.372271 20.243925095 -36.664203644 -36.113548279 -0.026942002 -0.078626439 0.482772708 -0.871792734
1658133554.574559 20.235261917 -36.649314880 -36.113365173 -0.028960265 -0.081733905 0.482713312 -0.871475101
1658133554.773593 20.226211548 -36.634494781 -36.113014221 -0.028768616 -0.081220999 0.481983036 -0.871933401
1658133554.976168 18.944368362 -34.493152618 -36.078987122 -0.029622452 -0.082137130 0.480992764 -0.872365773
1658133555.075366 18.940097809 -34.485877991 -36.078880310 -0.030369347 -0.080175772 0.480718821 -0.872673512
1658133555.270713 18.931283951 -34.471218109 -36.078544617 -0.028616915 -0.080861136 0.480456889 -0.872813761
1658133555.472766 18.021505356 -32.951999664 -36.052028656 -0.030592440 -0.080742933 0.481131256 -0.872386038
1658133555.673003 18.012687683 -32.937232971 -36.051788330 -0.032135095 -0.080646276 0.480915636 -0.872458458
1658133555.872963 18.003734589 -32.921985626 -36.051429749 -0.037889406 -0.085341580 0.480427563 -0.872049630
1658133555.973391 17.999204636 -32.914375305 -36.051315308 -0.041642830 -0.091686428 0.480425775 -0.871235132
1658133556.174042 16.720106125 -30.764986038 -36.008636475 -0.038374178 -0.082174808 0.482186258 -0.871361673
1658133556.372913 16.711547852 -30.750396729 -36.008224487 -0.031715319 -0.076535910 0.483392835 -0.871474504
1658133556.573204 15.988054276 -29.529617310 -35.975418091 -0.030233772 -0.078816414 0.483308613 -0.871370554
1658133556.673554 15.983617783 -29.522241592 -35.975349426 -0.029371338 -0.081127673 0.482966840 -0.871377468
1658133556.975198 15.970268250 -29.499725342 -35.974849701 -0.030242646 -0.090078853 0.482506484 -0.870723069
1658133557.174979 14.879287720 -27.655239105 -35.936252594 -0.028575066 -0.086773641 0.483167499 -0.870748520
1658133557.371714 14.870637894 -27.640941620 -35.935874939 -0.028933717 -0.079770647 0.484385788 -0.870729566
1658133557.574789 14.150363922 -26.424800873 -35.910224915 -0.033455689 -0.080641083 0.484578907 -0.870379806
1658133557.672840 14.145833969 -26.417552948 -35.910121918 -0.035303369 -0.080426216 0.484333187 -0.870463490
1658133557.873635 14.137296677 -26.402673721 -35.909862518 -0.037207216 -0.081038915 0.484595060 -0.870181561
1658133558.074214 14.128425598 -26.387805939 -35.909591675 -0.033931818 -0.080915682 0.484924436 -0.870143473
1658133558.270585 12.872716904 -24.266765594 -35.876167297 -0.030429907 -0.079672538 0.485040814 -0.870322764
1658133558.471951 12.863862991 -24.251779556 -35.875995636 -0.027795715 -0.080955841 0.484632850 -0.870519698
1658133558.572444 12.321843147 -23.326147079 -35.867183685 -0.028847270 -0.083088651 0.484698236 -0.870248139
1658133558.772935 12.313001633 -23.311185837 -35.867034912 -0.031397659 -0.083747268 0.484394431 -0.870265841
1658133558.976164 11.579376221 -22.075277328 -35.858406067 -0.033304118 -0.081360944 0.485024840 -0.870070159
1658133559.174446 11.570464134 -22.060482025 -35.858291626 -0.032501947 -0.080583856 0.484647900 -0.870382845
1658133559.372287 11.561802864 -22.045829773 -35.858116150 -0.031067891 -0.079965368 0.484356612 -0.870654404
1658133559.472104 10.659530640 -20.532915115 -35.844333649 -0.031158930 -0.079284228 0.484284908 -0.870753288
1658133559.672651 10.650786400 -20.517871857 -35.844219208 -0.030963102 -0.078946628 0.484132975 -0.870875478
1658133559.873339 10.641806602 -20.503171921 -35.844154358 -0.032694999 -0.079937838 0.484432131 -0.870555341
1658133560.073905 9.551884651 -18.652683258 -35.828990936 -0.032960158 -0.078597032 0.484625697 -0.870559633
1658133560.270585 9.543358803 -18.638301849 -35.828948975 -0.034803174 -0.078246012 0.484806120 -0.870419085
1658133560.471466 9.534336090 -18.623243332 -35.828704834 -0.035182916 -0.082656853 0.484955937 -0.869912505
1658133560.672238 8.447864532 -16.794969559 -35.814605713 -0.033802953 -0.086491555 0.482712299 -0.870841801
1658133560.772587 8.443445206 -16.787496567 -35.814544678 -0.035261102 -0.088132218 0.481691182 -0.871184886
1658133560.973330 8.434885979 -16.772401810 -35.814384460 -0.040313784 -0.093460575 0.482284784 -0.870081246
1658133561.174004 7.529423714 -15.239612579 -35.798267365 -0.037724115 -0.087391160 0.483205169 -0.870317459
1658133561.370923 7.520737648 -15.225167274 -35.797992706 -0.033530939 -0.085833259 0.483620346 -0.870413542
1658133561.571635 7.511992455 -15.210408211 -35.797622681 -0.027061181 -0.080551341 0.482756793 -0.871622145
1658133561.672168 6.612596512 -13.703032494 -35.771266937 -0.026418762 -0.081071757 0.482188493 -0.871908069
1658133561.872734 6.603713989 -13.688227654 -35.771167755 -0.030722419 -0.083466537 0.482939869 -0.871124923
1658133562.073610 6.595077515 -13.673112869 -35.770957947 -0.033057977 -0.083304532 0.483794302 -0.870580673
1658133562.270197 5.511483192 -11.849457741 -35.762817383 -0.033603169 -0.084068500 0.485003114 -0.869813383
1658133562.472075 5.502677917 -11.834724426 -35.762718201 -0.032689109 -0.083705142 0.484811276 -0.869990230
1658133562.572410 5.498340607 -11.827063560 -35.762657166 -0.034590937 -0.086265117 0.485086977 -0.869512737
1658133562.773176 4.587158203 -10.295602798 -35.750625610 -0.032926962 -0.087938353 0.484888434 -0.869520545
1658133562.974150 4.578592777 -10.280491829 -35.750507355 -0.032656033 -0.087290056 0.485258281 -0.869389713
1658133563.174534 4.569603443 -10.265853882 -35.750274658 -0.033764299 -0.084547050 0.485421062 -0.869527578
1658133563.370513 3.497823238 -8.437129021 -35.735534668 -0.034557492 -0.084929898 0.485506743 -0.869411230
1658133563.470972 3.493468285 -8.429469109 -35.735439301 -0.032807052 -0.085604928 0.484190643 -0.870146513
1658133563.671668 3.484594345 -8.414800644 -35.735271454 -0.033400245 -0.085320048 0.484476238 -0.869993031
1658133563.872446 2.572351933 -6.881311893 -35.721538544 -0.033327714 -0.082220249 0.485210180 -0.869885147
1658133564.073196 2.563571930 -6.866346359 -35.721343994 -0.029383006 -0.084828041 0.484577060 -0.870129883
1658133564.270275 2.554967880 -6.851471424 -35.721118927 -0.028935626 -0.081780203 0.484923065 -0.870243907
1658133564.371299 1.663765430 -5.327947140 -35.710289001 -0.029101430 -0.082268812 0.485098958 -0.870094240
1658133564.571978 1.654888153 -5.312841415 -35.710105896 -0.030435832 -0.081502378 0.485002309 -0.870174587
1658133564.772825 1.646113396 -5.297892570 -35.710010529 -0.029793086 -0.080400787 0.485202491 -0.870187759
1658133564.974016 0.555937052 -3.446533442 -35.693187714 -0.026524138 -0.079006232 0.484573036 -0.870771766
1658133565.174238 0.547484875 -3.431866169 -35.692642212 -0.012167417 -0.052718952 0.485931307 -0.872320771
1658133565.371148 0.539629340 -3.418006659 -35.692024231 0.012190467 -0.008330256 0.487647921 -0.872915566
1658133565.571822 -0.479163647 -1.658419132 -35.614360809 0.040725414 0.037100207 0.484582633 -0.873008966
1658133565.672099 -0.483240932 -1.652099490 -35.614028931 0.056491256 0.054554258 0.481586307 -0.872873008
1658133565.872813 -0.955542326 -0.839616776 -35.579319000 0.080644317 0.076408364 0.474297106 -0.873327255
1658133566.073645 -0.962641656 -0.828305006 -35.579158783 0.083174795 0.086618014 0.468322307 -0.875359058
1658133566.270099 -1.516977668 0.079466581 -35.565132141 0.080352850 0.100116104 0.463610470 -0.876690090
1658133566.471115 -1.522548199 0.088463068 -35.564876556 0.068715058 0.118896335 0.462137848 -0.876111031
1658133566.672177 -1.526941776 0.096179247 -35.564624786 0.081391260 0.116821080 0.465273112 -0.873641431
1658133566.872615 -1.531268358 0.102582932 -35.564472198 0.086567357 0.115796454 0.467737734 -0.871962607
1658133567.073400 -1.533950090 0.107728243 -35.564483643 0.074639723 0.111042403 0.471166581 -0.871837497
1658133567.173949 -1.535006285 0.110059500 -35.564666748 0.064983681 0.100905128 0.473856002 -0.872385144
1658133567.370553 -1.537135363 0.113624096 -35.565097809 0.042928100 0.082510799 0.482481211 -0.870954096
1658133567.571347 -2.421611309 1.650347471 -35.502750397 0.077862628 0.124196529 0.490230381 -0.859178007
1658133567.772143 -2.422383308 1.651886463 -35.502391815 0.098329812 0.128092021 0.496207088 -0.853054643
1658133567.972962 -2.422096252 1.652078629 -35.503261566 0.091779955 0.087167740 0.502208054 -0.855432868
1658133568.174169 -2.422592640 1.653617620 -35.506175995 -0.023452871 -0.111527272 0.505767107 -0.855108917
1658133568.371499 -2.421592236 1.653808117 -35.506366730 -0.044530902 -0.121620238 0.509877503 -0.850441396
1658133568.572281 -2.421232224 1.651683092 -35.504997253 0.024590632 -0.003680805 0.512320757 -0.858434200
1658133568.672618 -2.421083450 1.652253747 -35.504467010 0.044298291 0.027928507 0.509436309 -0.858913422
1658133568.873322 -2.421155930 1.652549028 -35.504760742 0.040139355 0.017504135 0.506442070 -0.861161411
1658133569.074075 -2.421280861 1.652227759 -35.505416870 0.011348304 -0.027388059 0.507416487 -0.861190856
1658133569.269938 -2.421286583 1.652729154 -35.505737305 -0.003175347 -0.045500919 0.509205163 -0.859435737
1658133569.471631 -2.421244144 1.652275085 -35.505527496 0.004578098 -0.029872334 0.509886026 -0.859711051
1658133569.672348 -1.537943244 0.118457556 -35.566417694 0.012913614 -0.016573841 0.508508325 -0.860800683
1658133569.873491 -1.538461447 0.118745029 -35.566047668 0.013621188 -0.016146317 0.506682456 -0.861873984
1658133569.973527 -1.538501620 0.118731767 -35.566097260 0.011706138 -0.017625777 0.505834877 -0.862370849
1658133570.174162 -1.538516998 0.118788362 -35.566135406 0.009162946 -0.021073639 0.505394518 -0.862582386
1658133570.370285 -1.538511872 0.118718624 -35.566165924 0.009172255 -0.021268053 0.505971968 -0.862238944
1658133570.571066 -1.538498282 0.118659019 -35.566036224 0.007917440 -0.014495821 0.506931007 -0.861828387
1658133570.771800 -1.538521886 0.118692160 -35.566043854 0.005369470 -0.016430976 0.506204665 -0.862240136
1658133570.973034 -1.538562775 0.118685484 -35.566123962 0.005125633 -0.021596309 0.505580842 -0.862493634
1658133571.072918 -1.538546324 0.118705392 -35.566127777 0.005342345 -0.021944016 0.505539954 -0.862507582
1658133571.270301 -1.539042711 0.117722988 -35.566059113 0.005930573 -0.017700342 0.505071938 -0.862875402
1658133571.470667 -1.539007783 0.117773473 -35.566001892 0.007782692 -0.015862260 0.503026009 -0.864090741
1658133571.671462 -1.539079189 0.117482185 -35.566101074 0.006491901 -0.014923489 0.500975728 -0.865308404
1658133571.873005 -1.539108992 0.117387295 -35.566184998 0.002735576 -0.018044412 0.499415100 -0.866170585
1658133571.972773 -1.539092898 0.117249250 -35.566165924 0.003816900 -0.017061105 0.498938680 -0.866460979
1658133572.173659 -1.538950205 0.117170811 -35.566265106 0.005323388 -0.018515529 0.497554779 -0.867218614
1658133572.370849 -1.539035797 0.117130160 -35.566390991 0.010291882 -0.027451595 0.497261822 -0.867105067
1658133572.571264 -1.538890600 0.117161930 -35.566444397 0.008895694 -0.028223813 0.499307454 -0.865919471
1658133572.772070 -1.538969278 0.116815031 -35.566558838 0.002379919 -0.023632618 0.501815617 -0.864648402
1658133572.874062 -1.538829446 0.116733134 -35.566616058 -0.001090756 -0.021450380 0.503169596 -0.863920748
1658133573.073840 -1.538665771 0.116808951 -35.566520691 -0.005643019 -0.014267081 0.503896177 -0.863628030
1658133573.269727 -1.538650274 0.116625309 -35.566566467 0.000782727 -0.015967209 0.500219345 -0.865751207
1658133573.470727 -1.538650393 0.116552532 -35.566577911 0.010701737 -0.026031533 0.496591389 -0.867528021
1658133573.671310 -1.538368225 0.116637588 -35.566802979 0.006689149 -0.031734977 0.496870667 -0.867218375
1658133573.873738 -1.538612127 0.116519809 -35.566856384 -0.000099103 -0.029668469 0.499423891 -0.865849674
1658133573.972750 -1.538402081 0.116249204 -35.566860199 -0.003004506 -0.025676707 0.500570893 -0.865309477
1658133574.173362 -1.538417697 0.116305709 -35.566761017 -0.004190653 -0.019530250 0.501661777 -0.864833295
1658133574.371777 -1.538291216 0.116127729 -35.566684723 0.000363701 -0.019155383 0.502458930 -0.864388883
1658133574.571998 -1.538495064 0.116161466 -35.566699982 0.000566129 -0.024849653 0.503297985 -0.863755345
1658133574.773201 -1.538395882 0.116136789 -35.566799164 -0.000886124 -0.027540451 0.504493117 -0.862975955
1658133574.873041 -1.538226247 0.115934968 -35.566753387 -0.000973974 -0.026722232 0.505896568 -0.862179577
1658133575.073819 -1.538389683 0.115960836 -35.566783905 -0.003327950 -0.025501957 0.507788956 -0.861097515
1658133575.269986 -1.538372874 0.116150737 -35.566772461 0.000237953 -0.028130120 0.506093442 -0.862019777
1658133575.470538 -1.538158178 0.116226435 -35.566627502 0.008362992 -0.026489859 0.501893938 -0.864483058
1658133575.671299 -1.538332343 0.116414905 -35.566692352 0.011089823 -0.026009988 0.500209272 -0.865442812
1658133575.771582 -1.538200021 0.116312265 -35.566684723 0.006460781 -0.022939788 0.500766516 -0.865254283
1658133575.972380 -1.538036346 0.116460085 -35.566772461 -0.002939641 -0.017510924 0.502086043 -0.864635468
1658133576.173268 -1.538074613 0.116546869 -35.566841125 -0.000460164 -0.020686220 0.501197517 -0.865085542
1658133576.370714 -1.538096189 0.116564929 -35.566848755 0.001860762 -0.024418769 0.500843406 -0.865191460
1658133576.572160 -1.537907600 0.116611719 -35.566894531 0.003383762 -0.024554331 0.501478612 -0.864814997
1658133576.772256 -1.537924528 0.116566956 -35.566955566 0.003309198 -0.027548475 0.502429783 -0.864172757
1658133576.872622 -1.537879586 0.116463244 -35.567016602 0.001997062 -0.029600043 0.503628314 -0.863410890
1658133577.073440 -1.538109303 0.116314054 -35.566978455 0.002112535 -0.029208848 0.516618788 -0.855714619
1658133577.269690 -2.452263832 1.619334579 -35.635665894 0.021641605 -0.041543260 0.610710621 -0.790467143
1658133577.471055 -2.453842163 1.619498730 -35.635623932 0.006697949 -0.037217617 0.720964909 -0.691939056
1658133577.671755 -2.455189228 1.620157480 -35.635871887 -0.020371720 -0.031886142 0.819784701 -0.571420491
1658133577.872825 -2.591558456 1.695877552 -35.635246277 -0.014320988 -0.033345886 0.898521721 -0.437426150
1658133577.972758 -2.592106342 1.696412802 -35.635139465 -0.009486735 -0.029802989 0.927801669 -0.371760458
1658133578.174310 -1.543329477 0.119839609 -35.566528320 -0.010171666 -0.021499351 0.967405021 -0.252114743
1658133578.372458 -1.543632507 0.120468125 -35.566352844 -0.001045734 -0.013063979 0.988011658 -0.153822392
1658133578.571070 -1.543123960 0.121283010 -35.566204071 0.007975372 -0.011823951 0.997306168 -0.071952008
1658133578.771898 -2.594489574 1.870387554 -35.612571716 0.010184579 -0.015272252 0.999804974 -0.007286701
1658133578.872168 -2.593728781 1.870842218 -35.612529755 0.011623401 -0.016890686 0.999592543 0.019859156
1658133579.074200 -2.593611240 1.870938301 -35.612609863 0.015677551 -0.015777927 0.997593403 0.065672018
1658133579.269578 -2.593110085 1.871013522 -35.612678528 0.017361211 -0.014340143 0.994585395 0.101453528
1658133579.470605 -2.592883348 1.871068954 -35.612880707 0.013625330 -0.013243016 0.991325855 0.130046323
1658133579.771567 -2.592678070 1.870723009 -35.612838745 0.016430900 -0.020082587 0.987251043 0.157041997
1658133579.873154 -2.592618942 1.870690346 -35.612754822 0.017064461 -0.023389773 0.986381292 0.161906332
1658133580.074388 -2.592737436 1.870079398 -35.612705231 0.016712299 -0.026046293 0.985168159 0.168778166
1658133580.269564 -2.593004704 1.870216489 -35.612651825 0.017862096 -0.026973173 0.984232664 0.173895001
1658133580.471290 -2.593211651 1.869750261 -35.612575531 0.018559836 -0.024938336 0.983415604 0.178682581
1658133580.672118 -2.593367100 1.869429588 -35.612529755 0.016893571 -0.026340039 0.982411981 0.184085637
1658133580.872823 -2.593695164 1.869271040 -35.612541199 0.013170662 -0.032074038 0.981164277 0.190038323
1658133580.975495 -2.593633890 1.869086504 -35.612548828 0.008948539 -0.032068364 0.980550230 0.193423927
1658133581.175731 -2.524120331 1.775975585 -35.651752472 -0.072912119 0.008228729 0.977320671 0.198646635
1658133581.471756 -2.524093628 1.776008368 -35.651863098 -0.096755832 -0.037987396 0.972886741 0.206607655
1658133581.673245 -2.591831207 1.867441654 -35.613243103 -0.067848399 -0.039721016 0.974129677 0.211873129
1658133581.873875 -2.588265419 1.865183115 -35.613315582 -0.080319196 -0.014533954 0.974191070 0.210450709
1658133582.075726 -2.518449306 1.772760153 -35.651699066 -0.074235380 -0.011143535 0.975792348 0.205412447
1658133582.269425 -2.138453960 1.587152839 -35.626453400 -0.033300165 -0.031585973 0.978401423 0.201554134
1658133582.471159 -2.135112762 1.586064816 -35.626369476 -0.022907909 -0.030360870 0.978795648 0.201277554
1658133582.671776 -2.131872177 1.583866596 -35.626628876 -0.032776713 -0.012247671 0.978553057 0.203001440
1658133582.872876 -1.696189404 1.399482250 -35.637424469 -0.032029796 -0.013576763 0.978360951 0.203959957
1658133583.074170 -1.692536116 1.398095131 -35.637348175 -0.022236584 -0.020020247 0.978374600 0.204665363
1658133583.269767 -1.688986540 1.396719098 -35.637264252 -0.015268357 -0.024678590 0.978417575 0.204589605
1658133583.370493 -1.307569027 1.241462946 -35.633007050 -0.014882003 -0.026142519 0.978404105 0.204500541
1658133583.571746 -1.303724051 1.239726424 -35.633098602 -0.015626838 -0.023417778 0.978221357 0.205646425
1658133583.771818 -1.299846649 1.237762451 -35.633159637 -0.015747188 -0.019091262 0.978251636 0.205940321
1658133583.974810 -1.295777082 1.236004949 -35.633193970 -0.018271089 -0.019296410 0.978545368 0.204310536
1658133584.173857 -1.277356386 1.229521632 -35.632915497 -0.003522519 -0.025448091 0.979023874 0.202119514
1658133584.371570 -1.103606224 1.107782006 -35.615058899 -0.074402429 0.004372950 0.978145599 0.194104180
1658133584.571112 -1.278263807 1.230266094 -35.632369995 0.041986488 -0.060959801 0.976353645 0.203112349
1658133584.772874 -1.277013540 1.230175614 -35.631500244 0.027036719 -0.051867153 0.976304233 0.208348185
1658133584.874308 -1.279897928 1.228551984 -35.631908417 0.031380631 -0.039497893 0.976222217 0.210820615
1658133585.072837 -1.320855379 1.264812946 -35.626712799 0.075221792 -0.048941102 0.973069370 0.212326422
1658133585.269486 -1.274967909 1.227199674 -35.631690979 0.050573990 -0.037331391 0.974941611 0.213395044
1658133585.470218 -1.273967385 1.226531029 -35.631607056 0.036585554 -0.039533287 0.975657761 0.212580770
1658133585.671063 -1.272576213 1.225934863 -35.631828308 0.028948987 -0.027684405 0.976728141 0.210707784
1658133585.872351 -1.272027493 1.225670338 -35.631759644 0.028825581 -0.019631384 0.977456868 0.208234921
1658133586.072505 -1.270479441 1.225332022 -35.631813049 0.028287783 -0.023332739 0.977858007 0.206031919
1658133586.269281 -1.269672990 1.224792957 -35.631675720 0.031057132 -0.024504786 0.977917790 0.205211833
1658133586.369632 -1.269263387 1.224945426 -35.631610870 0.026806675 -0.025175249 0.978067815 0.205014661
1658133586.570399 -1.268748403 1.224763989 -35.631702423 0.013428337 -0.030654829 0.978213847 0.204884544
1658133586.771308 -1.268331051 1.224721193 -35.631824493 0.008410851 -0.021214681 0.978482306 0.205064908
1658133586.972215 -1.268160105 1.224268317 -35.631790161 0.013464564 -0.005591587 0.978861034 0.204006284
1658133587.172762 -1.267571449 1.223962784 -35.631805420 0.011898546 -0.017015548 0.978720188 0.204146534
1658133587.269446 -1.267657042 1.223996878 -35.631816864 0.008826498 -0.026249157 0.977649748 0.208408684
1658133587.471038 -1.267332673 1.223678112 -35.631866455 0.008096839 -0.034932353 0.970655203 0.237787068
1658133587.671700 -1.266878247 1.224188328 -35.631748199 0.013799235 -0.033468831 0.954336464 0.296532363
1658133587.872408 0.429631114 0.533833861 -35.581558228 0.012756749 -0.023706645 0.924463153 0.380319834
1658133588.073543 0.430497527 0.534177780 -35.581668854 0.003371328 -0.014731573 0.881624341 0.471709877
1658133588.269220 0.431052357 0.533904076 -35.581615448 0.008108725 -0.017274225 0.828156054 0.560172737
1658133588.470730 0.432083309 0.534531593 -35.581455231 0.015788615 -0.020320689 0.763468206 0.645332634
1658133588.571106 0.432456344 0.534263253 -35.581405640 0.021302488 -0.013000037 0.728362262 0.684737682
1658133588.771809 0.433146745 0.534359932 -35.581222534 0.027234761 -0.005554300 0.655033588 0.755088449
1658133588.972848 0.433741927 0.534619272 -35.580875397 0.020572158 -0.024905980 0.573986471 0.818227410
1658133589.173947 0.433931351 0.534222245 -35.580844879 0.006455577 -0.023649795 0.486142993 0.873535395
1658133589.370260 0.643814564 0.537303925 -35.556266785 -0.000858114 -0.002480706 0.396642298 0.917969525
1658133589.570997 0.643944085 0.536817193 -35.556327820 -0.005637868 0.000757835 0.302881896 0.953011155
1658133589.671687 0.644138753 0.536759436 -35.556354523 -0.007541355 0.000503568 0.254373282 0.967076600
1658133589.872617 0.644171655 0.536527753 -35.556533813 -0.001834912 0.006541201 0.156018808 0.987730742
1658133590.072715 0.435905933 0.532837152 -35.581317902 0.001931886 0.013390344 0.064948149 0.997797012
1658133590.269121 0.435715169 0.532466650 -35.581600189 -0.004367440 0.016548131 0.008607423 0.999816477
1658133590.470273 0.435757756 0.532577276 -35.581588745 -0.005422318 0.014559878 -0.008757467 0.999840975
1658133590.671027 0.436231971 0.532848120 -35.581787109 -0.003960129 0.006003290 -0.015024684 0.999861300
1658133590.771411 0.702082872 0.500057280 -35.595832825 -0.002722430 0.006185547 -0.017341804 0.999826789
1658133590.972291 0.701968074 0.500097156 -35.595870972 0.001480941 0.016569873 -0.019984625 0.999661922
1658133591.172938 0.702065110 0.500218630 -35.595283508 -0.001565720 0.016814794 -0.020726532 0.999642611
1658133591.370105 0.709097624 0.505481362 -35.531200409 0.001642196 0.014543420 -0.022037221 0.999650002
1658133591.570431 0.709213257 0.505436003 -35.529693604 0.008096726 0.008659574 -0.024170203 0.999637604
1658133591.670898 0.709221721 0.505292475 -35.528785706 0.009719838 0.010338951 -0.024891097 0.999589443
1658133591.871680 0.709186614 0.505339324 -35.526649475 0.002967900 0.017875835 -0.026036236 0.999496758
1658133592.072431 0.709327459 0.505406439 -35.523792267 0.007240242 0.010453430 -0.029613119 0.999480605
1658133592.269256 0.709217250 0.505166411 -35.520668030 -0.001894905 0.015399829 -0.033328913 0.999324024
1658133592.470086 0.708960891 0.505032897 -35.517288208 -0.021857915 0.043029208 -0.025490588 0.998509407
1658133592.570596 0.708675385 0.504948378 -35.515445709 -0.029590793 0.049013156 -0.021366522 0.998131096
1658133592.771138 0.708364964 0.504878402 -35.511135101 -0.007584565 0.025477547 -0.007163847 0.999621034
1658133592.971978 0.708102345 0.504724979 -35.506233215 0.014466787 -0.005878982 0.002352732 0.999875367
1658133593.172765 0.707554460 0.504232407 -35.500904083 0.003142455 -0.027251195 0.006460896 0.999602854
1658133593.370541 0.609154344 0.438691616 -34.050426483 -0.021085946 -0.002105462 -0.001303708 0.999774635
1658133593.571288 0.608262837 0.438084245 -34.044780731 -0.004084782 0.025041820 -0.011816815 0.999608219
1658133593.772010 0.607894599 0.438069850 -34.037929535 0.035259418 -0.013517794 -0.002706041 0.999283135
1658133593.972932 0.539754272 0.403354526 -33.229358673 0.030073827 -0.042457908 0.004199180 0.998636723
1658133594.072984 0.539552987 0.403402120 -33.226078033 0.021152070 -0.043298382 0.004891797 0.998826325
1658133594.370229 0.538442314 0.402576685 -33.216583252 -0.019807344 0.002644302 -0.006974390 0.999776065
1658133594.470992 0.465650350 0.369513243 -32.556762695 0.001730210 0.013763598 -0.010202360 0.999851763
1658133594.671963 0.465735018 0.369520545 -32.549190521 0.008564590 -0.037796315 -0.016944859 0.999105096
1658133594.872194 0.465595216 0.369245768 -32.542358398 0.008892268 -0.042679343 -0.017956065 0.998887956
1658133595.073282 0.441287220 0.367001474 -31.701040268 0.035714205 0.013750620 -0.013588835 0.999175072
1658133595.268829 0.441437393 0.367008001 -31.694164276 -0.003167054 0.004381086 0.000033111 0.999985456
1658133595.470292 0.465220302 0.369802803 -32.522552490 -0.023523364 -0.023981331 0.002806975 0.999431670
1658133595.671425 0.465930641 0.370244056 -32.515827179 0.011426040 -0.021942576 0.002914530 0.999689758
1658133595.871759 0.485114634 0.391156375 -30.567129135 -0.006055214 -0.019955417 -0.003462365 0.999776542
1658133596.072577 0.485893458 0.391234845 -30.560503006 -0.024562275 -0.029664228 -0.005596114 0.999242485
1658133596.268870 0.486553043 0.391208649 -30.554889679 -0.006998582 0.014345742 -0.010153071 0.999821067
1658133596.471634 0.486957014 0.390981078 -30.549085617 -0.004143277 0.052178364 -0.006673694 0.998606920
1658133596.570695 0.570987105 0.385655642 -29.678499222 -0.007996459 0.051137902 -0.004787445 0.998648107
1658133596.771968 0.571557522 0.385467499 -29.671831131 -0.020362861 0.036165938 -0.004960231 0.999126017
1658133596.972366 0.572068274 0.385232210 -29.664844513 -0.000163148 0.001622909 -0.016015029 0.999870479
1658133597.172768 0.469842315 0.369397938 -32.467857361 0.040308069 -0.008863220 -0.017597904 0.998993039
1658133597.369659 0.629578114 0.356571794 -28.564746857 -0.003967511 0.002339563 -0.012858484 0.999906719
1658133597.471121 0.629543781 0.356329143 -28.561555862 -0.014096322 0.007975538 -0.012757435 0.999787450
1658133597.670794 0.629579723 0.356474519 -28.555398941 -0.012117916 0.028098620 -0.008196289 0.999498129
1658133597.872148 0.629447162 0.356252044 -28.549169540 -0.002459188 0.045941014 -0.009258899 0.998898268
1658133598.072435 0.595376849 0.338584960 -27.631147385 -0.003628245 0.026754528 -0.017349178 0.999484897
1658133598.268798 0.595211923 0.338481992 -27.624198914 0.022623409 -0.029425817 -0.016201967 0.999179602
1658133598.471441 0.594869733 0.338943332 -27.617635727 0.036934860 -0.041208576 -0.005163504 0.998454332
1658133598.670522 0.594532728 0.339140207 -27.611265182 -0.013632033 -0.024922878 0.003474971 0.999590397
1658133598.872839 0.533600688 0.361110419 -26.537778854 -0.031218173 0.014196724 -0.004551597 0.999401450
1658133599.072038 0.533388734 0.361276895 -26.530948639 -0.002875637 0.012259440 -0.017619094 0.999765515
1658133599.268704 0.533239424 0.361384690 -26.523910522 0.006081212 -0.037328642 -0.017355105 0.999133885
1658133599.470590 0.533133686 0.361544549 -26.517223358 -0.034270663 -0.036115963 -0.008240506 0.998725891
1658133599.671449 0.516756654 0.380108923 -25.415884018 -0.044341967 -0.014658474 0.000651797 0.998908639
1658133599.872824 0.516763151 0.379899979 -25.410030365 0.023024812 0.035655592 0.002626343 0.999095440
1658133600.072773 0.516642630 0.379750133 -25.403821945 0.039228428 0.066623606 0.004011501 0.996998727
1658133600.270249 0.516568482 0.379999876 -25.396974564 -0.023002217 0.006168638 0.001198121 0.999715686
1658133600.469549 0.487477928 0.360468119 -24.337520599 -0.025672246 -0.030941922 -0.008477052 0.999155462
1658133600.672287 0.487168700 0.360402465 -24.331251144 0.006055024 -0.026148105 -0.010385336 0.999585807
1658133600.870900 0.486761838 0.360459417 -24.324859619 -0.006201264 -0.006894049 -0.006631187 0.999935031
1658133601.072067 0.486435503 0.360523283 -24.318328857 -0.019688820 0.000425863 -0.003816493 0.999798775
1658133601.268667 0.442580104 0.361066818 -23.253793716 -0.033575218 -0.011063192 -0.003832777 0.999367654
1658133601.369905 0.442364752 0.360790044 -23.250492096 -0.043095231 -0.000519502 -0.008652613 0.999033332
1658133601.573193 0.442157269 0.360247701 -23.244121552 -0.009677328 0.018308867 -0.013359143 0.999696314
1658133601.771286 0.442217499 0.360125750 -23.237674713 0.022744754 -0.003534018 0.000545523 0.999734938
1658133601.972301 0.422730297 0.301057935 -22.310874939 0.008697690 0.004778756 0.007077573 0.999925733
1658133602.268676 0.422123790 0.300413966 -22.301256180 0.004908728 0.019194743 0.006228962 0.999784350
1658133602.469922 0.421869487 0.300310969 -22.294433594 -0.002473891 0.005525184 0.012979752 0.999897480
1658133602.670850 0.421448559 0.299788117 -22.287145615 -0.042015545 -0.034791231 -0.006319354 0.998491049
1658133602.771101 0.345515490 0.221827313 -21.185586929 -0.029477229 -0.009452685 -0.020808116 0.999304175
1658133602.974036 0.345213354 0.221301064 -21.179168701 0.042974394 -0.018218119 -0.020840591 0.998692632
1658133603.172506 0.344862968 0.220810339 -21.172567368 0.052687399 -0.034305401 -0.014591982 0.997914970
1658133603.469829 0.308644027 0.165464908 -20.249523163 0.026372811 0.005323370 -0.025524165 0.999312103
1658133603.670534 0.308936030 0.165857047 -20.242929459 0.013905156 -0.023948651 -0.016118428 0.999486625
1658133603.771786 0.344907403 0.220854044 -21.153167725 -0.000524514 -0.051696073 -0.018331310 0.998494506
1658133603.971558 0.345150113 0.221009225 -21.147270203 0.009080171 -0.008715105 -0.025811909 0.999587655
1658133604.270172 0.371230096 0.200466737 -19.181907654 0.001974877 -0.017339543 -0.025125885 0.999531984
1658133604.469596 0.371643811 0.200608477 -19.175678253 -0.014500193 0.025016382 -0.026854714 0.999221087
1658133604.570379 0.346598923 0.221614778 -21.128389359 -0.027455775 0.054002389 -0.029241022 0.997734904
1658133604.770662 0.346637189 0.221568272 -21.121635437 -0.005196036 0.038957305 -0.039386824 0.998450816
1658133604.971524 0.408371747 0.221541330 -18.224372864 0.019415731 -0.005108104 -0.029461544 0.999364257
1658133605.172124 0.408432305 0.221868604 -18.217916489 -0.027620148 -0.007183410 -0.005608935 0.999576926
1658133605.368913 0.408291668 0.221921146 -18.211896896 -0.013591271 0.025279947 -0.000185257 0.999588072
1658133605.569673 0.408217698 0.221918494 -18.205312729 -0.005517513 0.003505368 0.000279505 0.999978602
1658133605.770466 0.397842824 0.236716166 -17.153099060 -0.002946827 -0.006971219 -0.002173917 0.999969006
1658133605.971270 0.397956908 0.236729339 -17.146722794 0.006378904 0.006046298 -0.002309954 0.999958754
1658133606.171980 0.397383749 0.236610606 -17.140497208 -0.012123282 0.017310042 0.002762469 0.999772847
1658133606.370151 0.397133350 0.236561134 -17.134145737 -0.033993784 -0.000578712 0.000304509 0.999421835
1658133606.570468 0.367017299 0.215075910 -16.098598480 -0.005997547 -0.010444802 0.001197555 0.999926746
1658133606.771323 0.366690606 0.214619353 -16.092790604 0.024959786 0.010324403 0.007837752 0.999604464
1658133606.972044 0.366276830 0.214364350 -16.086870193 0.014722399 0.029756164 0.010656995 0.999391973
1658133607.172828 0.365652651 0.214157254 -16.080535889 -0.018687669 -0.012041398 -0.002626847 0.999749422
1658133607.369513 0.296251476 0.164042816 -15.102202415 -0.000763406 -0.030365869 -0.014444115 0.999434233
1658133607.570469 0.295962572 0.163800448 -15.096925735 0.006729545 -0.011859371 -0.004100563 0.999898672
1658133607.771269 0.296051949 0.163809851 -15.091695786 0.004370412 0.001779262 0.007797832 0.999958515
1658133607.971792 0.364974797 0.213510498 -16.059015274 -0.003340134 0.000729317 0.004242054 0.999985158
1658133608.172470 0.283554524 0.142199755 -14.226050377 -0.015441970 0.005693437 -0.003836696 0.999857187
1658133608.371358 0.283613920 0.142003581 -14.221210480 0.004604845 0.013007676 -0.009300551 0.999861538
1658133608.570184 0.283360064 0.141927302 -14.216328621 0.018585887 0.005916237 -0.004005013 0.999801755
1658133608.671422 0.283379853 0.141913891 -14.213865280 0.002924178 0.011946050 -0.000029747 0.999924421
1658133608.873404 0.268127650 0.124148756 -13.504191399 -0.015601997 0.008995940 -0.010358168 0.999784172
1658133609.072289 0.267737210 0.123883545 -13.499191284 0.009533528 -0.001684103 -0.031552222 0.999455273
1658133609.268276 0.267717153 0.123872653 -13.494664192 0.031056412 -0.002909508 -0.026556205 0.999160588
1658133609.470412 0.267821521 0.124135971 -13.490186691 -0.008916974 0.012831874 -0.011189810 0.999815345
1658133609.670381 0.249906600 0.132086650 -12.734996796 -0.010953403 0.004324674 -0.000915925 0.999930263
1658133609.871020 0.249917045 0.132164240 -12.730681419 -0.018042361 -0.011295378 0.007394681 0.999746144
1658133610.072152 0.249911249 0.132358491 -12.726563454 0.008544386 0.000042654 0.003803262 0.999956310
1658133610.268264 0.250003666 0.132406905 -12.722516060 -0.006269392 0.023549279 -0.005728308 0.999686658
1658133610.468973 0.252254993 0.150079295 -12.038435936 0.003673306 0.025504025 -0.020136248 0.999465168
1658133610.669745 0.252060354 0.150143832 -12.034381866 -0.003650530 0.010736639 -0.019602248 0.999743581
1658133610.770718 0.251997709 0.150309458 -12.032372475 -0.003094635 -0.001317591 -0.014069092 0.999895453
1658133610.970939 0.251918077 0.150595605 -12.028413773 -0.008986785 -0.027766997 -0.000015203 0.999574065
1658133611.172514 0.236814141 0.180834368 -11.460503578 -0.007116262 -0.012536428 0.008210904 0.999862373
1658133611.368649 0.236786187 0.180858493 -11.456956863 -0.030277774 0.028848188 0.007453711 0.999097347
1658133611.569370 0.236841843 0.180689394 -11.453152657 -0.016198587 0.018069185 0.001258958 0.999704719
1658133611.770355 0.236826286 0.180327863 -11.449417114 0.004796939 0.002188265 -0.005615586 0.999970376
1658133611.973258 0.226554677 0.138636753 -10.842828751 -0.010366205 0.028314684 -0.021323966 0.999317825
1658133612.071232 0.226395443 0.138532341 -10.841027260 0.006904972 0.026047662 -0.024135862 0.999345481
1658133612.268680 0.226247221 0.138264135 -10.837425232 0.035656296 -0.018476928 -0.015011305 0.999080539
1658133612.469740 0.226283059 0.138228521 -10.834075928 0.012167923 -0.016361415 -0.007261987 0.999765754
1658133612.670637 0.315691352 0.254368931 -10.315711975 0.005102397 -0.001437927 -0.003851984 0.999978542
1658133612.871378 0.315786183 0.254264861 -10.312511444 0.005524774 0.003525085 -0.005539750 0.999963224
1658133613.072093 0.315884024 0.254194498 -10.309342384 0.021441421 -0.001827807 -0.012016403 0.999696255
1658133613.268055 0.316112250 0.254056066 -10.306341171 0.022800654 -0.001584149 -0.013406902 0.999648929
1658133613.469559 0.338116020 0.241745859 -9.800376892 0.009650086 0.007561262 -0.010094928 0.999873936
1658133613.670269 0.338219166 0.241641521 -9.797516823 0.009361531 0.011568715 -0.008995853 0.999848843
1658133613.770637 0.338288575 0.241636738 -9.796066284 0.012008802 0.010815985 -0.008598073 0.999832511
1658133613.971514 0.338307530 0.241577938 -9.793265343 0.011935854 0.010944374 -0.009344089 0.999825239
1658133614.172224 0.343523681 0.227487683 -9.390437126 0.005763661 0.021654228 -0.011719313 0.999680221
1658133614.368480 0.343459398 0.227332637 -9.387739182 0.007182681 0.010864302 -0.013935411 0.999818087
1658133614.569420 0.343262702 0.227214590 -9.385070801 0.013976346 0.004192038 -0.012119884 0.999820113
1658133614.769897 0.337737858 0.240983322 -9.782548904 0.010518528 0.003721392 -0.009459724 0.999893069
1658133614.970598 0.309614718 0.203019977 -8.949320793 0.015107621 0.003520963 -0.009814483 0.999831557
1658133615.071011 0.309525847 0.202918708 -8.948042870 0.023140794 0.001498611 -0.010480778 0.999676168
1658133615.368838 0.309046596 0.202993855 -8.944293976 0.012312483 0.002818071 -0.009062875 0.999879181
1658133615.469325 0.308909178 0.203081712 -8.943049431 0.007448258 0.002815554 -0.008291114 0.999933958
1658133615.670307 0.268919170 0.210809082 -8.583728790 0.000457352 0.002514904 -0.007046962 0.999971926
1658133615.870753 0.268626779 0.210883349 -8.581356049 0.002351103 0.002753357 -0.005890742 0.999976158
1658133616.071433 0.268343300 0.210958108 -8.579031944 0.001124572 -0.002701944 -0.002683761 0.999992192
1658133616.268055 0.267991334 0.210929334 -8.576822281 -0.002124235 -0.008351060 -0.001784510 0.999961317
1658133616.469042 0.224825799 0.212479115 -8.203818321 0.003098497 -0.010594311 -0.002352124 0.999936342
1658133616.669752 0.224730685 0.212399974 -8.201723099 0.006821693 -0.004943017 -0.002444962 0.999961555
1658133616.870410 0.224612370 0.212268382 -8.199623108 0.003450555 -0.000486229 -0.003324333 0.999988437
1658133617.071411 0.224508300 0.212140754 -8.197501183 0.009077120 -0.003627605 -0.004735176 0.999941051
1658133617.171570 0.207986236 0.195062727 -7.895676136 0.012700455 -0.005638842 -0.005200078 0.999889970
1658133617.368578 0.207922757 0.194956720 -7.893588066 0.011444082 -0.006257085 -0.005145197 0.999901772
1658133617.569042 0.207871288 0.194857925 -7.891431808 0.006878063 -0.006695144 -0.005532704 0.999938667
1658133617.769699 0.207857370 0.194752514 -7.889266014 0.005344552 -0.006400472 -0.006347668 0.999945104
1658133617.970714 0.207322955 0.177945584 -7.537928104 0.008268805 -0.002592808 -0.006987579 0.999938071
1658133618.171471 0.207463264 0.177840859 -7.535768509 0.009845087 -0.000918986 -0.006269756 0.999931455
1658133618.369212 0.207571849 0.177721262 -7.533602715 0.008301617 -0.000120996 -0.006806766 0.999942422
1658133618.570075 0.207710192 0.177580357 -7.531418800 0.005612192 0.002361650 -0.006686647 0.999959111
1658133618.771170 0.226981267 0.158975154 -7.175468922 0.007748055 0.004062058 -0.006506063 0.999940574
1658133618.971826 0.227027401 0.158844471 -7.173305511 0.012637633 0.003062365 -0.007702126 0.999885798
1658133619.072058 0.227044567 0.158775389 -7.172202587 0.014751102 0.004782099 -0.008850876 0.999840617
1658133619.267879 0.227019295 0.158683062 -7.170086384 0.014542608 0.004822654 -0.009761164 0.999835014
1658133619.469420 0.228525251 0.143335745 -6.859480858 0.011966983 0.002370341 -0.009206872 0.999883235
1658133619.670139 0.228458375 0.143340826 -6.857288837 0.005794004 -0.002879405 -0.006744110 0.999956369
1658133619.870855 0.228458449 0.143293068 -6.855099678 0.001774829 -0.004427208 -0.004784483 0.999977231
1658133620.071830 0.228491843 0.143204540 -6.852908134 0.009498036 -0.000935016 -0.006040114 0.999936283
1658133620.267789 0.226557955 0.131330863 -6.496494770 0.018946311 0.003664777 -0.008919480 0.999774039
1658133620.468595 0.226639673 0.131363094 -6.494341373 0.017988324 0.009287396 -0.008109317 0.999762237
1658133620.568871 0.226602510 0.131391391 -6.493226051 0.010471134 0.010585864 -0.006429650 0.999868512
1658133620.769698 0.226572320 0.131437525 -6.491031170 0.001824023 0.005322700 -0.003855043 0.999976754
1658133620.970398 0.222214058 0.136838675 -6.176501751 0.001207020 -0.000311700 -0.003090548 0.999994457
1658133621.171391 0.222085625 0.136759549 -6.174305439 0.005430892 0.003336392 -0.003716693 0.999972820
1658133621.369455 0.221966669 0.136675730 -6.172143459 0.010425127 0.002030816 -0.005389954 0.999929070
1658133621.571745 0.221779644 0.136556312 -6.169914722 0.011863077 -0.000939871 -0.007172009 0.999903500
1658133621.770063 0.197952226 0.120001033 -5.810509205 0.010003887 -0.003732160 -0.009892185 0.999894083
1658133621.970934 0.197801635 0.119909428 -5.808349133 0.011128963 -0.001505788 -0.011831104 0.999867022
1658133622.171686 0.197655007 0.119871818 -5.806176186 0.013412595 -0.000190507 -0.012291066 0.999834538
1658133622.368427 0.197587654 0.119842201 -5.804052353 0.012294280 -0.001407349 -0.011241665 0.999860287
1658133622.569429 0.174770772 0.111126520 -5.449691772 0.008849013 -0.002851499 -0.010034570 0.999906480
1658133622.770013 0.174640149 0.111107774 -5.447530270 0.007526181 0.000517821 -0.008940232 0.999931633
1658133622.970880 0.174469605 0.111140154 -5.445348263 0.007018481 -0.000270457 -0.007722168 0.999945521
1658133623.171560 0.174314514 0.111089319 -5.443156719 0.004612115 -0.006407977 -0.007827962 0.999938190
1658133623.371117 0.150494829 0.109810472 -5.087103844 0.003648269 -0.004895868 -0.007919066 0.999950051
1658133623.568906 0.150354519 0.109736204 -5.084945679 0.007120616 -0.002294741 -0.008850590 0.999932885
1658133623.669433 0.150291204 0.109706312 -5.083862782 0.007893702 -0.003493980 -0.008950547 0.999922752
1658133623.870188 0.150184646 0.109659389 -5.081719875 0.009478274 -0.005317112 -0.008961467 0.999900877
1658133624.070792 0.133934438 0.100483857 -4.772262096 0.008920268 -0.007097825 -0.008324572 0.999900401
1658133624.367974 0.133874640 0.100498013 -4.769047260 0.005890186 -0.004474114 -0.008265447 0.999938548
1658133624.468565 0.133820191 0.100517809 -4.767952919 0.005171848 -0.002588146 -0.008426894 0.999947846
1658133624.769498 0.133803189 0.100589238 -4.764693737 0.004608587 -0.003060060 -0.008795280 0.999946058
1658133624.970176 0.127020583 0.106460616 -4.365041256 0.005898868 -0.004728511 -0.008564727 0.999934793
1658133625.171127 0.127002776 0.106501102 -4.362860203 0.003296708 -0.003702736 -0.007811977 0.999957263
1658133625.369099 0.127038166 0.106552020 -4.360708714 -0.000791795 -0.002671811 -0.006628873 0.999974191
1658133625.569795 0.129387677 0.109560505 -4.091723442 -0.002357740 0.001410771 -0.005403988 0.999981642
1658133625.770303 0.129407063 0.109573349 -4.089529037 -0.001417760 0.005383485 -0.003810372 0.999977291
1658133625.971097 0.129400581 0.109483764 -4.087291241 0.004870716 0.003011651 -0.004054599 0.999975383
1658133626.171885 0.129301637 0.109315731 -4.085042000 0.008069024 -0.001557538 -0.004691289 0.999955297
1658133626.368621 0.120416619 0.096099183 -3.721742868 0.006850614 -0.001695896 -0.006129702 0.999956310
1658133626.570149 0.120314799 0.096025363 -3.719550848 0.005501731 -0.000190961 -0.008609097 0.999947846
1658133626.770299 0.120238848 0.095970854 -3.717395544 0.007164053 0.003229201 -0.010026432 0.999918878
1658133626.973456 0.120128557 0.095922366 -3.715250254 0.004961713 0.004965261 -0.008171025 0.999942005
1658133627.071513 0.106225379 0.088378318 -3.405514002 0.001626156 0.004149833 -0.007030336 0.999965370
1658133627.267615 0.106124446 0.088325940 -3.403383970 0.000231349 0.000460239 -0.005801117 0.999983072
1658133627.470325 0.105996460 0.088260517 -3.401216507 0.001068266 -0.000765389 -0.005258392 0.999985337
1658133627.669109 0.105915673 0.088111334 -3.399052620 -0.000045825 0.002313775 -0.004590808 0.999986827
1658133627.869657 0.087928355 0.072130933 -3.044191599 0.000036499 0.000871682 -0.004552753 0.999989271
1658133628.070484 0.087850571 0.071975246 -3.042003632 0.003246186 -0.000931249 -0.005342677 0.999980032
1658133628.267457 0.087790191 0.071836390 -3.039852381 0.004147815 -0.000339705 -0.006735567 0.999968708
1658133628.468691 0.087776020 0.071710780 -3.037664652 0.005847382 0.003744680 -0.008409332 0.999940574
1658133628.569273 0.080343306 0.052190036 -2.725697041 0.006274836 0.005711921 -0.008898521 0.999924421
1658133628.771459 0.080284730 0.052124970 -2.723484039 0.003705274 0.005088508 -0.009685881 0.999933302
1658133628.970487 0.080235749 0.052099857 -2.721268654 -0.001116893 0.003883441 -0.010380413 0.999937952
1658133629.171992 0.080154881 0.052081350 -2.719055653 -0.000247809 0.002740846 -0.010642595 0.999939620
1658133629.367784 0.068113670 0.047070544 -2.358148575 -0.000530695 0.002847513 -0.010460017 0.999941111
1658133629.568525 0.068031661 0.047061354 -2.355958700 -0.004340612 0.004886117 -0.010260516 0.999926031
1658133629.769352 0.067959018 0.047027815 -2.353780985 -0.003010515 0.004095142 -0.009698969 0.999940097
1658133629.970000 0.056106750 0.043381009 -2.084216595 -0.001983833 0.000337019 -0.008004652 0.999965966
1658133630.070265 0.056052517 0.043346312 -2.083117008 -0.002912115 -0.000406441 -0.006921659 0.999971747
1658133630.267449 0.055993266 0.043297358 -2.080957651 -0.004860790 0.001086263 -0.004378967 0.999978006
1658133630.468094 0.047711048 0.035875127 -1.855954647 -0.004922669 0.003084339 -0.003041221 0.999978483
1658133630.669643 0.047658410 0.035743710 -1.853755474 -0.003231505 0.004420940 -0.002854699 0.999980986
1658133630.869602 0.047542859 0.035603706 -1.851538301 0.000721323 0.003036119 -0.003505231 0.999988973
1658133631.070676 0.036428872 0.019663004 -1.577672839 0.003431272 0.001036999 -0.004332755 0.999984205
1658133631.267223 0.036368702 0.019565241 -1.575466514 0.005132577 0.002300282 -0.004054867 0.999975979
1658133631.469962 0.036318772 0.019514957 -1.573190808 -0.001495898 0.000570234 -0.003254293 0.999993443
1658133631.669960 0.029564030 0.011240765 -1.297049999 -0.005741321 -0.000491744 -0.004234001 0.999974430
1658133631.870548 0.029546613 0.011143132 -1.294834733 -0.001137526 -0.001897894 -0.005694233 0.999981403
1658133632.071286 0.029565232 0.011040581 -1.292630196 0.000737001 -0.000840687 -0.005927291 0.999981821
1658133632.267228 0.029034339 -0.002137259 -1.021970272 -0.002296967 0.000211617 -0.005404221 0.999982715
1658133632.467918 0.029047461 -0.002288245 -1.019724488 -0.001010329 0.003616356 -0.006288841 0.999973238
1658133632.669209 0.029018927 -0.002438321 -1.017443419 0.005879319 0.009722100 -0.009082137 0.999894202
1658133632.869639 0.023189586 -0.020490492 -0.736434340 0.001944263 0.008093691 -0.010728450 0.999907851
1658133632.970372 0.023083696 -0.020553477 -0.735288680 0.000856178 0.006958852 -0.012163416 0.999901533
1658133633.170664 0.022864830 -0.020653507 -0.733022928 0.005236609 0.001689814 -0.013934531 0.999887764
1658133633.367706 -0.000854104 -0.029078199 -0.501940548 0.009193941 -0.002285293 -0.014920635 0.999843836
1658133633.568613 -0.001046197 -0.029030314 -0.499700576 0.003139125 -0.004770102 -0.014775152 0.999874592
1658133633.769243 -0.001169801 -0.028907934 -0.497488260 0.001664421 -0.006326498 -0.014618184 0.999871790
1658133633.969809 -0.012037300 -0.008451946 -0.229043081 0.006828391 -0.007204319 -0.013233222 0.999863207
1658133634.170760 -0.012546675 -0.000572099 -0.137924999 -0.000237318 0.001317950 -0.011867049 0.999928772
1658133634.368074 -0.021018777 -0.001726535 -0.044008136 -0.009936980 0.007674550 -0.011535490 0.999854684
1658133634.569094 -0.027898520 0.003052436 0.047150481 -0.010761248 0.002041831 -0.010052253 0.999889553
1658133634.670491 -0.031952180 0.005300025 0.093100555 -0.012778434 -0.002036891 -0.009745359 0.999868870
1658133634.870751 -0.038973376 0.006389251 0.184365690 -0.016246207 -0.007950929 -0.009942257 0.999786973
1658133635.073016 -0.043810975 0.002050585 0.275841206 -0.011581135 -0.004085792 -0.010181031 0.999872804
1658133635.266984 -0.049049925 -0.005662043 0.365627557 -0.003259275 -0.004459967 -0.011832435 0.999914765
1658133635.468707 -0.054542765 -0.012277480 0.454675972 0.000089238 -0.010538318 -0.012158521 0.999870598
1658133635.568573 -0.054959349 -0.015080519 0.496665478 -0.005012317 -0.012759669 -0.011650327 0.999838173
1658133635.770375 -0.052929655 -0.021962877 0.570044219 -0.008450147 -0.015088305 -0.009810753 0.999802351
1658133635.970327 -0.052496016 -0.028816750 0.634450614 0.000500434 -0.002614700 -0.008558128 0.999959886
1658133636.070786 -0.048278812 -0.033475325 0.660613179 0.000654425 0.002604184 -0.006379794 0.999976039
1658133636.267077 -0.051597785 -0.036191430 0.708350539 0.000554229 0.005556216 -0.005708454 0.999968112
1658133636.367632 -0.058091320 -0.040287733 0.729131520 -0.003596127 -0.000849062 -0.003979063 0.999985278
1658133636.467989 -0.065870084 -0.042987533 0.747866452 -0.002764145 -0.014084120 -0.003407167 0.999891222
1658133636.570377 -0.075854428 -0.045726951 0.764458597 0.002296731 -0.032470722 -0.003875449 0.999462545
1658133636.668740 -0.081449971 -0.047449209 0.779896855 0.005691459 -0.042854019 -0.002767398 0.999061286
1658133636.769182 -0.083994925 -0.048047170 0.794216692 0.005431477 -0.040212996 -0.001658570 0.999175012
1658133636.869847 -0.083953425 -0.047989961 0.808030427 0.007389078 -0.034022704 -0.003509651 0.999387622
1658133636.971147 -0.082566500 -0.047469258 0.820492268 0.010008176 -0.018508349 -0.004517379 0.999768436
1658133637.070396 -0.080134593 -0.044376608 0.831879675 0.007654758 -0.011409384 -0.003116396 0.999900818
1658133637.170791 -0.079849876 -0.040861227 0.843543947 -0.000654600 -0.004451978 -0.004067119 0.999981582
1658133637.267010 -0.079065919 -0.037645310 0.844471037 0.004717404 0.001081977 -0.000275528 0.999988258
1658133637.368444 -0.081646010 -0.032864261 0.844697237 -0.003747371 -0.003558506 -0.001248349 0.999985874
1658133637.467977 -0.083539665 -0.031226050 0.846585155 0.004670972 -0.007668966 -0.002115058 0.999957442
1658133637.568184 -0.084720820 -0.030454177 0.846112609 0.006476188 -0.006415755 0.001383102 0.999957502
1658133637.668655 -0.083668262 -0.029459273 0.846490860 0.001324469 0.000328148 0.004348917 0.999989688
1658133637.771256 -0.084301844 -0.029396521 0.846449375 0.003839551 -0.002918075 0.005225120 0.999974728
1658133637.869465 -0.084384814 -0.029768407 0.846481383 0.003925519 -0.005682989 0.004921342 0.999964118
1658133637.969885 -0.084018350 -0.029615797 0.846524954 0.003406523 -0.002781536 0.004623767 0.999979675
1658133638.070368 -0.083918072 -0.029450517 0.846497655 0.004042819 -0.002379694 0.004030064 0.999980867
1658133638.170487 -0.084216423 -0.029459512 0.846523166 0.004381578 -0.003238294 0.005001688 0.999972641
1658133638.266980 -0.084059089 -0.029695245 0.846524358 0.003464771 -0.004338218 0.004004609 0.999976575
1658133638.367362 -0.084319189 -0.029512579 0.846544504 0.004201215 -0.003664402 0.004254897 0.999975443
1658133638.467718 -0.084239103 -0.029657390 0.846569538 0.003127286 -0.002574158 0.004212313 0.999982953
1658133638.568094 -0.084065922 -0.029572850 0.846527100 0.002946279 -0.003380409 0.004777042 0.999978542
1658133638.668557 -0.084078893 -0.029560154 0.846564651 0.003455308 -0.003635259 0.004381515 0.999977887
1658133638.768908 -0.084046446 -0.029491225 0.846475899 0.004038269 -0.006061808 0.004833178 0.999961793
1658133638.869407 -0.084084466 -0.029575501 0.846495926 0.003680598 -0.004910148 0.004909485 0.999969125
1658133638.969909 -0.084065542 -0.029439721 0.846552074 0.004033283 -0.004222172 0.004744489 0.999971688
1658133639.070564 -0.083982445 -0.029382119 0.846568465 0.004393432 -0.004529965 0.004494162 0.999970019
1658133639.170331 -0.083946139 -0.029484406 0.846479714 0.003743624 -0.005622553 0.004630994 0.999966502
1658133639.267028 -0.083972193 -0.029418726 0.846525371 0.004380174 -0.005086162 0.004456303 0.999967575
1658133639.367403 -0.083865531 -0.029492600 0.846558809 0.003543591 -0.005226331 0.004588355 0.999969602
1658133639.467790 -0.084000245 -0.029586691 0.846571922 0.002807691 -0.003982527 0.004512392 0.999978006
1658133639.568180 -0.084094293 -0.029584218 0.846566498 0.003110171 -0.003982045 0.005014820 0.999974668
1658133639.668665 -0.084010266 -0.029542295 0.846513271 0.003432258 -0.004580132 0.004504804 0.999973536
1658133639.768901 -0.084162600 -0.029508334 0.846629858 0.003760048 -0.003078250 0.004194666 0.999979436
1658133639.869465 -0.084309965 -0.029453808 0.846635878 0.004468888 -0.002461698 0.004389523 0.999977410
1658133639.969619 -0.084346913 -0.029464090 0.846568108 0.004443387 -0.002696097 0.005030624 0.999973834
1658133640.069975 -0.084017761 -0.029620567 0.846487761 0.002781065 -0.002537244 0.004358337 0.999983430
1658133640.170856 -0.084155180 -0.029482471 0.846574068 0.004074052 -0.002288230 0.004804083 0.999977589
1658133640.267347 -0.084317818 -0.029645996 0.846552551 0.003348489 -0.002718444 0.004666762 0.999979854
1658133640.368008 -0.084189817 -0.029456668 0.846572399 0.004050932 -0.001951938 0.004505424 0.999979734
1658133640.468783 -0.084281243 -0.029450605 0.846619070 0.004377602 -0.002211329 0.004626687 0.999977291
1658133640.568735 -0.084212348 -0.029527863 0.846582592 0.004551127 -0.002330871 0.004468314 0.999976993
1658133640.669148 -0.084246159 -0.029660914 0.846615076 0.003740905 -0.002462118 0.004892032 0.999978065
1658133640.769555 -0.084253013 -0.029629420 0.846640706 0.003638646 -0.001518617 0.004520134 0.999981999
1658133640.869761 -0.084253870 -0.029597107 0.846558154 0.003948386 -0.002374552 0.004881809 0.999977469
1658133640.970186 -0.084185995 -0.029697202 0.846623898 0.003481272 -0.001704729 0.004737522 0.999981284
1658133641.070619 -0.084070250 -0.029763732 0.846589923 0.002260278 -0.002466931 0.006004102 0.999976397
1658133641.171077 -0.083921231 -0.029768281 0.846662998 0.003161670 -0.002462302 0.005833648 0.999974966
1658133641.266851 -0.084097110 -0.029756643 0.846674502 0.003679074 -0.001804373 0.005293139 0.999977589
1658133641.367312 -0.084078796 -0.029851262 0.846710503 0.003613588 -0.002017726 0.005324366 0.999977291
1658133641.467674 -0.084279880 -0.029802036 0.846757531 0.003797943 -0.000274673 0.005262223 0.999978960
1658133641.568062 -0.084123664 -0.029651469 0.846753895 0.004952272 -0.001190855 0.004778203 0.999975622
1658133641.668422 -0.084109113 -0.029820055 0.846716106 0.004018269 -0.001456153 0.004744625 0.999979615
1658133641.768789 -0.084167086 -0.029791614 0.846731603 0.004307240 -0.000982633 0.004875619 0.999978364
1658133641.869221 -0.084240288 -0.029760221 0.846746981 0.004594238 -0.000404511 0.004977631 0.999976993
1658133641.969537 -0.083832279 -0.029783249 0.846632898 0.004310082 -0.003481065 0.004653641 0.999973893
1658133642.069846 -0.084081411 -0.029767297 0.846723020 0.004426982 -0.001627131 0.004676055 0.999977946
1658133642.170747 -0.084080115 -0.029857708 0.846705794 0.003755584 -0.001774070 0.004710502 0.999980271
1658133642.266849 -0.084021732 -0.029835859 0.846695304 0.003959589 -0.002095842 0.004894110 0.999978006
1658133642.367548 -0.083981514 -0.029807383 0.846681774 0.004124975 -0.002286984 0.004885518 0.999976993
1658133642.467949 -0.084116615 -0.029740341 0.846713722 0.004629377 -0.001470785 0.004739056 0.999976993
1658133642.568226 -0.084056169 -0.029814236 0.846706092 0.004168990 -0.001816185 0.004738237 0.999978483
1658133642.668633 -0.084037527 -0.029807178 0.846698165 0.004184703 -0.001936095 0.004767525 0.999978006
1658133642.769285 -0.084065206 -0.029810835 0.846647739 0.004266967 -0.001786526 0.005121250 0.999976218
1658133642.869344 -0.084089682 -0.029793907 0.846708715 0.004233684 -0.001568016 0.004617716 0.999979198
1658133642.969781 -0.084008999 -0.029799081 0.846708357 0.004149280 -0.002054737 0.004741771 0.999978065
1658133643.070499 -0.084073491 -0.029785624 0.846684992 0.004385184 -0.001697321 0.005048902 0.999976218
1658133643.170518 -0.083993398 -0.029725920 0.846635222 0.004745918 -0.002250313 0.004768666 0.999974847
1658133643.267001 -0.083889097 -0.029796954 0.846633554 0.004241863 -0.002927396 0.004944798 0.999974489
1658133643.367373 -0.084104180 -0.029782485 0.846714735 0.004292090 -0.001455441 0.004774408 0.999978364
1658133643.467664 -0.084107026 -0.029868975 0.846711040 0.003712128 -0.001453676 0.004887215 0.999980211
1658133643.568310 -0.084050529 -0.029777454 0.846720517 0.004395244 -0.001762751 0.004917312 0.999976695
1658133643.668503 -0.084001511 -0.029710054 0.846682549 0.004805997 -0.002186065 0.004806541 0.999974549
1658133643.768633 -0.083997294 -0.029746654 0.846646070 0.004569144 -0.002329200 0.004784560 0.999975443
1658133643.869180 -0.084097348 -0.029858910 0.846704006 0.003823197 -0.001493516 0.004694731 0.999980569
1658133643.969420 -0.084099829 -0.029814603 0.846750736 0.004109317 -0.001393435 0.004831531 0.999978960
1658133644.069751 -0.084063299 -0.029686099 0.846715331 0.004995583 -0.001663099 0.004628542 0.999975502
1658133644.170149 -0.084217057 -0.029726969 0.846772015 0.004632609 -0.000636349 0.004719912 0.999977946
1658133644.267099 -0.084200665 -0.029848725 0.846789002 0.003874276 -0.000638270 0.004966261 0.999979973
1658133644.368475 -0.084091239 -0.029784596 0.846707761 0.004118034 -0.001592745 0.004449940 0.999980390
1658133644.468510 -0.084018506 -0.029715041 0.846676946 0.004736208 -0.002087691 0.004718320 0.999975562
1658133644.568972 -0.083954073 -0.029823806 0.846696794 0.003865921 -0.002405730 0.004865205 0.999977827
1658133644.669585 -0.084120043 -0.029743670 0.846712410 0.004543430 -0.001341547 0.004875084 0.999976933
1658133644.769603 -0.084189333 -0.029681107 0.846769094 0.004905011 -0.000693593 0.004546637 0.999977410
1658133644.870059 -0.084113680 -0.029791985 0.846747756 0.004174910 -0.001326851 0.004813662 0.999978840
1658133644.970402 -0.083981790 -0.029708438 0.846682668 0.004882378 -0.002311971 0.004759218 0.999974072
1658133645.070767 -0.084102198 -0.029769460 0.846738219 0.004562047 -0.001407634 0.005046922 0.999975860
1658133645.171157 -0.084122904 -0.029781235 0.846743584 0.004281461 -0.001273981 0.004534607 0.999979794
1658133645.267138 -0.084043831 -0.029765936 0.846683979 0.004501125 -0.001943343 0.004885778 0.999976099
1658133645.367059 -0.083987966 -0.029734867 0.846686423 0.004596882 -0.002312083 0.004656843 0.999975920
1658133645.467556 -0.084117889 -0.029709445 0.846735120 0.004781560 -0.001352849 0.004610206 0.999977052
1658133645.568031 -0.084097676 -0.029819563 0.846711278 0.004140523 -0.001541817 0.004883768 0.999978304
1658133645.668214 -0.083950527 -0.029765118 0.846685886 0.004459061 -0.002564920 0.004671717 0.999975860
1658133645.768673 -0.084121414 -0.029831965 0.846735835 0.004050488 -0.001310631 0.004812932 0.999979377
1658133645.869033 -0.084111296 -0.029890919 0.846697748 0.003654301 -0.001482127 0.005110474 0.999979198
