1658132905.697321 0.0000000 0.0000000 0.0000000 -0.0000000 -0.0000000 -0.0000000 1.0000000
1658132905.898195 0.0053760 0.0035074 -0.1488675 -0.0009942 0.0050515 -0.0001813 0.9999868
1658132906.396755 0.0166834 0.0086281 -0.5529487 0.0052000 0.0038189 0.0035570 0.9999729
1658132906.597605 0.0211193 0.0143832 -0.7422358 -0.0010102 0.0019363 0.0020620 0.9999955
1658132906.798973 0.0270179 0.0174816 -0.9453231 0.0048753 0.0028433 0.0002146 0.9999840
1658132907.099413 0.0377490 0.0244704 -1.2597181 0.0089004 0.0066729 0.0007851 0.9999378
1658132907.296681 0.0450534 0.0309275 -1.4692963 0.0065244 0.0069489 0.0026380 0.9999511
1658132907.697683 0.0585401 0.0440410 -1.9016502 0.0038420 0.0098207 0.0047638 0.9999331
1658132907.998424 0.0652846 0.0490786 -2.2270546 0.0040050 0.0057910 0.0065995 0.9999534
1658132908.297576 0.0716857 0.0500391 -2.5513315 0.0133279 0.0042980 0.0052353 0.9998882
1658132908.697899 0.0851316 0.0546754 -2.9963286 0.0095779 0.0090851 0.0066982 0.9998904
1658132908.898694 0.0912502 0.0581489 -3.2221906 0.0120308 0.0071539 0.0060375 0.9998838
1658132909.395977 0.1050423 0.0683977 -3.7909520 0.0102878 0.0093503 0.0055450 0.9998880
1658132909.797510 0.1168866 0.0754459 -4.2541456 0.0120594 0.0063377 0.0067900 0.9998842
1658132910.101028 0.1232260 0.0822089 -4.5999093 0.0137536 0.0072942 0.0045770 0.9998683
1658132910.496975 0.1289214 0.0895635 -5.0534487 0.0140099 0.0056879 0.0049146 0.9998736
1658132910.998851 0.1285501 0.0945788 -5.6200786 0.0167592 -0.0003868 0.0046893 0.9998485
1658132911.596820 0.1280601 0.1072072 -6.2961512 0.0110111 -0.0056404 0.0040931 0.9999151
1658132911.898297 0.1314009 0.1178522 -6.6400743 0.0137031 -0.0030669 0.0032100 0.9998963
1658132915.496367 0.1606959 0.1978237 -7.5095758 0.0087776 -0.0010840 0.0039827 0.9999530
1658132918.099618 0.1557642 0.1885752 -7.7057400 0.0144423 0.0051644 -0.0314472 0.9993877
1658132918.496371 0.1298985 0.1983570 -8.0255651 0.0107975 0.0204809 -0.0324570 0.9992049
1658132918.797343 0.0908644 0.2097365 -8.4101238 0.0131810 0.0222136 -0.0328895 0.9991252
1658132919.198744 0.0186459 0.2409848 -9.0085125 0.0085692 0.0107581 -0.0290571 0.9994832
1658132919.596573 -0.0633369 0.2701173 -9.6190500 0.0042069 0.0103722 -0.0234308 0.9996628
1658132919.898278 -0.1259777 0.2839325 -10.0712776 0.0146016 0.0111053 -0.0224497 0.9995797
1658132920.198931 -0.1892624 0.2963096 -10.5084715 0.0136587 0.0129297 -0.0213065 0.9995961
1658132920.598825 -0.2778456 0.3117959 -11.0661926 0.0150468 0.0093095 -0.0230379 0.9995780
1658132920.897857 -0.3442062 0.3180752 -11.4858561 0.0194818 0.0086743 -0.0236710 0.9994923
1658132921.295153 -0.4374751 0.3276016 -12.0397472 0.0199061 0.0060101 -0.0228517 0.9995226
1658132921.597365 -0.5121398 0.3350293 -12.4595985 0.0262045 -0.0002234 -0.0221666 0.9994108
1658132922.001411 -0.6061516 0.3494984 -13.0159655 0.0284288 -0.0000155 -0.0245317 0.9992948
1658132922.496803 -0.7181285 0.3688224 -13.7028456 0.0234063 -0.0014699 -0.0243532 0.9994283
1658132922.998688 -0.8165865 0.3918674 -14.3913574 0.0271347 0.0037739 -0.0222540 0.9993769
1658132923.597453 -0.9219772 0.4177877 -15.2117767 0.0303975 0.0063210 -0.0234053 0.9992439
1658132924.199329 -1.0357299 0.4507378 -16.0355511 0.0281085 0.0057019 -0.0236154 0.9993097
1658132924.697342 -1.1268806 0.4804980 -16.7191105 0.0287351 0.0043565 -0.0234132 0.9993033
1658132925.295219 -1.2384524 0.5234677 -17.5377808 0.0261414 0.0059793 -0.0242020 0.9993474
1658132925.797419 -1.3322756 0.5588920 -18.2256050 0.0273856 0.0045419 -0.0243133 0.9993189
1658132926.395971 -1.4425817 0.5997770 -19.0477200 0.0261054 0.0042371 -0.0239998 0.9993621
1658132926.898297 -1.5398469 0.6355923 -19.7376175 0.0257619 0.0051164 -0.0235231 0.9993783
1658132927.496116 -1.6552017 0.6748099 -20.5517330 0.0295485 -0.0000109 -0.0238099 0.9992797
1658132927.998053 -1.7514304 0.7058833 -21.2378292 0.0288063 -0.0001987 -0.0241338 0.9992936
1658132928.495933 -1.8423893 0.7370981 -21.9189796 0.0266663 0.0046336 -0.0239471 0.9993468
1658132929.098222 -1.9525466 0.7752432 -22.7376709 0.0235532 0.0047617 -0.0246144 0.9994082
1658132929.597191 -2.0461447 0.8065252 -23.4202652 0.0243069 0.0071970 -0.0243166 0.9993829
1658132930.099084 -2.1371512 0.8473649 -24.1053982 0.0264541 0.0043106 -0.0244391 0.9993420
1658132930.697018 -2.2425842 0.8792689 -24.9233170 0.0264528 0.0073200 -0.0238847 0.9993379
1658132931.198342 -2.3378029 0.9061626 -25.6088200 0.0275955 0.0073106 -0.0238577 0.9993077
1658132931.797610 -2.4558733 0.9388250 -26.4285755 0.0259587 0.0064702 -0.0247350 0.9993361
1658132933.294842 -2.7306221 1.0279177 -28.4756718 0.0257709 0.0094522 -0.0237957 0.9993399
1658132933.998097 -2.8660703 1.0667609 -29.4372177 0.0278634 0.0082926 -0.0242516 0.9992831
1658132934.696916 -3.0035043 1.1085452 -30.3902874 0.0255790 0.0053250 -0.0248018 0.9993509
1658132935.395563 -3.1451211 1.1538136 -31.3482323 0.0249911 0.0066119 -0.0248808 0.9993562
1658132936.295462 -3.3117862 1.2011907 -32.5775490 0.0263278 0.0037975 -0.0254836 0.9993213
1658132936.997422 -3.4468410 1.2495788 -33.5463333 0.0270469 0.0044064 -0.0262868 0.9992788
1658132937.699563 -3.5783696 1.2882935 -34.5047569 0.0221534 0.0092225 -0.0249679 0.9994002
1658132938.596970 -3.7294714 1.3409785 -35.6222343 0.0323523 -0.0075707 -0.0234461 0.9991728
1658132939.396689 -3.8048334 1.3762827 -35.9266281 0.0341776 -0.0151597 0.0418015 0.9984261
1658132940.797585 -3.8029242 1.3742470 -35.8950500 0.0256382 0.0552723 0.1378471 0.9885777
1658132945.098906 -4.4262419 1.1612422 -35.8135109 0.0227184 0.0016965 0.1310047 0.9911200
1658132958.197495 -4.4399676 1.1820010 -35.8208466 0.0202082 -0.0055905 0.1309067 0.9911730
1658132972.595495 -4.7119527 1.1742554 -35.6920815 0.0192372 0.0785541 0.1338656 0.9876939
1658132973.293705 -5.1968541 1.0486876 -35.7382431 0.0059646 0.1628047 0.1327396 0.9776703
1658132974.293270 -6.6921206 0.6814819 -35.7775841 0.0128898 0.0819352 0.1302925 0.9880002
1658132975.098200 -8.2996283 0.2933398 -35.8291206 0.0112816 0.0826516 0.1323092 0.9876921
1658132976.096845 -10.6433392 -0.2841335 -35.8951454 0.0130323 0.0627519 0.1335747 0.9889642
1658132976.796169 -12.5277958 -0.7436088 -35.9620438 0.0057958 0.0853390 0.1337805 0.9873127
1658132977.594471 -14.8983183 -1.3368299 -36.0438499 0.0142019 0.0773530 0.1318330 0.9881472
1658132978.293199 -17.1482563 -1.9009736 -36.1385422 0.0235324 0.0832243 0.1310794 0.9875921
1658132979.097153 -19.8891201 -2.5948205 -36.2343330 0.0085487 0.0884133 0.1286314 0.9877064
1658132979.795876 -22.3715439 -3.2183335 -36.3145485 0.0116354 0.0619033 0.1247422 0.9901879
1658132980.494861 -24.8927059 -3.8310771 -36.4142570 0.0140295 0.0592222 0.1276663 0.9899481
1658132981.293282 -27.7140999 -4.5275979 -36.5107880 0.0070769 0.0481917 0.1298654 0.9903345
1658132982.197316 -30.8944283 -5.3241382 -36.6494370 0.0052679 0.0618277 0.1300950 0.9895579
1658132982.996193 -33.6914558 -6.0410104 -36.7616920 0.0111915 0.0580072 0.1284805 0.9899508
1658132983.895927 -36.8255997 -6.8357639 -36.8914375 0.0106828 0.0574889 0.1284797 0.9899868
1658132984.794932 -39.9385185 -7.6458983 -37.0023232 0.0178958 0.0478998 0.1346291 0.9895759
1658132985.595302 -42.7233429 -8.3553658 -37.1224937 0.0157836 0.0541492 0.1347701 0.9892703
1658132986.695853 -46.5423965 -9.3056002 -37.2880325 0.0135074 0.0486698 0.1333596 0.9897798
1658132987.594545 -49.6583557 -10.0645475 -37.4338264 0.0096935 0.0618890 0.1339424 0.9890072
1658132988.594342 -53.1131058 -10.9244328 -37.5879478 0.0126359 0.0512632 0.1386394 0.9889346
1658132989.493515 -56.2306747 -11.7086935 -37.7391510 0.0142823 0.0536153 0.1402212 0.9885643
1658132990.196135 -58.6730537 -12.3321934 -37.8679924 0.0166627 0.0493789 0.1354886 0.9894074
1658132991.292641 -62.4974213 -13.2925215 -38.0599518 0.0198246 0.0399301 0.1349354 0.9898510
1658132991.796029 -64.2503738 -13.7312994 -38.1499939 0.0184656 0.0439577 0.1321271 0.9900855
1658132992.293382 -65.9786148 -14.1642981 -38.2377090 0.0158901 0.0431803 0.1332071 0.9900196
1658132993.096474 -68.7721786 -14.8526278 -38.3820953 0.0163860 0.0445918 0.1314381 0.9901854
1658132993.896210 -71.5422363 -15.5310040 -38.5310516 0.0152095 0.0436161 0.1323594 0.9901249
1658132994.394528 -73.2722931 -15.9502296 -38.6269875 0.0168151 0.0436060 0.1314261 0.9902237
1658132994.997258 -75.3569565 -16.4683609 -38.7484627 0.0139245 0.0458022 0.1316644 0.9901378
1658132995.596172 -77.4314728 -16.9856396 -38.8627243 0.0135942 0.0436755 0.1319554 0.9901997
1658132996.197050 -79.5156174 -17.5041237 -38.9831238 0.0137933 0.0411123 0.1316972 0.9903411
1658132996.694189 -81.2411499 -17.9198074 -39.0841675 0.0098528 0.0372633 0.1319126 0.9905117
1658132997.493273 -84.0140152 -18.6077652 -39.2407150 0.0152111 0.0412567 0.1319412 0.9902818
1658132998.095539 -86.0859146 -19.1233521 -39.3648338 0.0129413 0.0444610 0.1333728 0.9899836
1658132998.694855 -88.1533813 -19.6436005 -39.4870567 0.0138513 0.0432281 0.1347359 0.9898413
1658132999.293147 -90.2116089 -20.1614380 -39.6323128 0.0143532 0.0522593 0.1318327 0.9897894
1658132999.895488 -92.2920456 -20.6699829 -39.7761040 0.0164949 0.0497440 0.1290562 0.9902515
1658133000.493658 -94.3566055 -21.1919937 -39.9102173 0.0091686 0.0491025 0.1292022 0.9903594
1658133000.896672 -95.7471313 -21.5550003 -39.9981880 -0.0008533 0.0493038 0.1308094 0.9901804
1658133001.292915 -97.1182556 -21.9359570 -40.0804100 -0.0280067 0.0422211 0.1354330 0.9894903
1658133001.897109 -99.1799316 -22.5816936 -40.2130661 -0.0609539 0.0291319 0.1646751 0.9840316
1658133002.292782 -100.4961395 -23.0990829 -40.3025627 -0.0770599 0.0215358 0.1962326 0.9772875
1658133002.895552 -102.4078903 -24.0817738 -40.4509048 -0.0979826 0.0112809 0.2524571 0.9625682
1658133003.292331 -103.5873947 -24.8674526 -40.5459480 -0.1087888 0.0014386 0.2970414 0.9486461
1658133003.895171 -105.2097321 -26.2865028 -40.6857224 -0.1123745 -0.0133669 0.3654248 0.9239361
1658133004.593362 -106.8164749 -28.2353668 -40.8407021 -0.1098676 -0.0228547 0.4433022 0.8893200
1658133004.995902 -107.5803680 -29.4707775 -40.9261398 -0.1107493 -0.0350188 0.4849969 0.8667678
1658133005.594563 -108.4699554 -31.4540100 -41.0474701 -0.1158044 -0.0418483 0.5446683 0.8295629
1658133006.096053 -108.9967117 -33.2162437 -41.1415024 -0.1168627 -0.0484341 0.5942866 0.7942422
1658133006.694364 -109.3355255 -35.3744469 -41.2296066 -0.1043002 -0.0672579 0.6505446 0.7492593
1658133007.293083 -109.3630447 -37.5654526 -41.3173866 -0.0983124 -0.0667093 0.7006721 0.7035219
1658133008.095606 -108.9935760 -40.4930954 -41.4055862 -0.0775826 -0.0575702 0.7547479 0.6488622
1658133008.793957 -108.4280090 -43.0033417 -41.4766197 -0.0493008 -0.0276130 0.7823699 0.6202453
1658133009.593299 -107.6499405 -45.8263245 -41.5427666 -0.0350201 -0.0161516 0.7888619 0.6133593
1658133010.292000 -106.9817963 -48.2624512 -41.6066132 -0.0287698 -0.0155548 0.7885263 0.6141308
1658133011.291966 -106.0747375 -51.7357483 -41.7023888 -0.0278190 -0.0151718 0.7888253 0.6138002
1658133011.895056 -105.5388260 -53.8337250 -41.7672462 -0.0390251 -0.0117680 0.7884503 0.6137465
1658133012.894800 -104.6959915 -57.2748337 -41.8736038 -0.0412451 -0.0080197 0.7875587 0.6148056
1658133013.493236 -104.1965942 -59.3359299 -41.9381027 -0.0453263 -0.0081809 0.7879861 0.6139678
1658133014.291845 -103.5331726 -62.0864410 -42.0189819 -0.0439294 -0.0106147 0.7885146 0.6133533
1658133014.894495 -103.0252533 -64.1896820 -42.0845604 -0.0418156 -0.0124845 0.7879835 0.6141479
1658133015.593007 -102.4377289 -66.6163864 -42.1704750 -0.0402653 -0.0100933 0.7868825 0.6157052
1658133016.195171 -101.9254913 -68.7116318 -42.2393456 -0.0380015 -0.0105155 0.7864395 0.6164076
1658133016.794559 -101.4251556 -70.8009872 -42.3174286 -0.0385184 -0.0115704 0.7882575 0.6140298
1658133017.393703 -100.9228516 -72.8724670 -42.3967171 -0.0394581 -0.0089052 0.7867931 0.6158900
1658133017.995271 -100.4220428 -74.9619370 -42.4746628 -0.0406473 -0.0121185 0.7868935 0.6156293
1658133018.593422 -99.9278030 -77.0435638 -42.5554810 -0.0340164 -0.0110344 0.7885743 0.6138988
1658133019.291574 -99.3386230 -79.4664001 -42.6518745 -0.0460576 -0.0153884 0.7881042 0.6136233
1658133019.793915 -98.9244461 -81.2012863 -42.7189598 -0.0363687 -0.0112793 0.7888353 0.6134241
1658133020.492542 -98.3371964 -83.6211700 -42.8114777 -0.0319850 -0.0089326 0.7881188 0.6146268
1658133020.994563 -97.9084625 -85.3748779 -42.8868408 -0.0429255 -0.0073998 0.7872170 0.6151358
1658133021.594719 -97.4080276 -87.4525146 -42.9710808 -0.0318669 -0.0166775 0.7878476 0.6148191
1658133021.995136 -97.0783768 -88.8487549 -43.0321922 -0.0327760 -0.0142587 0.7873565 0.6154611
1658133022.593791 -96.5781021 -90.9227142 -43.1259804 -0.0397166 -0.0148761 0.7879257 0.6143081
1658133023.196059 -96.0812073 -93.0061646 -43.2171402 -0.0354279 -0.0099878 0.7878013 0.6148287
1658133023.593440 -95.7471390 -94.3833466 -43.2796364 -0.0393538 -0.0093632 0.7884533 0.6137629
1658133024.196585 -95.2405014 -96.4734650 -43.3723946 -0.0380764 -0.0140815 0.7875260 0.6149429
1658133024.794636 -94.7390976 -98.5506592 -43.4705467 -0.0326782 -0.0169648 0.7866991 0.6162376
1658133025.197008 -94.4031067 -99.9413452 -43.5379143 -0.0345654 -0.0187537 0.7872298 0.6154045
1658133025.994884 -93.7414780 -102.7381363 -43.6809769 -0.0459857 -0.0114377 0.7863609 0.6159472
1658133026.592775 -93.2471161 -104.8108826 -43.7719650 -0.0234377 -0.0245231 0.7872976 0.6156393
1658133027.391896 -92.5842514 -107.5840912 -43.9171371 -0.0347027 -0.0184424 0.7856800 0.6173837
1658133028.194844 -91.9109573 -110.3696594 -44.0535240 -0.0348072 -0.0180209 0.7856997 0.6173652
1658133028.794116 -91.4137726 -112.4449234 -44.1554871 -0.0314137 -0.0178536 0.7860319 0.6171291
1658133029.394228 -90.8983231 -114.5202637 -44.2566452 -0.0321035 -0.0183164 0.7875037 0.6152007
1658133030.195402 -90.2184906 -117.3152847 -44.3989868 -0.0322855 -0.0190238 0.7878070 0.6147812
1658133030.693845 -89.7921295 -119.0436707 -44.4884682 -0.0284606 -0.0179098 0.7878835 0.6149055
1658133031.291296 -89.2803040 -121.1126328 -44.5901222 -0.0210866 -0.0253560 0.7889001 0.6136360
1658133031.893944 -88.7737808 -123.2083282 -44.7003174 -0.0217162 -0.0187588 0.7881455 0.6148196
1658133032.492362 -88.2704315 -125.2819901 -44.8108826 -0.0276584 -0.0179654 0.7892080 0.6132398
1658133033.094673 -87.7697906 -127.3538666 -44.9211731 -0.0222463 -0.0202696 0.7889338 0.6137408
1658133033.592401 -87.3514709 -129.0755310 -45.0214233 -0.0257843 -0.0185051 0.7881495 0.6146652
1658133034.194476 -86.8567810 -131.1459656 -45.1430359 -0.0274751 -0.0239844 0.7880263 0.6145604
1658133034.793171 -86.3583984 -133.2187500 -45.2644577 -0.0239445 -0.0217573 0.7878633 0.6149998
1658133035.392679 -85.8560791 -135.2860565 -45.3914795 -0.0248683 -0.0229743 0.7873856 0.6155304
1658133035.994808 -85.3546753 -137.3813934 -45.5282936 -0.0323488 -0.0177999 0.7870854 0.6157382
1658133036.593188 -84.8535309 -139.4531403 -45.6476517 -0.0206294 -0.0271476 0.7872157 0.6157346
1658133037.391963 -84.1833649 -142.2217865 -45.8243828 -0.0270309 -0.0228979 0.7866198 0.6164205
1658133037.994251 -83.6736145 -144.3119812 -45.9500732 -0.0233112 -0.0236410 0.7876339 0.6152484
1658133038.793462 -83.0080109 -147.0681915 -46.1224442 -0.0214273 -0.0230577 0.7868954 0.6162831
1658133039.291030 -82.5955811 -148.7900848 -46.2293816 -0.0224127 -0.0262095 0.7870548 0.6159184
1658133040.094021 -81.9255981 -151.5626373 -46.4113388 -0.0274559 -0.0245744 0.7879509 0.6146346
1658133040.692862 -81.4266815 -153.6361237 -46.5409317 -0.0207153 -0.0259879 0.7890393 0.6134432
1658133041.290802 -80.9236908 -155.7156982 -46.6731644 -0.0183741 -0.0294134 0.7894478 0.6128371
1658133041.793568 -80.5063782 -157.4545593 -46.7910461 -0.0172848 -0.0298125 0.7888241 0.6136522
1658133042.592599 -79.8333282 -160.2104340 -46.9788322 -0.0198260 -0.0283842 0.7871348 0.6158086
1658133043.194886 -79.3319550 -162.2930298 -47.1226730 -0.0205438 -0.0258233 0.7872355 0.6157689
1658133043.793175 -78.8312225 -164.3471985 -47.2661781 -0.0200097 -0.0263953 0.7881263 0.6146216
1658133044.491908 -78.2469025 -166.7595215 -47.4384842 -0.0219659 -0.0267860 0.7880501 0.6146357
1658133045.095951 -77.7488251 -168.8272247 -47.5882263 -0.0193371 -0.0229090 0.7886969 0.6140508
1658133045.692474 -77.2357178 -170.8897400 -47.7331390 -0.0227265 -0.0256845 0.7902610 0.6118098
1658133046.194227 -76.8187103 -172.6261902 -47.8623657 -0.0170959 -0.0260047 0.7873117 0.6157693
1658133046.794042 -76.3128815 -174.6947632 -48.0175171 -0.0199092 -0.0281630 0.7832685 0.6207261
1658133047.394036 -75.8197021 -176.7649536 -48.1767921 -0.0237762 -0.0247818 0.7859055 0.6173921
1658133047.893642 -75.3993835 -178.4885864 -48.2986221 -0.0161630 -0.0273152 0.7896982 0.6126740
1658133048.491964 -74.8836975 -180.5544739 -48.4512558 -0.0207813 -0.0302907 0.7875124 0.6152030
1658133049.094264 -74.3879242 -182.6382446 -48.6117668 -0.0215196 -0.0348358 0.7902381 0.6114304
1658133049.592425 -73.9798737 -184.3607483 -48.7430954 -0.0164406 -0.0357356 0.7887428 0.6134635
1658133050.195801 -73.4934082 -186.4538422 -48.9177856 -0.0247718 -0.0430222 0.7881361 0.6134958
1658133050.994298 -72.8377380 -189.2177277 -49.1507187 -0.0333393 -0.0352246 0.7874001 0.6145314
1658133051.491554 -72.4366455 -190.9209595 -49.2846794 -0.0164764 -0.0474525 0.7864423 0.6156178
1658133052.093730 -71.9421387 -192.9839020 -49.4626045 -0.0129669 -0.0387263 0.7849946 0.6181550
1658133052.693780 -71.4295807 -195.0476532 -49.6465034 -0.0361298 -0.0295249 0.7859136 0.6165734
1658133053.193824 -70.9940643 -196.7704163 -49.7760849 -0.0241747 -0.0383329 0.7875778 0.6145465
1658133053.792276 -70.4841309 -198.8368988 -49.9489403 -0.0199721 -0.0407522 0.7880704 0.6139099
1658133054.391537 -69.9768982 -200.9033051 -50.1333389 -0.0090027 -0.0330148 0.7850674 0.6184643
1658133054.993674 -69.4612885 -202.9623260 -50.3140640 -0.0257287 -0.0361604 0.7812062 0.6226936
1658133055.491714 -69.0500793 -204.6585388 -50.4491653 -0.0138189 -0.0370471 0.7825034 0.6213896
1658133056.290961 -68.3630981 -207.4300842 -50.6897125 -0.0322551 -0.0343943 0.7852882 0.6173323
1658133056.892943 -67.8368835 -209.5197449 -50.8549538 -0.0098651 -0.0388617 0.7900395 0.6117436
1658133057.491288 -67.3199158 -211.5959167 -51.0329132 -0.0032123 -0.0404661 0.7904703 0.6111537
1658133057.993132 -66.8922882 -213.3283386 -51.1964149 -0.0076621 -0.0375269 0.7881557 0.6142830
1658133058.591434 -66.3930206 -215.3854065 -51.3828316 -0.0166061 -0.0346528 0.7881349 0.6143019
1658133059.193698 -65.9020081 -217.4433289 -51.5693283 -0.0040025 -0.0307404 0.7852365 0.6184194
1658133059.892408 -65.3068848 -219.8305359 -51.7860718 -0.0159697 -0.0367870 0.7862802 0.6165673
1658133060.491632 -64.8038788 -221.8869324 -51.9674149 -0.0028229 -0.0346308 0.7882394 0.6143870
1658133061.290147 -64.1234741 -224.6440430 -52.2259941 -0.0051547 -0.0372039 0.7857859 0.6173571
1658133061.993607 -63.5381470 -227.0695801 -52.4623718 -0.0109996 -0.0369934 0.7854508 0.6177196
1658133062.591768 -63.0455322 -229.1308899 -52.6558914 -0.0164074 -0.0412887 0.7886934 0.6131793
1658133063.193860 -62.5556030 -231.2044678 -52.8509789 -0.0069045 -0.0447138 0.7904751 0.6108209
1658133063.992910 -61.9051819 -233.9619446 -53.1246490 -0.0055311 -0.0464915 0.7911276 0.6098565
1658133064.593611 -61.4095154 -236.0267334 -53.3312759 -0.0131790 -0.0492386 0.7919389 0.6084691
1658133065.289772 -60.8246460 -238.4168396 -53.5716438 -0.0043131 -0.0540719 0.7894039 0.6114730
1658133065.892282 -60.3231201 -240.4994507 -53.7928658 -0.0127192 -0.0402240 0.7897834 0.6119334
1658133066.490515 -59.8185425 -242.5482025 -53.9890823 -0.0019739 -0.0552355 0.7888084 0.6121491
1658133067.092875 -59.3112793 -244.6259766 -54.2027664 -0.0018288 -0.0526438 0.7878105 0.6136611
1658133067.893075 -58.6273499 -247.3694153 -54.4864159 -0.0029333 -0.0498900 0.7880145 0.6136250
1658133068.493179 -58.1145630 -249.4256897 -54.6938515 0.0036148 -0.0513380 0.7884523 0.6129391
1658133069.193615 -57.5293579 -251.8487244 -54.9415283 0.0101439 -0.0523161 0.7852823 0.6168404
1658133069.792088 -57.0308533 -253.9107666 -55.1653023 -0.0078426 -0.0599882 0.7848457 0.6167310
1658133070.390462 -56.5436096 -255.9487305 -55.3810959 0.0007807 -0.0645218 0.7865623 0.6141304
1658133071.194258 -55.8648376 -258.6891174 -55.6758804 0.0059752 -0.0524184 0.7842921 0.6181445
1658133071.591279 -55.5359497 -260.0433960 -55.8183517 0.0035884 -0.0592905 0.7882957 0.6124228
1658133072.289454 -54.9445801 -262.4113770 -56.0773239 0.0016217 -0.0437269 0.7891797 0.6126016
1658133072.892016 -54.4275208 -264.4511108 -56.2971077 -0.0000931 -0.0481255 0.7866809 0.6154811
1658133073.491151 -53.9248962 -266.4928589 -56.5194550 -0.0049935 -0.0460861 0.7870453 0.6151510
1658133074.093711 -53.4384766 -268.5420837 -56.7416306 -0.0112402 -0.0581938 0.7874430 0.6135312
1658133074.692073 -52.9526062 -270.5952148 -56.9712448 -0.0133657 -0.0511286 0.7873764 0.6142032
1658133075.491164 -52.2835388 -273.3377380 -57.2834015 -0.0186004 -0.0509819 0.7870071 0.6145524
1658133076.093745 -51.7676086 -275.4188843 -57.5196533 -0.0156607 -0.0429439 0.7888353 0.6129024
1658133076.791710 -51.1668701 -277.8223877 -57.7921982 -0.0049743 -0.0484261 0.7884112 0.6132193
1658133077.590750 -50.4765930 -280.5566406 -58.1153183 -0.0059070 -0.0457074 0.7885907 0.6131890
1658133078.193146 -49.9580078 -282.6111450 -58.3561363 -0.0034781 -0.0439552 0.7882127 0.6138213
1658133078.791277 -49.4480896 -284.6497192 -58.5935745 0.0015346 -0.0442290 0.7868582 0.6155450
1658133079.390626 -48.9439697 -286.6998291 -58.8394051 -0.0097874 -0.0441244 0.7874628 0.6147029
1658133079.993064 -48.4470520 -288.7630005 -59.0860710 -0.0020407 -0.0468278 0.7885255 0.6132134
1658133080.591629 -47.9453735 -290.8117065 -59.3333969 0.0027381 -0.0427349 0.7887051 0.6132786
1658133081.193392 -47.4259338 -292.8841553 -59.5830574 0.0002809 -0.0431474 0.7881382 0.6139842
1658133081.892115 -46.8269348 -295.2697144 -59.8724174 0.0036332 -0.0417634 0.7888174 0.6131963
1658133082.490358 -46.3347778 -297.3124390 -60.1249466 0.0056348 -0.0401050 0.7898015 0.6120240
1658133083.591808 -45.3992004 -301.0825806 -60.5828857 0.0020026 -0.0387901 0.7888079 0.6134114
1658133084.192791 -44.8937378 -303.1450500 -60.8353271 0.0032810 -0.0418753 0.7879218 0.6143410
1658133084.791091 -44.3982239 -305.1883545 -61.0876694 0.0005880 -0.0471725 0.7874607 0.6145567
1658133085.489815 -43.8185120 -307.5861511 -61.3898239 0.0031656 -0.0544036 0.7875481 0.6138389
1658133086.289336 -43.1624451 -310.3200378 -61.7435226 0.0005483 -0.0547331 0.7880532 0.6131689
1658133086.893699 -42.6698914 -312.3838501 -62.0168381 0.0021721 -0.0468738 0.7876298 0.6143593
1658133087.590879 -42.0762329 -314.7617188 -62.3224792 -0.0004351 -0.0474323 0.7877606 0.6141525
1658133088.193077 -41.5802917 -316.8119507 -62.5857010 0.0009211 -0.0491158 0.7868742 0.6151550
1658133088.994012 -40.9112244 -319.5430908 -62.9328079 0.0000588 -0.0551616 0.7868699 0.6146486
1658133089.590495 -40.4188232 -321.5917358 -63.2002106 -0.0030785 -0.0583398 0.7874981 0.6135420
1658133090.489854 -39.6688843 -324.6560059 -63.6107063 0.0006191 -0.0602077 0.7881173 0.6125731
1658133091.289721 -38.9943237 -327.3794556 -63.9768448 0.0114578 -0.0526686 0.7878589 0.6134925
1658133092.490766 -37.9769287 -331.4721375 -64.5364838 -0.0014848 -0.0544692 0.7869421 0.6146162
1658133093.092708 -37.4726868 -333.5112305 -64.8160324 -0.0009210 -0.0597392 0.7873897 0.6135535
1658133093.691766 -36.9780273 -335.5442505 -65.0972595 -0.0005090 -0.0563804 0.7852856 0.6165612
1658133094.289284 -36.4796448 -337.5710144 -65.3748703 -0.0029924 -0.0593880 0.7842521 0.6175863
1658133094.892994 -35.9758301 -339.6102905 -65.6480942 0.0023079 -0.0743463 0.7847554 0.6153262
1658133095.791035 -35.2410889 -342.6623230 -66.0961075 -0.0083119 -0.0568270 0.7904796 0.6097898
1658133096.590169 -34.5623169 -345.3760986 -66.4730072 -0.0043364 -0.0640582 0.7854691 0.6155615
1658133097.490278 -33.7976990 -348.4637451 -66.9150696 -0.0090388 -0.0567305 0.7866561 0.6147130
1658133098.091704 -33.2814026 -350.5234680 -67.1990280 0.0232332 -0.0666917 0.7845327 0.6160526
1658133098.991212 -32.4969788 -353.5988770 -67.6571198 -0.0126113 -0.0535071 0.7852861 0.6166877
1658133099.590443 -31.9886169 -355.6481323 -67.9469757 0.0052812 -0.0575692 0.7861832 0.6152835
1658133100.489335 -31.2224121 -358.7194824 -68.3893814 0.0076984 -0.0603179 0.7888198 0.6116093
1658133101.091691 -30.6955566 -360.7767944 -68.6944885 0.0020313 -0.0511085 0.7893367 0.6118262
1658133101.490423 -30.3661499 -362.1255493 -68.8835983 0.0175033 -0.0642441 0.7875234 0.6126770
1658133102.092268 -29.8669739 -364.1640320 -69.1941681 -0.0015139 -0.0604316 0.7885882 0.6119432
1658133102.991731 -29.1286011 -367.1747437 -69.6498413 -0.0079645 -0.0554743 0.7865019 0.6150398
1658133103.589658 -28.6373901 -369.1789856 -69.9577103 -0.0099723 -0.0581720 0.7870553 0.6140525
1658133104.091862 -28.2352295 -370.8591309 -70.2246475 -0.0071313 -0.0538890 0.7857733 0.6161214
1658133104.790363 -27.6521912 -373.2140808 -70.5916901 -0.0152889 -0.0522076 0.7860956 0.6157064
1658133105.490381 -27.0717163 -375.5786133 -70.9537811 -0.0173233 -0.0527206 0.7862874 0.6153638
1658133106.092159 -26.5426331 -377.6229248 -71.2646790 -0.0349102 -0.0720746 0.7857684 0.6133144
1658133106.690587 -25.9479675 -379.6374817 -71.5531616 -0.0350490 -0.1091632 0.7945299 0.5963030
1658133107.092142 -25.4727783 -380.9687500 -71.7584381 -0.0588161 -0.1214858 0.8080623 0.5734258
1658133107.590062 -24.7708740 -382.5656738 -71.9971085 -0.0705484 -0.1405376 0.8298532 0.5353652
1658133108.192301 -23.7019653 -384.3845520 -72.2595139 -0.0767469 -0.1616185 0.8581331 0.4812451
1658133108.590865 -22.8549500 -385.5021667 -72.4126282 -0.0739580 -0.1706725 0.8776205 0.4417957
1658133109.091617 -21.6283875 -386.7976074 -72.5921860 -0.0746175 -0.1762585 0.9004884 0.3904944
1658133109.890794 -19.3710632 -388.5564575 -72.8214264 -0.0677850 -0.1867931 0.9306403 0.3072819
1658133110.288269 -18.1293335 -389.2648621 -72.9085083 -0.0706507 -0.1913480 0.9426143 0.2643344
1658133110.890556 -16.1328430 -390.1298828 -72.9955902 -0.0690908 -0.1946688 0.9578408 0.1996787
1658133111.287913 -14.7579803 -390.5520630 -73.0235901 -0.0606277 -0.2025817 0.9653137 0.1531484
1658133111.890333 -12.6156921 -390.9513550 -73.0387192 -0.0618438 -0.1984976 0.9741325 0.0885436
1658133112.491723 -10.4642754 -391.0562439 -73.0071640 -0.0678545 -0.1957720 0.9779985 0.0242515
1658133112.892253 -9.0233574 -390.9841919 -72.9617462 0.0677658 0.1848873 -0.9802983 0.0154843
1658133113.389462 -7.2500763 -390.7571716 -72.8926392 0.0688942 0.1711202 -0.9811847 0.0569925
1658133113.991347 -5.1174011 -390.3691101 -72.7994385 0.0808073 0.1284765 -0.9844072 0.0889183
1658133114.589586 -3.0280609 -389.9086304 -72.6580658 0.0715852 0.1210449 -0.9857693 0.0921010
1658133115.193841 -0.9376221 -389.4007874 -72.5128784 0.0659636 0.1634340 -0.9788247 0.1041176
1658133115.890548 1.4477844 -388.7103882 -72.3296356 0.0612159 0.2024961 -0.9658145 0.1498340
1658133116.489374 3.3947144 -387.9121094 -72.1390381 0.0467185 0.2250744 -0.9495936 0.2131452
1658133117.091499 5.2072449 -386.8317871 -71.9298935 0.0525270 0.2393344 -0.9277651 0.2814460
1658133117.591335 6.5397644 -385.7285767 -71.7329102 0.0517581 0.2543773 -0.9018171 0.3454551
1658133118.193559 7.9332581 -384.1703491 -71.4608383 0.0539835 0.2479312 -0.8692951 0.4241958
1658133118.790775 9.0477295 -382.3668213 -71.1396255 0.0461342 0.2451908 -0.8333077 0.4933066
1658133119.389264 9.8548584 -380.4002380 -70.8009872 0.0372803 0.2458795 -0.7892151 0.5615097
1658133120.091611 10.3892212 -377.9513550 -70.3758392 0.0304055 0.2327951 -0.7372106 0.6335635
1658133120.890747 10.4544678 -375.0872192 -69.8907166 0.0285024 0.2080402 -0.6737928 0.7084562
1658133121.790130 9.9373779 -371.8916016 -69.3857574 0.0555330 0.1784184 -0.6156440 0.7655491
1658133122.490973 9.2728882 -369.4695129 -69.0105133 0.0929264 0.1507917 -0.5942529 0.7845317
1658133123.288245 8.4326782 -366.7305908 -68.5749664 0.1025871 0.1340586 -0.5919363 0.7881088
1658133123.990482 7.7052612 -364.3250427 -68.2030640 0.1034806 0.1315770 -0.5892050 0.7904535
1658133124.789514 6.9104004 -361.6148987 -67.7853699 0.1065667 0.1370807 -0.5899350 0.7885614
1658133125.489568 6.2492371 -359.2622681 -67.4149780 0.1134921 0.1248164 -0.5910486 0.7887978
1658133126.091794 5.6754761 -357.2225952 -67.1125336 0.1195497 0.1354025 -0.5887334 0.7878876
1658133126.689916 5.1280212 -355.2116699 -66.7942963 0.1000473 0.1201197 -0.5908545 0.7914878
1658133127.388378 4.4916992 -352.8425903 -66.4382095 0.1090943 0.1137365 -0.5916774 0.7906202
1658133128.091254 3.8517151 -350.4710083 -66.0825119 0.1043112 0.1215513 -0.5917511 0.7900475
1658133128.891161 3.1363068 -347.7794189 -65.6825867 0.1045673 0.1174993 -0.5935135 0.7893043
1658133129.689188 2.4282532 -345.1041260 -65.2822418 0.1045222 0.1136920 -0.5934204 0.7899377
1658133130.488040 1.7208099 -342.4179688 -64.8704147 0.1018458 0.1139454 -0.5942060 0.7896601
1658133131.287302 1.0034943 -339.7240906 -64.4760590 0.0976026 0.1218353 -0.5921910 0.7905313
1658133132.191649 0.2293091 -336.6904297 -64.0367279 0.1085873 0.1393014 -0.5915304 0.7866992
1658133132.990575 -0.4498444 -334.0350952 -63.6320610 0.1024221 0.1436945 -0.5926595 0.7858858
1658133133.690361 -1.0568085 -331.7017822 -63.3009872 0.0995188 0.1403767 -0.5959110 0.7843982
1658133134.488528 -1.7705078 -329.0157471 -62.9094620 0.0990437 0.1303239 -0.5958141 0.7862643
1658133135.191067 -2.3905945 -326.6473083 -62.5740814 0.0925663 0.1312306 -0.5958771 0.7868548
1658133135.889601 -3.0179749 -324.2763977 -62.2350006 0.0992426 0.1327150 -0.5962464 0.7855113
1658133136.789062 -3.8258667 -321.2429810 -61.8216286 0.0965461 0.1179631 -0.5933393 0.7903873
1658133137.488686 -4.4589233 -318.8960266 -61.5247421 0.1110394 0.1215606 -0.5914339 0.7893663
1658133138.489337 -5.3668060 -315.5447388 -61.0630341 0.1173167 0.1161100 -0.5941173 0.7872610
1658133138.990921 -5.8231354 -313.8707275 -60.8212357 0.1120296 0.1138834 -0.5945497 0.7880296
1658133139.892141 -6.6362915 -310.8553772 -60.4167061 0.1104871 0.1187824 -0.5932711 0.7884876
1658133140.588473 -7.2602234 -308.5037231 -60.1042824 0.1112089 0.1205290 -0.5939422 0.7876154
1658133141.288867 -7.8806763 -306.1502991 -59.7958031 0.1049082 0.1214488 -0.5930404 0.7890168
1658133141.789238 -8.3165588 -304.4637756 -59.5702705 0.0998534 0.1158069 -0.5936486 0.7900629
1658133142.286668 -8.7477264 -302.7811279 -59.3455925 0.0972575 0.1182153 -0.5938070 0.7899110
1658133142.989528 -9.3526001 -300.4028015 -59.0311661 0.1050808 0.1191400 -0.5941939 0.7884778
1658133143.387245 -9.7085266 -299.0690308 -58.8516731 0.1019129 0.1200006 -0.5946087 0.7884505
1658133144.089849 -10.3224030 -296.7069092 -58.5461960 0.1037397 0.1185449 -0.5949057 0.7882082
1658133144.488416 -10.6749420 -295.3690796 -58.3740044 0.1066687 0.1205364 -0.5934357 0.7886234
1658133144.990232 -11.1173096 -293.6944885 -58.1602554 0.0980787 0.1230021 -0.5940349 0.7889066
1658133145.488324 -11.5468750 -292.0191650 -57.9542580 0.0984660 0.1245094 -0.5930302 0.7893776
1658133145.889673 -11.8900604 -290.6610718 -57.7807236 0.0947778 0.1311086 -0.5911939 0.7901376
1658133146.488564 -12.4053497 -288.6465149 -57.5054092 0.0869210 0.1184428 -0.5953665 0.7899081
1658133146.789045 -12.6668854 -287.6262512 -57.3727303 0.0844416 0.1189954 -0.5933397 0.7916171
1658133147.387252 -13.1896210 -285.6007690 -57.1177444 0.1096695 0.1172287 -0.5982068 0.7850978
1658133147.889346 -13.6390686 -283.9312134 -56.8948784 0.0910412 0.1119266 -0.5973749 0.7888771
1658133148.690731 -14.3511047 -281.2338257 -56.5786667 0.1013233 0.1235364 -0.5949100 0.7877528
1658133149.286471 -14.8862457 -279.2349243 -56.3220940 0.0890699 0.1225727 -0.5930275 0.7907976
1658133149.989087 -15.5046234 -276.8692017 -56.0460663 0.0974078 0.1214176 -0.5943878 0.7889693
1658133150.688019 -16.1151123 -274.5231934 -55.7412605 0.0926569 0.1112610 -0.5983187 0.7880676
1658133151.286599 -16.6441956 -272.5054626 -55.4919739 0.0854672 0.1113281 -0.5978283 0.7892419
1658133152.090173 -17.3597107 -269.7977295 -55.1949921 0.0896356 0.1144321 -0.5951194 0.7903820
1658133152.588116 -17.8054810 -268.1196289 -55.0037003 0.0848193 0.1257341 -0.5961592 0.7884103
1658133153.190442 -18.3249512 -266.0980225 -54.7612877 0.0776496 0.1201179 -0.5993484 0.7876064
1658133153.788671 -18.8511353 -264.0858154 -54.5251999 0.0762131 0.1170445 -0.5981472 0.7891211
1658133154.487297 -19.4765167 -261.7338562 -54.2543106 0.0833507 0.1101506 -0.5978334 0.7896296
1658133155.089572 -20.0182343 -259.7092285 -54.0138245 0.0887390 0.1074636 -0.5966291 0.7903232
1658133155.888575 -20.7452545 -257.0329590 -53.7069511 0.0923082 0.1142795 -0.5943846 0.7906494
1658133156.488007 -21.2794800 -255.0309448 -53.4758797 0.0892552 0.1026232 -0.5962973 0.7911584
1658133157.090382 -21.8227234 -253.0084534 -53.2483521 0.0951664 0.1082915 -0.5949363 0.7907384
1658133157.688922 -22.3579407 -251.0225220 -53.0255051 0.0921524 0.1076092 -0.5962070 0.7902313
1658133158.286876 -22.8757629 -249.0306702 -52.8131065 0.0963744 0.1093186 -0.5950830 0.7903402
1658133158.889052 -23.3976440 -247.0152893 -52.5959129 0.0952925 0.1110943 -0.5943293 0.7907908
1658133159.587739 -23.9975128 -244.6771240 -52.3391609 0.0978601 0.1113154 -0.5946132 0.7902325
1658133160.190095 -24.5219574 -242.6686707 -52.1241264 0.0991173 0.1108621 -0.5937204 0.7908106
1658133160.788342 -25.0399170 -240.6688843 -51.9156570 0.1001719 0.1095916 -0.5942361 0.7904674
1658133161.387032 -25.5699615 -238.6575012 -51.7032547 0.0944686 0.1075919 -0.5959113 0.7901831
1658133161.788191 -25.9161224 -237.3072510 -51.5641174 0.0919845 0.1115531 -0.5944952 0.7909932
1658133162.487913 -26.5268250 -234.9615173 -51.3175049 0.0952171 0.1036053 -0.5946109 0.7916044
1658133163.090526 -27.0646210 -232.9376831 -51.1040039 0.0980442 0.1073132 -0.5952032 0.7903191
1658133163.688479 -27.5952606 -230.9313812 -50.9044342 0.0970155 0.1062631 -0.5946419 0.7910103
1658133164.089769 -27.9485931 -229.5813141 -50.7662430 0.0971957 0.1028601 -0.5959051 0.7904872
1658133164.688074 -28.4836884 -227.5739441 -50.5677910 0.0976149 0.1023196 -0.5952201 0.7910215
1658133165.286242 -29.0155945 -225.5627594 -50.3627701 0.0914749 0.0970398 -0.5972625 0.7908812
1658133165.888869 -29.5499420 -223.5189514 -50.1615410 0.0933213 0.1026098 -0.5965452 0.7905039
1658133166.285827 -29.8977280 -222.1787872 -50.0267220 0.0886145 0.0918752 -0.5980121 0.7912573
1658133166.890183 -30.4373474 -220.1461182 -49.8302155 0.0921979 0.0944870 -0.5965756 0.7916244
1658133167.486626 -30.9550400 -218.1501770 -49.6367378 0.0902575 0.0928026 -0.5980241 0.7909541
1658133168.089593 -31.4776764 -216.1359863 -49.4422569 0.0929586 0.0986370 -0.5966024 0.7910089
1658133168.688574 -32.0011368 -214.1366577 -49.2475357 0.0921533 0.0989951 -0.5975286 0.7903590
1658133169.285691 -32.4988174 -212.1435852 -49.0599251 0.0922669 0.1019211 -0.5968692 0.7904720
1658133169.888805 -33.0210190 -210.1308441 -48.8672638 0.0922193 0.1016028 -0.5964357 0.7908458
1658133170.487106 -33.5513687 -208.1262817 -48.6791916 0.0939127 0.0994356 -0.5972435 0.7903121
1658133171.286106 -34.2420197 -205.4559631 -48.4284973 0.0876177 0.0895136 -0.5974396 0.7920709
1658133171.888574 -34.7657166 -203.4292908 -48.2462158 0.0879271 0.0988436 -0.5958165 0.7921499
1658133172.787761 -35.5346451 -200.4194641 -47.9691544 0.0876700 0.1011930 -0.5972159 0.7908269
1658133173.486511 -36.1307373 -198.0866852 -47.7469101 0.0829343 0.1004395 -0.5972702 0.7913925
1658133174.089300 -36.6532364 -196.0674438 -47.5602264 0.0836730 0.0970895 -0.5988815 0.7905147
1658133174.889660 -37.3562851 -193.3685608 -47.3129272 0.0801262 0.0982139 -0.5980378 0.7913815
1658133175.587367 -37.9743500 -191.0226135 -47.1017685 0.0833161 0.0939352 -0.5993834 0.7905531
1658133176.189674 -38.5045242 -188.9974060 -46.9192657 0.0868921 0.0943566 -0.5988531 0.7905198
1658133176.788003 -39.0356140 -186.9980469 -46.7425995 0.0743992 0.0897214 -0.5993441 0.7919605
1658133177.688080 -39.8114319 -183.9894257 -46.4897537 0.0829890 0.0895979 -0.5983695 0.7918580
1658133178.387817 -40.4153442 -181.6679077 -46.3031311 0.0850467 0.0914035 -0.5983050 0.7914820
1658133179.088550 -41.0358582 -179.3225403 -46.1110535 0.0830105 0.0910743 -0.5980711 0.7919127
1658133179.686922 -41.5566635 -177.3267517 -45.9487801 0.0846659 0.0890158 -0.5988609 0.7913745
1658133180.386808 -42.1781158 -174.9983826 -45.7610931 0.0836374 0.0888549 -0.5985321 0.7917506
1658133180.988867 -42.7072449 -172.9723816 -45.6005821 0.0882196 0.0971905 -0.5972265 0.7912597
1658133181.586288 -43.2148590 -170.9736328 -45.4365616 0.0792607 0.0865858 -0.5992498 0.7919093
1658133182.188677 -43.7464447 -168.9522247 -45.2801170 0.0781290 0.0898186 -0.5972004 0.7932088
1658133182.888733 -44.3498383 -166.6152649 -45.0980148 0.0809048 0.0820589 -0.5988879 0.7924987
1658133183.486404 -44.8721390 -164.6166229 -44.9428978 0.0779495 0.0816692 -0.5992056 0.7925949
1658133184.385832 -45.6457138 -161.6165009 -44.7248993 0.0794633 0.0840144 -0.5999443 0.7916401
1658133185.188822 -46.3493919 -158.9410706 -44.5275536 0.0787984 0.0858753 -0.5996327 0.7917429
1658133185.788091 -46.8684235 -156.9458923 -44.3827782 0.0786951 0.0870564 -0.5975073 0.7932297
1658133186.486688 -47.4718094 -154.6007385 -44.2085228 0.0746383 0.0797634 -0.5983754 0.7937341
1658133187.285010 -48.1691780 -151.9227905 -44.0227280 0.0788326 0.0843584 -0.5987176 0.7925947
1658133187.888291 -48.6986465 -149.9071960 -43.8725891 0.0771525 0.0848786 -0.5993644 0.7922155
1658133188.487556 -49.2127953 -147.9035645 -43.7277870 0.0734504 0.0860138 -0.5997944 0.7921195
1658133189.188895 -49.8088417 -145.5563049 -43.5621643 0.0747283 0.0875075 -0.5992856 0.7922215
1658133189.787501 -50.3288040 -143.5649414 -43.4262352 0.0764179 0.0865856 -0.5992628 0.7921789
1658133190.386052 -50.8483276 -141.5610046 -43.2883797 0.0743138 0.0884723 -0.5996925 0.7918453
1658133190.987927 -51.3685837 -139.5324097 -43.1483879 0.0761211 0.0916545 -0.5999805 0.7910932
1658133191.587003 -51.9013939 -137.5255127 -42.9954147 0.0684798 0.0760012 -0.6010199 0.7926597
1658133192.285025 -52.5280800 -135.1919708 -42.8410873 0.0742478 0.0806863 -0.5996845 0.7926887
1658133193.088772 -53.2388458 -132.5112915 -42.6659546 0.0726761 0.0787067 -0.5997096 0.7930145
1658133193.686862 -53.7581940 -130.5169067 -42.5434189 0.0731090 0.0788333 -0.5994347 0.7931699
1658133194.586352 -54.5324669 -127.5209732 -42.3606071 0.0779877 0.0801453 -0.5997169 0.7923599
1658133195.188794 -55.0505219 -125.5210953 -42.2403831 0.0793786 0.0777685 -0.5997713 0.7924175
1658133195.887300 -55.6465263 -123.1931458 -42.1016617 0.0750755 0.0822994 -0.5981406 0.7936109
1658133196.485475 -56.1552734 -121.1952057 -41.9709663 0.0693684 0.0729948 -0.6005639 0.7932104
1658133197.386091 -56.9321823 -118.1974869 -41.7851830 0.0721753 0.0751581 -0.6007615 0.7926081
1658133197.990608 -57.4401436 -116.1972504 -41.6698112 0.0703414 0.0791675 -0.6005736 0.7925251
1658133198.887625 -58.1999931 -113.2071075 -41.5087967 0.0694447 0.0794585 -0.5997887 0.7931691
1658133199.486198 -58.7170792 -111.2082443 -41.3987274 0.0692924 0.0810540 -0.5994538 0.7932743
1658133200.088338 -59.2420769 -109.1940994 -41.2825813 0.0691181 0.0744769 -0.5993987 0.7939755
1658133200.787153 -59.8535461 -106.8537064 -41.1587944 0.0703803 0.0739385 -0.6000212 0.7934445
1658133201.385334 -60.3750877 -104.8572006 -41.0400200 0.0665586 0.0689674 -0.5997410 0.7944332
1658133202.285512 -61.1617584 -101.8493042 -40.8787422 0.0756301 0.0693235 -0.6013988 0.7923344
1658133202.889354 -61.6862793 -99.8489761 -40.7742424 0.0725123 0.0734056 -0.6003433 0.7930583
1658133203.486637 -62.2051239 -97.8508148 -40.6656952 0.0740649 0.0665063 -0.6034366 0.7911736
1658133204.385535 -62.9820976 -94.8646240 -40.5036087 0.0766805 0.0805015 -0.6000398 0.7922070
1658133204.988468 -63.4879646 -92.8815079 -40.3975677 0.0750712 0.0768319 -0.6005881 0.7923101
1658133205.585991 -64.0000534 -90.8901062 -40.2988701 0.0741957 0.0781309 -0.6006182 0.7922425
1658133206.284530 -64.5966949 -88.5620499 -40.1828918 0.0706038 0.0666371 -0.6017269 0.7927794
1658133206.886925 -65.1159439 -86.5424576 -40.0896301 0.0726205 0.0710581 -0.6007885 0.7929251
1658133207.786400 -65.8914337 -83.5538940 -39.9511032 0.0731491 0.0723308 -0.6010261 0.7925813
1658133208.384718 -66.3952103 -81.5620193 -39.8611336 0.0733906 0.0740275 -0.5991221 0.7938429
1658133209.187633 -67.0846558 -78.8805313 -39.7496490 0.0734541 0.0716481 -0.6001571 0.7932733
1658133209.786912 -67.5965271 -76.8738861 -39.6658325 0.0700067 0.0682311 -0.6005418 0.7935951
1658133210.485896 -68.1882477 -74.5411072 -39.5703659 0.0658635 0.0708780 -0.6002919 0.7939068
1658133211.088071 -68.7068634 -72.5229340 -39.4916153 0.0705018 0.0747408 -0.5999537 0.7934097
1658133211.686106 -69.2160339 -70.5354919 -39.4075241 0.0651225 0.0629418 -0.6013785 0.7938144
1658133212.284062 -69.7334442 -68.5510788 -39.3214569 0.0653491 0.0641432 -0.6010183 0.7939724
1658133213.087539 -70.4191437 -65.8749695 -39.2148361 0.0664425 0.0670538 -0.6007636 0.7938339
1658133213.786182 -71.0186310 -63.5453491 -39.1290092 0.0653189 0.0676744 -0.6015144 0.7933058
1658133214.384426 -71.5191803 -61.5511322 -39.0549774 0.0645882 0.0651079 -0.6016131 0.7935055
1658133214.987075 -71.9790268 -59.5259933 -38.9797554 0.0889961 0.0498144 -0.6070418 0.7880980
1658133215.686354 -72.3772125 -57.1520157 -38.8805008 0.1234570 0.0161845 -0.6375782 0.7602568
1658133216.284478 -72.4927979 -55.1188583 -38.7712059 0.1463290 -0.0169618 -0.6859514 0.7125804
1658133216.987218 -72.1708069 -52.7373505 -38.6240540 0.1619799 -0.0517528 -0.7561798 0.6318831
1658133217.585552 -71.4502716 -50.8470840 -38.4928055 0.1426162 -0.0710412 -0.8220593 0.5466556
1658133223.886433 -51.4927673 -26.5000305 -35.2464409 -0.0434378 0.0144372 0.9963163 0.0725161
1658133224.187491 -50.3386879 -26.7356148 -35.2275696 -0.0441506 0.0257485 0.9942831 0.0937489
1658133224.787920 -48.0982056 -27.3662338 -35.1963043 -0.0414487 0.0394595 0.9881642 0.1423251
1658133224.986523 -47.3660431 -27.6281319 -35.1882095 -0.0365457 0.0412686 0.9856248 0.1597031
1658133225.188408 -46.6440201 -27.9173393 -35.1801720 -0.0356909 0.0419532 0.9827384 0.1766106
1658133225.384214 -45.9420166 -28.2244453 -35.1775513 -0.0351588 0.0420227 0.9795730 0.1934804
1658133225.587188 -45.2404175 -28.5654526 -35.1748810 -0.0340436 0.0397655 0.9764340 0.2093715
1658133225.785677 -44.5533142 -28.9352531 -35.1712723 -0.0296673 0.0400914 0.9733809 0.2237014
1658133226.187056 -43.1998367 -29.7464027 -35.1749573 -0.0316511 0.0419010 0.9654570 0.2552162
1658133226.686118 -41.6106834 -30.8762474 -35.1798668 -0.0178091 0.0410005 0.9546502 0.2943548
1658133227.285195 -39.8238220 -32.3822632 -35.2042580 -0.0202496 0.0400567 0.9401116 0.3378988
1658133227.686267 -38.7183876 -33.4990158 -35.2238770 -0.0143317 0.0432758 0.9289995 0.3672627
1658133228.285387 -37.1938934 -35.2813301 -35.2649460 -0.0119952 0.0461786 0.9109609 0.4097244
1658133228.686629 -36.2769547 -36.5488052 -35.2994156 -0.0094694 0.0467568 0.8974733 0.4384814
1658133229.187464 -35.2440643 -38.2212830 -35.3500633 -0.0016615 0.0527834 0.8770000 0.4775796
1658133229.585028 -34.5343132 -39.6090584 -35.3978424 -0.0002449 0.0510165 0.8602445 0.5073230
1658133229.986470 -33.9027023 -41.0589371 -35.4428787 0.0031498 0.0479016 0.8430501 0.5356886
1658133230.485852 -33.2606506 -42.8990631 -35.5078545 0.0027154 0.0413773 0.8218188 0.5682381
1658133230.886673 -32.8174362 -44.4132538 -35.5732689 -0.0084072 0.0304376 0.8074807 0.5890482
1658133231.283705 -32.4286003 -45.9217224 -35.6272659 -0.0164452 0.0075488 0.7974157 0.6031590
1658133231.987975 -31.8233223 -48.6097641 -35.7379112 -0.0299725 -0.0045412 0.7915764 0.6103178
1658133232.384712 -31.4869919 -50.1165962 -35.7992554 -0.0318302 -0.0097379 0.7912389 0.6106005
1658133233.188070 -30.7885971 -53.1446342 -35.9279442 -0.0314775 -0.0095894 0.7916917 0.6100339
1658133233.588069 -30.4256287 -54.6407852 -35.9932289 -0.0316830 -0.0093646 0.7912993 0.6105357
1658133234.384247 -29.6914711 -57.6435776 -36.1292915 -0.0294675 -0.0087678 0.7905540 0.6116202
1658133234.785830 -29.3095856 -59.1578255 -36.1964302 -0.0302524 -0.0079531 0.7911261 0.6108528
1658133235.484470 -28.6378632 -61.7782440 -36.3180656 -0.0285988 -0.0059172 0.7920774 0.6097218
1658133235.886143 -28.2502289 -63.2763214 -36.3919563 -0.0297839 -0.0051233 0.7914774 0.6104509
1658133236.484847 -27.6826477 -65.5234146 -36.4858170 -0.0173068 -0.0146895 0.7916317 0.6105767
1658133237.086656 -27.1009903 -67.7982788 -36.5937233 -0.0280908 -0.0095331 0.7914776 0.6104779
1658133237.785230 -26.4158096 -70.4086838 -36.7196388 -0.0270876 -0.0118955 0.7918639 0.6099806
1658133238.384537 -25.8395004 -72.6590118 -36.8398247 -0.0259792 -0.0089921 0.7912005 0.6109386
1658133238.987368 -25.2556686 -74.9107819 -36.9608688 -0.0265506 -0.0118084 0.7911474 0.6109349
1658133239.585245 -24.6749344 -77.1537704 -37.0746460 -0.0251289 -0.0113970 0.7913715 0.6107126
1658133240.187190 -24.1000290 -79.4093018 -37.1947746 -0.0256933 -0.0119728 0.7915489 0.6104481
1658133240.885876 -23.4405594 -82.0351562 -37.3379860 -0.0333312 -0.0054108 0.7920702 0.6094954
1658133241.484495 -22.8726349 -84.2715454 -37.4493599 -0.0153589 -0.0173594 0.7906824 0.6117877
1658133242.186908 -22.2044983 -86.9018555 -37.6034355 -0.0263561 -0.0127434 0.7901743 0.6121826
1658133242.785170 -21.6314545 -89.1313477 -37.7266769 -0.0299779 -0.0113745 0.7898222 0.6124973
1658133243.383447 -21.0741348 -91.3595428 -37.8456421 -0.0328714 -0.0132556 0.7905908 0.6113182
1658133243.985715 -20.5104980 -93.6040039 -37.9685211 -0.0360359 -0.0121587 0.7907590 0.6109450
1658133244.384159 -20.1289597 -95.0907440 -38.0524292 -0.0334468 -0.0137555 0.7912232 0.6104573
1658133245.086805 -19.4717331 -97.7152557 -38.2054939 -0.0276993 -0.0101577 0.7909846 0.6111245
1658133245.685175 -18.8866501 -99.9541626 -38.3372612 -0.0280121 -0.0138424 0.7908128 0.6112601
1658133246.283246 -18.3149948 -102.1988678 -38.4681892 -0.0266978 -0.0179056 0.7914669 0.6103661
1658133246.685001 -17.9317932 -103.6979446 -38.5607262 -0.0205213 -0.0201907 0.7921051 0.6097054
1658133247.282800 -17.3497238 -105.9422531 -38.7076721 -0.0253125 -0.0141041 0.7918713 0.6100002
1658133247.885458 -16.7675858 -108.1818161 -38.8529015 -0.0223352 -0.0167029 0.7929287 0.6086759
1658133248.485693 -16.1996765 -110.4142303 -39.0075035 -0.0322158 -0.0089177 0.7913554 0.6104418
1658133248.985673 -15.7186432 -112.2824402 -39.1247253 -0.0251954 -0.0123687 0.7908925 0.6113111
1658133249.583927 -15.1497192 -114.5107956 -39.2776031 -0.0267014 -0.0152925 0.7895478 0.6129172
1658133250.186337 -14.5784760 -116.7493439 -39.4358025 -0.0268564 -0.0187743 0.7900303 0.6121914
1658133250.785658 -14.0157013 -118.9918213 -39.6015854 -0.0186564 -0.0157957 0.7891070 0.6137692
1658133251.384143 -13.4380646 -121.2291870 -39.7513771 -0.0144311 -0.0221384 0.7905943 0.6117698
1658133252.086330 -12.7645111 -123.8766022 -39.9366798 -0.0256294 -0.0203301 0.7942720 0.6066810
1658133252.684725 -12.1954193 -126.1196136 -40.0943069 -0.0177690 -0.0186064 0.7914456 0.6106979
1658133253.188459 -11.7009277 -128.0019836 -40.2214851 -0.0234336 -0.0227394 0.7905114 0.6115763
1658133253.784844 -11.1409760 -130.2456512 -40.3754234 -0.0220001 -0.0139301 0.7926940 0.6090634
1658133254.383290 -10.5662689 -132.4894714 -40.5226402 -0.0177520 -0.0269712 0.7905653 0.6115260
1658133255.283195 -9.7243958 -135.8378296 -40.7734756 -0.0218557 -0.0198438 0.7915308 0.6104160
1658133255.684258 -9.3449860 -137.3345947 -40.8795242 -0.0177877 -0.0287135 0.7905235 0.6114996
1658133256.484740 -8.5982513 -140.3124084 -41.1015816 -0.0159809 -0.0283178 0.7919717 0.6096914
1658133257.186691 -7.9357910 -142.9396973 -41.2997208 -0.0302349 -0.0213998 0.7937549 0.6071087
1658133257.584276 -7.5603333 -144.4123077 -41.4019852 -0.0285241 -0.0312292 0.7936998 0.6068375
1658133257.886938 -7.2736053 -145.5362091 -41.4913216 -0.0273876 -0.0230330 0.7937402 0.6072034
1658133258.282669 -6.8996277 -147.0045166 -41.5965118 -0.0186758 -0.0289640 0.7950692 0.6055388
1658133258.985486 -6.2411957 -149.6286926 -41.8026733 -0.0260203 -0.0205718 0.7947771 0.6059944
1658133259.584078 -5.6725464 -151.8612976 -41.9648247 -0.0201589 -0.0230877 0.7895867 0.6128731
1658133259.885832 -5.3842926 -152.9865875 -42.0493431 -0.0203502 -0.0262915 0.7894243 0.6129469
1658133260.483686 -4.8068695 -155.2298584 -42.2305870 -0.0169205 -0.0252705 0.7901397 0.6121719
1658133260.985707 -4.3252716 -157.0955048 -42.4001160 -0.0154801 -0.0208134 0.7895324 0.6131606
1658133261.483060 -3.8471985 -158.9540405 -42.5606422 -0.0193633 -0.0147370 0.7888976 0.6140428
1658133262.085236 -3.2607117 -161.1998749 -42.7245293 -0.0101988 -0.0260586 0.7922000 0.6096196
1658133262.382900 -2.9726105 -162.3130493 -42.8181992 -0.0154338 -0.0211165 0.7922626 0.6096195
1658133262.984769 -2.3959198 -164.5432434 -43.0092087 -0.0161323 -0.0213769 0.7918065 0.6101848
1658133263.584245 -1.8189697 -166.7644043 -43.2034607 -0.0130794 -0.0207222 0.7923867 0.6095268
1658133264.186221 -1.2474823 -169.0006561 -43.3979263 -0.0154905 -0.0240651 0.7920563 0.6097768
1658133264.684299 -0.7714844 -170.8428040 -43.5559158 -0.0139806 -0.0230944 0.7920890 0.6098083
1658133265.483342 -0.0075226 -173.8100891 -43.8258324 -0.0155684 -0.0233482 0.7906734 0.6115946
1658133265.985243 0.4634247 -175.6801453 -44.0035667 -0.0212215 -0.0197349 0.7906993 0.6115184
1658133266.382897 0.8366852 -177.1588898 -44.1362114 -0.0095276 -0.0324277 0.7904642 0.6115751
1658133266.884550 1.3050079 -179.0295105 -44.3174591 -0.0119704 -0.0256779 0.7910095 0.6111476
1658133267.281879 1.6799316 -180.5074768 -44.4521713 -0.0172057 -0.0293529 0.7911577 0.6106651
1658133267.783946 2.1546478 -182.3685455 -44.6159935 -0.0130987 -0.0316650 0.7894895 0.6128067
1658133268.281842 2.6211395 -184.2135162 -44.7859497 -0.0152316 -0.0292628 0.7910843 0.6108169
1658133268.884552 3.1995544 -186.4462891 -44.9895897 -0.0114574 -0.0267508 0.7903615 0.6119492
1658133269.583782 3.8728180 -189.0419312 -45.2250671 -0.0166150 -0.0312481 0.7908191 0.6110260
1658133270.085620 4.3432159 -190.9098206 -45.4007797 -0.0134541 -0.0276956 0.7915815 0.6102874
1658133270.683227 4.9185638 -193.1389160 -45.6130867 -0.0149151 -0.0229163 0.7904806 0.6118765
1658133271.185178 5.4045868 -195.0077209 -45.7940102 -0.0145810 -0.0240557 0.7896286 0.6129400
1658133271.683827 5.8762970 -196.8550873 -45.9621468 -0.0079971 -0.0314296 0.7908807 0.6111104
1658133272.282034 6.4423676 -199.0717773 -46.1747589 -0.0116131 -0.0256084 0.7916926 0.6102722
1658133272.984712 7.1207123 -201.6726685 -46.4239616 -0.0119507 -0.0268259 0.7921094 0.6096722
1658133273.582878 7.6977234 -203.8868866 -46.6366806 -0.0150768 -0.0274490 0.7915233 0.6103360
1658133274.085016 8.1656647 -205.7343445 -46.8145561 -0.0107871 -0.0268202 0.7922814 0.6094707
1658133274.684799 8.7330627 -207.9398804 -47.0340118 -0.0127372 -0.0253354 0.7920836 0.6097537
1658133275.185053 9.2054138 -209.7968140 -47.2194595 -0.0101655 -0.0251188 0.7922013 0.6096579
1658133275.784408 9.7783966 -212.0221863 -47.4407272 -0.0122919 -0.0291897 0.7921924 0.6094490
1658133276.281480 10.2508850 -213.8543396 -47.6251945 -0.0004958 -0.0361331 0.7908047 0.6110008
1658133276.884653 10.8141785 -216.1051941 -47.8754349 -0.0106776 -0.0331946 0.7914504 0.6102380
1658133277.583235 11.4732056 -218.6856232 -48.1483650 -0.0072315 -0.0321386 0.7915753 0.6101831
1658133278.085545 11.9418640 -220.5332031 -48.3571243 -0.0053005 -0.0291292 0.7926331 0.6089797
1658133278.683419 12.5213928 -222.7360840 -48.6033745 -0.0034188 -0.0276439 0.7924413 0.6093118
1658133279.384481 13.1985779 -225.3149109 -48.8898239 -0.0052604 -0.0247366 0.7919347 0.6100819
1658133279.884025 13.6815796 -227.1678009 -49.0922279 -0.0021506 -0.0263918 0.7918117 0.6101910
1658133280.482335 14.2457581 -229.3730164 -49.3268738 -0.0048229 -0.0297112 0.7917728 0.6100736
1658133280.986654 14.7155762 -231.2430420 -49.5266418 -0.0100402 -0.0239844 0.7914410 0.6106923
1658133281.382671 15.0858154 -232.7239838 -49.6749344 -0.0001283 -0.0327070 0.7919995 0.6096449
1658133281.683790 15.3724365 -233.8373413 -49.7954979 0.0027312 -0.0329380 0.7925084 0.6089647
1658133282.085416 15.7589111 -235.3234406 -49.9645424 0.0010510 -0.0276734 0.7922439 0.6095759
1658133282.684052 16.3322449 -237.5235291 -50.2184258 0.0017563 -0.0253950 0.7914266 0.6107340
1658133283.185879 16.8180847 -239.3688354 -50.4348297 -0.0032839 -0.0277468 0.7914463 0.6105998
1658133283.583086 17.1920776 -240.8269501 -50.6067810 -0.0023862 -0.0266682 0.7919299 0.6100247
1658133284.382161 17.9487000 -243.7817993 -50.9516335 -0.0009014 -0.0285585 0.7913918 0.6106411
1658133284.783510 18.3274841 -245.2643280 -51.1240654 -0.0003755 -0.0300200 0.7915678 0.6103435
1658133285.482836 18.9972534 -247.8374786 -51.4243164 0.0027769 -0.0296829 0.7919192 0.6098979
1658133285.984237 19.4765625 -249.6891174 -51.6425552 -0.0038070 -0.0263598 0.7908810 0.6113901
1658133286.381809 19.8652954 -251.1504211 -51.8060837 0.0034776 -0.0412382 0.7913946 0.6099032
1658133286.784016 20.2332764 -252.6270142 -51.9875717 0.0058584 -0.0329996 0.7918144 0.6098415
1658133287.280963 20.7008667 -254.4533081 -52.2104301 0.0021022 -0.0353995 0.7911564 0.6105850
1658133287.883382 21.2717285 -256.6714783 -52.4785995 -0.0013399 -0.0365605 0.7907124 0.6110937
1658133288.282236 21.6466980 -258.1257935 -52.6571808 0.0015515 -0.0346819 0.7910370 0.6107825
1658133288.884629 22.2017822 -260.3450012 -52.9380913 0.0020000 -0.0320195 0.7910463 0.6109145
1658133289.281000 22.5824280 -261.7994995 -53.1161728 -0.0002360 -0.0348556 0.7915450 0.6101161
1658133289.583240 22.8678284 -262.9086609 -53.2496033 -0.0007744 -0.0370587 0.7912325 0.6103910
1658133290.185025 23.4339905 -265.1183777 -53.5267258 0.0002939 -0.0317979 0.7905579 0.6115613
1658133290.783355 24.0007935 -267.3040161 -53.8018570 -0.0002244 -0.0360820 0.7903746 0.6115603
1658133291.280824 24.4650269 -269.1388550 -54.0341606 0.0065878 -0.0377997 0.7904436 0.6113319
1658133291.682826 24.8385925 -270.6196594 -54.2218170 0.0045270 -0.0410219 0.7904207 0.6111726
1658133292.280905 25.4002075 -272.8166199 -54.5052109 -0.0018327 -0.0399527 0.7898251 0.6120269
1658133292.682750 25.7783508 -274.2833557 -54.6986389 -0.0005373 -0.0367908 0.7902350 0.6116982
1658133293.381320 26.4533081 -276.8368225 -55.0461960 0.0003922 -0.0343878 0.7901230 0.6119828
1658133293.983861 27.0326233 -279.0455017 -55.3428383 0.0038427 -0.0374997 0.7884023 0.6140040
1658133294.683289 27.6796265 -281.6210022 -55.6936340 0.0007480 -0.0347785 0.7895206 0.6127375
1658133295.084739 28.0557861 -283.1019287 -55.8856087 0.0023762 -0.0424010 0.7897602 0.6119440
1658133295.783588 28.6976929 -285.6854858 -56.2202377 -0.0033289 -0.0430836 0.7888812 0.6130247
1658133296.185199 29.0805969 -287.1709290 -56.4150696 -0.0043266 -0.0447947 0.7877182 0.6143898
1658133296.582439 29.4411316 -288.6345520 -56.6070366 0.0055670 -0.0447907 0.7902382 0.6111354
1658133297.084363 29.9165649 -290.4717407 -56.8577003 -0.0001925 -0.0365304 0.7901784 0.6117873
1658133297.682608 30.4837646 -292.6608887 -57.1458740 -0.0029146 -0.0391198 0.7910075 0.6105476
1658133298.184868 30.9637451 -294.5007019 -57.3898048 -0.0027008 -0.0363779 0.7905856 0.6112642
1658133298.682474 31.4295349 -296.3218994 -57.6387825 -0.0000521 -0.0388749 0.7908397 0.6107874
1658133299.084055 31.8133240 -297.8003235 -57.8421783 -0.0010531 -0.0364922 0.7912238 0.6104360
1658133299.682491 32.3855286 -299.9941711 -58.1405411 0.0009276 -0.0396118 0.7911814 0.6102967
1658133300.183992 32.8689270 -301.8394165 -58.4041100 0.0024895 -0.0385191 0.7912852 0.6102276
1658133300.783525 33.4480591 -304.0416565 -58.7174454 0.0017204 -0.0406129 0.7913648 0.6099912
1658133301.283375 33.9288940 -305.8732605 -58.9779892 0.0091747 -0.0405537 0.7927030 0.6081885
1658133301.783283 34.4158020 -307.7174377 -59.2428246 0.0133108 -0.0383663 0.7934442 0.6072866
1658133302.584280 35.1876526 -310.6502686 -59.6739426 0.0087594 -0.0331714 0.7917529 0.6098772
1658133303.084421 35.6633606 -312.4945679 -59.9375076 0.0088386 -0.0449029 0.7886006 0.6132004
1658133303.682393 36.2276611 -314.6908569 -60.2611694 0.0129101 -0.0435833 0.7922232 0.6085362
1658133304.184305 36.6969604 -316.5300293 -60.5358810 0.0106195 -0.0402000 0.7924313 0.6085424
1658133304.682288 37.1616821 -318.3446045 -60.8009262 0.0117678 -0.0437840 0.7930472 0.6074706
1658133305.185861 37.6289673 -320.1692505 -61.0748940 0.0111229 -0.0436379 0.7920063 0.6088498
1658133305.783869 38.2015076 -322.3515625 -61.4045258 0.0111829 -0.0394069 0.7910755 0.6103454
1658133306.281915 38.6639709 -324.1852722 -61.6709366 0.0138479 -0.0472043 0.7917687 0.6088370
1658133306.581469 38.9461365 -325.2875977 -61.8308754 0.0180432 -0.0495586 0.7918822 0.6083921
1658133307.281728 39.6175842 -327.8492126 -62.2131004 0.0128862 -0.0430237 0.7934359 0.6069946
1658133307.783033 40.0888672 -329.6845093 -62.4931030 0.0078740 -0.0378822 0.7919553 0.6093519
1658133308.482260 40.7413025 -332.2341003 -62.8815498 0.0100349 -0.0424140 0.7895946 0.6120790
1658133308.983637 41.2161560 -334.0666809 -63.1631317 0.0061744 -0.0450293 0.7897325 0.6117654
1658133309.682239 41.8660278 -336.6090088 -63.5625877 0.0094830 -0.0438715 0.7911980 0.6099107
1658133310.280617 42.4373169 -338.7957764 -63.9022827 0.0095730 -0.0482790 0.7913969 0.6093181
1658133310.983177 43.1056824 -341.3768616 -64.3116608 -0.0010402 -0.0394280 0.7909934 0.6105521
1658133311.383198 43.4782410 -342.8187866 -64.5298767 0.0183493 -0.0535415 0.7906386 0.6096616
1658133311.682185 43.7664490 -343.9242859 -64.7131271 0.0141554 -0.0527505 0.7912669 0.6090268
1658133312.280354 44.3334045 -346.1066284 -65.0707397 0.0122675 -0.0475017 0.7915215 0.6091690
1658133312.882401 44.9142761 -348.2971802 -65.4286728 0.0126343 -0.0492147 0.7911977 0.6094460
1658133313.280014 45.2875061 -349.7449646 -65.6695099 0.0119496 -0.0478516 0.7909716 0.6098618
1658133313.682847 45.6723938 -351.2040710 -65.9075470 0.0158210 -0.0445150 0.7912927 0.6096098
1658133314.184817 46.1488037 -353.0344543 -66.2040024 0.0119151 -0.0466062 0.7916630 0.6090612
1658133314.782751 46.7138672 -355.2190857 -66.5466843 0.0145385 -0.0494253 0.7914736 0.6090281
1658133315.381188 47.2706909 -357.3985901 -66.8933487 0.0137858 -0.0504819 0.7908487 0.6097704
1658133315.983230 47.8326721 -359.6057129 -67.2534180 0.0064106 -0.0433042 0.7908251 0.6104748
1658133316.380824 48.1990356 -361.0504150 -67.4881744 0.0188945 -0.0526290 0.7907917 0.6095257
1658133316.983079 48.7746887 -363.2554932 -67.8490829 0.0168842 -0.0520940 0.7907398 0.6096980
1658133317.380383 49.1553345 -364.7013550 -68.0877991 0.0196116 -0.0507622 0.7904333 0.6101261
1658133317.882701 49.6183167 -366.5240173 -68.3915329 0.0145243 -0.0543329 0.7891402 0.6116329
1658133318.480975 50.1703796 -368.6893921 -68.7593002 0.0191707 -0.0553280 0.7897987 0.6105648
1658133319.083178 50.7384338 -370.8740234 -69.1335754 0.0106709 -0.0552043 0.7895738 0.6110744
1658133319.481729 51.1234131 -372.3223572 -69.3723221 0.0146539 -0.0702445 0.7892700 0.6098392
1658133319.983565 51.6437988 -374.1414185 -69.6839828 -0.0079073 -0.0877846 0.7928910 0.6029553
1658133320.581868 52.3834839 -376.2626343 -70.0411682 -0.0267574 -0.1202006 0.8098109 0.5736219
1658133321.085460 53.1508789 -377.9745483 -70.3415146 -0.0423635 -0.1378756 0.8299670 0.5388418
1658133321.682350 54.3122559 -379.9071350 -70.6766663 -0.0403959 -0.1695570 0.8582015 0.4828134
1658133322.380809 56.0321655 -381.9192505 -71.0368500 -0.0487435 -0.1852978 0.8916252 0.4102358
1658133322.983091 57.8015442 -383.3993225 -71.3098373 -0.0502714 -0.1954057 0.9180501 0.3412822
1658133323.481080 59.4315796 -384.4058228 -71.4931641 -0.0439070 -0.1977799 0.9374201 0.2831943
1658133324.279818 62.2773132 -385.6325989 -71.7486877 -0.0472173 -0.2073171 0.9578399 0.1932173
1658133324.781982 64.1770325 -386.1213684 -71.8620834 -0.0466392 -0.2127546 0.9667967 0.1336579
1658133325.580842 67.2601013 -386.4345398 -71.9660187 -0.0465184 -0.2135699 0.9749705 0.0407015
1658133326.279750 69.9601212 -386.2627869 -71.9774551 -0.0381429 -0.2054388 0.9772980 -0.0350519
1658133326.882984 72.2694168 -385.8550415 -71.9547729 -0.0487186 -0.1798152 0.9789685 -0.0831484
1658133327.781549 75.6276550 -384.9951782 -71.8655243 -0.0572148 -0.1375470 0.9818912 -0.1170345
1658133328.279856 77.4645691 -384.4714050 -71.8094635 -0.0534032 -0.1374446 0.9817926 -0.1197509
1658133328.883166 79.6647949 -383.7944946 -71.7378998 -0.0486878 -0.1663549 0.9753907 -0.1362665
1658133329.380480 81.4580154 -383.1556091 -71.6541824 -0.0475243 -0.1970849 0.9649789 -0.1664774
1658133330.083648 83.8665161 -382.0450745 -71.5010071 -0.0439524 -0.2256100 0.9456452 -0.2300510
1658133330.681296 85.7631226 -380.8216858 -71.3290329 -0.0396300 -0.2401069 0.9238449 -0.2954465
1658133331.279529 87.4608765 -379.3115845 -71.1250992 -0.0362646 -0.2424655 0.8977187 -0.3660553
1658133331.681334 88.4558411 -378.1526489 -70.9522552 -0.0227894 -0.2442445 0.8758760 -0.4155316
1658133332.279764 89.7051392 -376.2380371 -70.6656418 -0.0192542 -0.2348229 0.8425765 -0.4843060
1658133332.985582 90.7740173 -373.7568054 -70.2745667 -0.0205970 -0.2305368 0.7995569 -0.5541998
1658133333.381316 91.1768799 -372.2792358 -70.0366745 -0.0166936 -0.2255963 0.7706339 -0.5957776
1658133333.982892 91.4981079 -369.9724121 -69.6605911 -0.0133811 -0.2188069 0.7217065 -0.6565701
1658133334.581230 91.4872131 -367.6688232 -69.2767563 -0.0131500 -0.2064355 0.6740240 -0.7091566
1658133335.183273 91.1712341 -365.3611145 -68.8844986 -0.0348752 -0.1819002 0.6341908 -0.7506650
1658133335.982337 90.4234924 -362.3598938 -68.3778381 -0.0738959 -0.1504429 0.5980387 -0.7837449
1658133336.380068 89.9808960 -360.8923340 -68.1214447 -0.0851651 -0.1236430 0.5935194 -0.7906922
1658133337.380210 88.8419800 -357.2521362 -67.4888916 -0.0959156 -0.1240938 0.5919986 -0.7905306
1658133338.182659 87.9976196 -354.3420715 -66.9828644 -0.0928072 -0.1291400 0.5913419 -0.7905849
1658133339.084176 87.1028442 -351.0862732 -66.4198456 -0.0912646 -0.1220658 0.5947874 -0.7893028
1658133339.882566 86.3135071 -348.1867371 -65.9378204 -0.0876685 -0.1249315 0.5919183 -0.7914159
1658133340.781744 85.4434204 -344.9321594 -65.4047699 -0.0872489 -0.1265314 0.5922714 -0.7909437
1658133341.379867 84.8648987 -342.7575684 -65.0400848 -0.0798518 -0.1232318 0.5936705 -0.7911972
1658133342.480028 83.8016663 -338.7677002 -64.3794403 -0.0946657 -0.1265924 0.5950128 -0.7880181
1658133342.881820 83.4075928 -337.3271484 -64.1383362 -0.0912763 -0.1216056 0.5975201 -0.7873059
1658133343.981661 82.3236389 -333.3612671 -63.4872513 -0.0959664 -0.1278929 0.5951960 -0.7875124
1658133344.581020 81.7534485 -331.2070007 -63.1441498 -0.0941164 -0.1339605 0.5932149 -0.7882212
1658133345.083228 81.2781372 -329.4060669 -62.8623276 -0.0979232 -0.1282696 0.5936620 -0.7883676
1658133345.881963 80.5119019 -326.5084839 -62.4133911 -0.0989121 -0.1408068 0.5925878 -0.7869114
1658133346.183017 80.2238770 -325.4208984 -62.2417107 -0.0927674 -0.1344657 0.5944111 -0.7873936
1658133346.580654 79.8388977 -323.9698792 -62.0159683 -0.0901241 -0.1303649 0.5946193 -0.7882326
1658133347.182791 79.2677155 -321.7796326 -61.6747284 -0.0904132 -0.1308087 0.5951245 -0.7877445
1658133347.480309 78.9849243 -320.7030640 -61.5064011 -0.0885502 -0.1305851 0.5944245 -0.7885213
1658133348.082129 78.4117584 -318.5265198 -61.1707306 -0.0925269 -0.1313770 0.5937495 -0.7884418
1658133348.680581 77.8426056 -316.3661804 -60.8420486 -0.0951856 -0.1315210 0.5937272 -0.7881180
1658133349.182336 77.3584442 -314.5432434 -60.5672073 -0.0957166 -0.1309950 0.5942011 -0.7877840
1658133349.580296 76.9644928 -313.0986938 -60.3455582 -0.0920346 -0.1279494 0.5951177 -0.7880315
1658133349.981669 76.5736237 -311.6347351 -60.1221886 -0.0922897 -0.1289402 0.5949972 -0.7879311
1658133350.580841 75.9915161 -309.4622192 -59.7892113 -0.0904456 -0.1282704 0.5942629 -0.7888079
1658133350.881947 75.7025299 -308.3603821 -59.6206474 -0.0928989 -0.1273984 0.5942932 -0.7886413
1658133351.379870 75.2295837 -306.5420532 -59.3478699 -0.0825964 -0.1269668 0.5941627 -0.7899544
1658133351.781344 74.8434296 -305.0790710 -59.1266785 -0.0822924 -0.1134452 0.5961910 -0.7905153
1658133352.182771 74.4549561 -303.6117859 -58.9091568 -0.0824636 -0.1239039 0.5943077 -0.7903454
1658133352.580462 74.0767975 -302.1683044 -58.6929588 -0.0842286 -0.1229847 0.5949562 -0.7898148
1658133352.981855 73.7003632 -300.7117310 -58.4803772 -0.0889616 -0.1248356 0.5941712 -0.7895964
1658133353.379350 73.3211060 -299.2748108 -58.2651291 -0.0910611 -0.1230551 0.5957183 -0.7884701
1658133353.881660 72.8404388 -297.4690552 -57.9999313 -0.0895392 -0.1273196 0.5940759 -0.7892061
1658133354.278574 72.4588013 -296.0315552 -57.7965240 -0.0915955 -0.1273341 0.5932710 -0.7895733
1658133354.781686 71.9769592 -294.2097778 -57.5432510 -0.0914723 -0.1225315 0.5945874 -0.7893571
1658133355.182247 71.5850525 -292.7548523 -57.3422241 -0.0878830 -0.1216469 0.5963188 -0.7885953
1658133355.680329 71.1111755 -290.9468689 -57.0866241 -0.0892738 -0.1195353 0.5952826 -0.7895444
1658133356.081685 70.7176056 -289.4852905 -56.8828354 -0.0921723 -0.1251240 0.5948724 -0.7886540
1658133356.579580 70.2493286 -287.6762695 -56.6157837 -0.0837808 -0.1158578 0.5959098 -0.7902210
1658133356.981140 69.8666992 -286.2240906 -56.4166145 -0.0933992 -0.1178444 0.5955495 -0.7891198
1658133357.480674 69.3862610 -284.4230347 -56.1713028 -0.0903792 -0.1289468 0.5939384 -0.7889497
1658133358.082614 68.8203583 -282.2567749 -55.8582535 -0.0874670 -0.1325153 0.5948491 -0.7879999
1658133358.580336 68.3551941 -280.4591064 -55.5997009 -0.0887766 -0.1327870 0.5944300 -0.7881240
1658133359.278416 67.6941681 -277.9349060 -55.2437363 -0.0851899 -0.1298292 0.5939233 -0.7893937
1658133359.881416 67.1263580 -275.7533569 -54.9519081 -0.0824530 -0.1230625 0.5950944 -0.7898859
1658133360.379815 66.6474304 -273.9371643 -54.7256699 -0.0879674 -0.1212029 0.5961352 -0.7887930
1658133361.081798 65.9662170 -271.3779297 -54.3868179 -0.0921688 -0.1226197 0.5956278 -0.7884775
1658133361.479384 65.5790710 -269.9420166 -54.1872063 -0.0785698 -0.1042586 0.5978231 -0.7909263
1658133362.182715 64.8982849 -267.3853455 -53.8457947 -0.0889493 -0.1054856 0.5984155 -0.7892146
1658133362.681965 64.4070892 -265.5814209 -53.6067047 -0.0800740 -0.1100176 0.5961583 -0.7912520
1658133363.580311 63.5653839 -262.3131104 -53.1803627 -0.0772851 -0.1086311 0.5960737 -0.7917843
1658133363.982694 63.1884308 -260.8612976 -52.9997787 -0.0771759 -0.1093433 0.5969777 -0.7910156
1658133364.682098 62.5379486 -258.3300476 -52.6843338 -0.0778205 -0.1097247 0.5945979 -0.7926903
1658133365.278895 61.9750366 -256.1723022 -52.4167099 -0.0817247 -0.1039612 0.5976299 -0.7907918
1658133365.780760 61.4938660 -254.3622742 -52.1949844 -0.0920174 -0.1281470 0.5945653 -0.7884183
1658133366.479794 60.8366547 -251.8667908 -51.8566628 -0.0819188 -0.1055188 0.5982050 -0.7901303
1658133367.082380 60.2595520 -249.6909332 -51.5950890 -0.0885584 -0.1095672 0.6002693 -0.7872923
1658133367.780150 59.5825958 -247.1611633 -51.2776718 -0.0804693 -0.1053263 0.5975633 -0.7907902
1658133368.379518 59.0141754 -244.9824066 -51.0127487 -0.0836730 -0.1106073 0.5967833 -0.7903257
1658133369.278032 58.1658936 -241.7405701 -50.6032562 -0.0869096 -0.1123070 0.5972117 -0.7894125
1658133369.680413 57.7926025 -240.2954865 -50.4190063 -0.0827419 -0.1092527 0.5970231 -0.7904309
1658133370.680244 56.8469696 -236.6906891 -49.9819717 -0.0837791 -0.1083067 0.5977817 -0.7898783
1658133371.182085 56.3649902 -234.8723755 -49.7593460 -0.0819307 -0.1092406 0.5976694 -0.7900287
1658133371.981278 55.6126404 -231.9795990 -49.4203415 -0.0802432 -0.1044273 0.5966902 -0.7915913
1658133372.579404 55.0457001 -229.8212738 -49.1645889 -0.0792301 -0.1043511 0.5979837 -0.7907269
1658133373.278600 54.3938599 -227.3000183 -48.8719139 -0.0780875 -0.1060183 0.5966332 -0.7916384
1658133373.880696 53.8319092 -225.1277924 -48.6301270 -0.0797533 -0.1079637 0.5967042 -0.7911557
1658133374.680846 53.0687561 -222.2403564 -48.3123474 -0.0802008 -0.1055460 0.5966341 -0.7914895
1658133375.081915 52.6825562 -220.7906342 -48.1616669 -0.0793288 -0.1046997 0.5970542 -0.7913730
1658133375.680329 52.1135101 -218.6380463 -47.9418030 -0.0817901 -0.1058723 0.5968472 -0.7911226
1658133376.379379 51.4644318 -216.1158905 -47.6734619 -0.0751591 -0.1007026 0.5972292 -0.7921664
1658133376.780377 51.0925446 -214.6643829 -47.5273438 -0.0801480 -0.1017393 0.5976703 -0.7912116
1658133377.679757 50.2452087 -211.4239655 -47.1955261 -0.0787873 -0.1091245 0.5980324 -0.7900897
1658133378.081218 49.8764954 -209.9733734 -47.0402985 -0.0771071 -0.1074466 0.5971859 -0.7911250
1658133378.880597 49.1369629 -207.0879517 -46.7415314 -0.0707739 -0.1100058 0.5982441 -0.7905655
1658133379.378262 48.6767120 -205.2928467 -46.5572090 -0.0719102 -0.1115409 0.5976857 -0.7906702
1658133380.181655 47.9105377 -202.4002686 -46.2528725 -0.0738098 -0.1070397 0.5995088 -0.7897364
1658133380.581501 47.5410004 -200.9560089 -46.1204300 -0.0722635 -0.1166240 0.5969126 -0.7904885
1658133381.182157 46.9842987 -198.7860413 -45.9125900 -0.0666210 -0.1158856 0.5974330 -0.7906997
1658133381.679868 46.5144043 -196.9871216 -45.7308922 -0.0631805 -0.1186056 0.5978348 -0.7902749
1658133382.478959 45.7722015 -194.1219788 -45.4445496 -0.0574006 -0.1155435 0.5991408 -0.7901804
1658133382.880505 45.3882599 -192.6721191 -45.3144875 -0.0621562 -0.1130621 0.5949705 -0.7933245
1658133383.780043 44.5088196 -189.4251404 -45.0035553 -0.0696163 -0.1123301 0.5962116 -0.7918758
1658133384.181389 44.1195679 -187.9897461 -44.8599319 -0.0671612 -0.1069101 0.5981554 -0.7913720
1658133384.981831 43.3582153 -185.1067657 -44.5899200 -0.0652476 -0.1055437 0.5981925 -0.7916875
1658133385.378026 42.9764404 -183.6626892 -44.4613495 -0.0657784 -0.1101972 0.5974376 -0.7915795
1658133385.981132 42.4096375 -181.4727478 -44.2543945 -0.0624719 -0.1145283 0.5956777 -0.7925584
1658133386.380768 42.0320740 -180.0410614 -44.1171722 -0.0594996 -0.1065589 0.5974688 -0.7925503
1658133387.081354 41.3767242 -177.5109863 -43.8891258 -0.0605226 -0.1123084 0.5968180 -0.7921692
1658133387.479138 41.0106201 -176.0911102 -43.7624702 -0.0638334 -0.1073089 0.5981650 -0.7915862
1658133388.081163 40.4416962 -173.9367218 -43.5692596 -0.0649248 -0.1090318 0.5993425 -0.7903705
1658133388.679673 39.8782043 -171.7947388 -43.3842201 -0.0692039 -0.1144717 0.5974368 -0.7906809
1658133389.080990 39.4953003 -170.3521881 -43.2527695 -0.0620791 -0.1149707 0.5980235 -0.7907565
1658133389.680127 38.9214935 -168.2103424 -43.0587158 -0.0602444 -0.1067661 0.5983343 -0.7918130
1658133390.277202 38.3509674 -166.0555878 -42.8893051 -0.0656569 -0.1075778 0.5985587 -0.7911029
1658133390.680719 37.9682007 -164.6077271 -42.7701225 -0.0584021 -0.1045048 0.5979887 -0.7925134
1658133391.279443 37.3844299 -162.4387665 -42.5984726 -0.0634978 -0.1003699 0.6002204 -0.7909673
1658133391.680239 37.0056839 -160.9859772 -42.4809418 -0.0507268 -0.0956440 0.5987545 -0.7935818
1658133392.378621 36.3399734 -158.4541168 -42.2965202 -0.0536049 -0.1112607 0.5961008 -0.7933545
1658133392.980641 35.7852097 -156.2919617 -42.1321640 -0.0556065 -0.1143708 0.5934615 -0.7947521
1658133393.578935 35.2286606 -154.1435852 -41.9626465 -0.0603797 -0.1031749 0.5959569 -0.7940684
1658133394.181176 34.6530304 -151.9670563 -41.7737617 -0.0583796 -0.0938281 0.5996605 -0.7925878
1658133394.779477 34.0821991 -149.8072662 -41.5963631 -0.0559724 -0.0934876 0.5983581 -0.7937851
1658133395.379678 33.5019989 -147.6416626 -41.4176559 -0.0542866 -0.0842518 0.6012090 -0.7927814
1658133395.678905 33.2094116 -146.5518494 -41.3396530 -0.0540201 -0.0890719 0.6001006 -0.7931124
1658133396.277038 32.6386795 -144.3967285 -41.1695518 -0.0570730 -0.0850315 0.6009825 -0.7926742
1658133396.680546 32.2543564 -142.9568329 -41.0575485 -0.0603985 -0.0827869 0.6010367 -0.7926243
1658133397.477812 31.4940643 -140.0934143 -40.8396072 -0.0576777 -0.0863944 0.6011687 -0.7923418
1658133398.180719 30.8448334 -137.5770874 -40.6603012 -0.0563807 -0.0925905 0.6003526 -0.7923541
1658133398.578996 30.4835815 -136.1501007 -40.5675049 -0.0656170 -0.0963958 0.5999544 -0.7914904
1658133399.080724 30.0170059 -134.3522644 -40.4472923 -0.0544307 -0.0986083 0.6004813 -0.7916666
1658133399.678183 29.4662018 -132.2005615 -40.3057556 -0.0564310 -0.0946623 0.5995910 -0.7926823
1658133400.276770 28.9084091 -130.0516968 -40.1587677 -0.0548444 -0.0943278 0.5991718 -0.7931505
1658133400.879578 28.3378067 -127.8788910 -40.0131416 -0.0547131 -0.0934642 0.5998036 -0.7927840
1658133401.276700 27.9665756 -126.4456863 -39.9184685 -0.0526690 -0.0867119 0.6009953 -0.7927873
1658133401.678672 27.5873795 -124.9926834 -39.8285141 -0.0449043 -0.0788781 0.6009012 -0.7941534
1658133402.180580 27.1157608 -123.1879807 -39.7218895 -0.0497440 -0.0780947 0.5997775 -0.7947916
1658133402.778973 26.5326004 -121.0192871 -39.5769348 -0.0575386 -0.0923387 0.5947195 -0.7965372
1658133403.180534 26.1465454 -119.5758972 -39.4628296 -0.0490314 -0.0807554 0.5994276 -0.7948341
1658133403.578320 25.7688293 -118.1393280 -39.3706398 -0.0425467 -0.0859933 0.5996963 -0.7944554
1658133404.179965 25.2148743 -115.9612579 -39.2341843 -0.0546179 -0.0896525 0.6010548 -0.7922831
1658133404.779493 24.6539917 -113.8091660 -39.0922318 -0.0476428 -0.0840191 0.6035874 -0.7914248
1658133405.180899 24.2761765 -112.3615799 -39.0060959 -0.0536132 -0.0835236 0.6042530 -0.7905869
1658133405.778433 23.7097321 -110.2147980 -38.8801003 -0.0492186 -0.0833757 0.6027578 -0.7920285
1658133406.179943 23.3298340 -108.7690506 -38.8106194 -0.0565802 -0.0891400 0.6008433 -0.7923636
1658133406.679364 22.8623123 -106.9866409 -38.7161293 -0.0530197 -0.0760049 0.6015105 -0.7934718
1658133407.276536 22.2930145 -104.8480911 -38.6037941 -0.0605594 -0.0850752 0.6017072 -0.7918606
1658133407.678378 21.9268036 -103.4172287 -38.5228004 -0.0602208 -0.0848849 0.6003115 -0.7929654
1658133408.180374 21.4591217 -101.6234665 -38.4121895 -0.0546733 -0.0790072 0.6015773 -0.7930154
1658133408.778900 20.8890076 -99.4669189 -38.2929535 -0.0591442 -0.0908931 0.5984105 -0.7938169
1658133409.376977 20.3405380 -97.3212814 -38.1528244 -0.0511467 -0.0876403 0.6008728 -0.7928777
1658133409.979051 19.7895889 -95.1654739 -38.0216217 -0.0513847 -0.0922416 0.6037226 -0.7901710
1658133410.478059 19.3393478 -93.3717957 -37.9277649 -0.0516562 -0.0977866 0.6037875 -0.7894365
1658133411.081890 18.7812119 -91.2027664 -37.8271561 -0.0567577 -0.1015118 0.6004577 -0.7911538
1658133411.579134 18.3096237 -89.4217072 -37.7382202 -0.0517084 -0.0931709 0.6012729 -0.7919068
1658133412.180430 17.7425461 -87.2633896 -37.6369629 -0.0526426 -0.0966519 0.5990357 -0.7931225
1658133412.678381 17.2789612 -85.4870911 -37.5483437 -0.0537539 -0.0930604 0.5993658 -0.7932281
1658133413.477950 16.5284119 -82.6192856 -37.4049263 -0.0528667 -0.0941914 0.5991965 -0.7932822
1658133413.979595 16.0644455 -80.8205795 -37.3189812 -0.0559586 -0.0973423 0.5998699 -0.7921801
1658133414.777992 15.3228531 -77.9618149 -37.1830406 -0.0573516 -0.0950962 0.5985191 -0.7933740
1658133415.276159 14.8509102 -76.1710510 -37.1000671 -0.0605517 -0.0928714 0.5979768 -0.7938086
1658133415.979037 14.1814613 -73.6319199 -36.9810524 -0.0655841 -0.1035765 0.5981651 -0.7919402
1658133416.578291 13.6166458 -71.4816055 -36.8732109 -0.0525266 -0.0866277 0.6006256 -0.7930861
1658133417.578105 12.6544876 -67.8873291 -36.7196503 -0.0600046 -0.0891354 0.6006942 -0.7922252
1658133418.079722 12.1896210 -66.0802536 -36.6368599 -0.0542444 -0.0863112 0.6002892 -0.7932596
1658133418.979089 11.3377800 -62.8304138 -36.4982529 -0.0543550 -0.0890745 0.6013064 -0.7921754
1658133419.376704 10.9667854 -61.3936234 -36.4398804 -0.0508243 -0.0893555 0.6016649 -0.7921060
1658133420.377346 10.0293579 -57.7923927 -36.3206062 -0.0561449 -0.0876966 0.6015780 -0.7919981
1658133420.778060 9.6762047 -56.3351173 -36.2752647 -0.0739598 -0.0643791 0.6065063 -0.7890091
1658133421.275765 9.2846146 -54.5037270 -36.1927567 -0.0927982 -0.0413987 0.6233994 -0.7752727
1658133421.879721 8.9922562 -52.2717552 -36.0991859 -0.1139685 -0.0130800 0.6551327 -0.7467538
1658133422.181379 8.9503403 -51.1514053 -36.0560608 -0.1256984 -0.0031248 0.6789854 -0.7233043
1658133422.778622 9.1105385 -48.9357948 -35.9677963 -0.1309696 0.0284778 0.7359266 -0.6636626
1658133423.275600 9.5671959 -47.1366463 -35.8913803 -0.1408329 0.0450039 0.7837374 -0.6032383
1658133423.778545 10.3289604 -45.4174347 -35.8102150 -0.1232289 0.0533547 0.8348461 -0.5338538
1658133424.275698 11.3738403 -43.8485413 -35.7421875 -0.1132377 0.0515871 0.8748621 -0.4681156
1658133424.778161 12.6791267 -42.4664764 -35.6689720 -0.1016905 0.0702270 0.9095711 -0.3967463
1658133425.376564 14.5202503 -41.1093216 -35.5921211 -0.0894145 0.0823166 0.9446780 -0.3046515
1658133425.677576 15.5377579 -40.5710182 -35.5575752 -0.0778784 0.0777097 0.9599234 -0.2577657
1658133426.376383 18.0793381 -39.6773567 -35.4905930 -0.0608711 0.0645989 0.9832829 -0.1589860
1658133426.878070 19.9798393 -39.3123665 -35.4582443 -0.0483489 0.0418750 0.9925505 -0.1036939
1658133427.576805 22.6586037 -39.1082191 -35.4307365 -0.0426170 0.0004512 0.9978212 -0.0503635
1658133428.078642 24.5733395 -39.0721550 -35.4175034 -0.0408102 -0.0325416 0.9981491 -0.0312088
1658133428.778362 27.2092419 -39.0987358 -35.3984108 -0.0421953 -0.0216878 0.9985734 -0.0245021
1658133429.377134 29.4267273 -39.1920242 -35.3889236 -0.0419824 0.0090034 0.9990777 0.0003091
1658133429.879440 31.2805176 -39.3705521 -35.3878250 -0.0403470 0.0277398 0.9981395 0.0363346
1658133430.376438 33.0945320 -39.6729813 -35.3885002 -0.0342269 0.0402825 0.9954324 0.0795001
1658133430.978661 35.2575264 -40.2659645 -35.4095345 -0.0426675 0.0530616 0.9885849 0.1344024
1658133431.275378 36.2842293 -40.6486015 -35.4092178 -0.0207478 0.0545026 0.9846235 0.1646682
1658133431.677316 37.6468887 -41.2703552 -35.4246063 -0.0146002 0.0580378 0.9774360 0.2025767
1658133432.275410 39.5620689 -42.3879242 -35.4630585 -0.0162171 0.0570292 0.9649129 0.2557885
1658133432.677177 40.7635880 -43.2629547 -35.4928551 -0.0113814 0.0555419 0.9552358 0.2903619
1658133433.078807 41.9114113 -44.2399101 -35.5248833 -0.0087636 0.0602879 0.9438036 0.3248437
1658133433.476193 42.9780464 -45.2821045 -35.5629578 -0.0010114 0.0647032 0.9305888 0.3603011
1658133434.078531 44.4198761 -47.0141296 -35.6243820 0.0044366 0.0662275 0.9084468 0.4126969
1658133434.479564 45.2595673 -48.2480850 -35.6658630 0.0135720 0.0674512 0.8919309 0.4469065
1658133435.079183 46.3581734 -50.2282257 -35.7424545 0.0153606 0.0688621 0.8642901 0.4980208
1658133435.478275 46.9660797 -51.5915451 -35.7961044 0.0165932 0.0661145 0.8451658 0.5301399
1658133435.978947 47.5949326 -53.3741417 -35.8727913 0.0048754 0.0621741 0.8212646 0.5671288
1658133436.378561 48.0001602 -54.8104134 -35.9280052 0.0053475 0.0432197 0.8059638 0.5903608
1658133436.978850 48.5130196 -57.0067139 -36.0210953 -0.0167837 0.0138757 0.7919049 0.6102560
1658133437.576813 48.9675598 -59.1869316 -36.1149101 -0.0266120 0.0056606 0.7895238 0.6131166
1658133438.179700 49.4281311 -61.3667870 -36.2070236 -0.0265151 0.0049029 0.7899074 0.6126330
1658133438.877867 49.9941978 -63.8882027 -36.3148880 -0.0227053 0.0061875 0.7909057 0.6114854
1658133439.475895 50.5088387 -66.0406494 -36.4122696 -0.0197366 0.0075219 0.7895165 0.6133658
1658133440.275120 51.2064171 -68.9073639 -36.5479126 -0.0143602 0.0119468 0.7907264 0.6118846
1658133440.878308 51.7432480 -71.0700531 -36.6599655 -0.0177045 0.0143759 0.7883576 0.6147944
1658133441.476778 52.2685127 -73.2146912 -36.7592583 -0.0154279 0.0060715 0.7866371 0.6171930
1658133442.275072 52.9625015 -76.0610962 -36.8958359 -0.0258856 0.0105096 0.7871453 0.6161346
1658133442.777526 53.4013481 -77.8546295 -36.9767456 -0.0274227 0.0085082 0.7898073 0.6126827
1658133443.375973 53.9200554 -79.9978027 -37.0813675 -0.0265579 0.0065999 0.7892951 0.6134039
1658133444.078576 54.5329933 -82.5298615 -37.2080002 -0.0252279 0.0007056 0.7904336 0.6120275
1658133444.777196 55.1408501 -85.0313416 -37.3426857 -0.0253481 0.0012266 0.7883105 0.6147541
1658133445.375846 55.6543579 -87.1713028 -37.4618301 -0.0241792 0.0008977 0.7891921 0.6136696
1658133445.978586 56.1791077 -89.3510132 -37.5852966 -0.0314354 0.0054592 0.7875926 0.6153697
1658133446.577557 56.6953964 -91.4958649 -37.7054214 -0.0136903 -0.0096852 0.7873299 0.6163039
1658133447.080993 57.1355057 -93.2940826 -37.8100700 -0.0140582 -0.0120696 0.7871665 0.6164622
1658133447.678322 57.6499710 -95.4260406 -37.9509239 -0.0084658 0.0015141 0.7840280 0.6206659
1658133448.078849 58.0165024 -96.8792267 -38.0464821 -0.0327754 0.0097365 0.7845218 0.6191579
1658133448.476311 58.3766556 -98.2879715 -38.1142044 -0.0107759 0.0003717 0.7874019 0.6163456
1658133448.877831 58.7403107 -99.7359467 -38.1865692 -0.0084212 -0.0014332 0.7894318 0.6137789
1658133449.476039 59.2832031 -101.8757324 -38.3028641 -0.0046300 0.0023592 0.7902761 0.6127289
1658133450.078179 59.8182602 -104.0246887 -38.4423828 -0.0129509 -0.0017400 0.7918159 0.6106200
1658133450.475889 60.1636658 -105.4400711 -38.5397415 -0.0101567 0.0093352 0.7906216 0.6121496
1658133451.078009 60.6895370 -107.5804901 -38.6764679 -0.0187146 0.0078775 0.7893582 0.6135972
1658133451.475660 61.0278244 -108.9963760 -38.7558212 -0.0065426 -0.0070109 0.7907814 0.6120235
1658133452.078389 61.5350342 -111.1313934 -38.9021416 -0.0096123 -0.0003612 0.7876035 0.6161073
1658133452.476779 61.8819580 -112.5470886 -39.0018501 -0.0189079 -0.0028515 0.7828660 0.6218964
1658133452.877843 62.2203293 -113.9621735 -39.1022377 -0.0114270 0.0054225 0.7774855 0.6287737
1658133453.274709 62.5604858 -115.3792725 -39.1928673 -0.0159786 -0.0021129 0.7807199 0.6246732
1658133453.677115 62.9060745 -116.8152618 -39.2854691 -0.0084684 -0.0064295 0.7892296 0.6140062
1658133454.078732 63.2590332 -118.2616501 -39.3854485 -0.0120910 -0.0011214 0.7923011 0.6100095
1658133454.476241 63.6064529 -119.6830139 -39.4790497 -0.0116089 -0.0052091 0.7935741 0.6083407
1658133454.877432 63.9659042 -121.1229172 -39.5797005 -0.0079162 0.0020218 0.7930069 0.6091579
1658133455.475980 64.4973755 -123.2534180 -39.7272606 -0.0108295 -0.0011210 0.7934384 0.6085532
1658133455.877655 64.8553543 -124.6866913 -39.8280754 -0.0091993 0.0020266 0.7927184 0.6095153
1658133456.274517 65.2044830 -126.0981903 -39.9337463 -0.0040825 0.0013546 0.7928602 0.6093884
1658133456.776960 65.6460190 -127.8863983 -40.0707321 -0.0034646 -0.0018452 0.7924565 0.6099159
1658133457.375175 66.1602554 -130.0169983 -40.2384605 -0.0095089 -0.0016731 0.7931604 0.6089362
1658133457.776683 66.5059738 -131.4417877 -40.3463516 -0.0025501 -0.0014368 0.7908015 0.6120657
1658133458.274718 66.9319229 -133.2173462 -40.4792938 -0.0112138 -0.0078428 0.7924181 0.6098248
1658133458.677190 67.2799606 -134.6562500 -40.5894127 -0.0054770 -0.0017652 0.7921014 0.6103624
1658133459.078404 67.6346436 -136.0850525 -40.6961746 -0.0049266 -0.0071438 0.7918941 0.6105967
1658133459.676749 68.1453094 -138.2190247 -40.8712807 -0.0085901 -0.0045165 0.7908891 0.6118826
1658133460.178726 68.5805283 -140.0014343 -41.0114021 -0.0075393 -0.0118471 0.7892427 0.6139208
1658133460.776847 69.0873947 -142.1237030 -41.1989937 -0.0078647 0.0012751 0.7882553 0.6152967
1658133461.178430 69.4375687 -143.5325317 -41.3298759 -0.0169097 -0.0067162 0.7854484 0.6186597
1658133461.676377 69.8422852 -145.2858582 -41.4859467 -0.0158633 -0.0092496 0.7859678 0.6179947
1658133462.274521 70.3462982 -147.4089966 -41.6522675 -0.0256074 -0.0030813 0.7875416 0.6157216
1658133462.676353 70.6988678 -148.8456421 -41.7630196 -0.0175014 -0.0074858 0.7886330 0.6145694
1658133463.375769 71.3151855 -151.3371887 -41.9715347 -0.0103273 -0.0057228 0.7873350 0.6164123
1658133463.977028 71.8417664 -153.4909668 -42.1604347 -0.0209796 0.0030529 0.7892534 0.6137016
1658133464.376172 72.1888123 -154.9038391 -42.2728500 -0.0124418 -0.0004629 0.7900300 0.6129417
1658133464.877599 72.6354218 -156.6897278 -42.4087410 -0.0097044 -0.0058006 0.7875556 0.6161398
1658133465.274198 72.9832764 -158.1039734 -42.5164261 -0.0064059 -0.0108698 0.7873439 0.6163851
1658133465.877349 73.5151520 -160.2628937 -42.7017174 -0.0217322 0.0010982 0.7890216 0.6139801
1658133466.377871 73.9446411 -162.0322418 -42.8427849 0.0018133 -0.0161534 0.7881514 0.6152667
1658133466.877129 74.3809662 -163.8182220 -43.0075340 -0.0151971 -0.0112340 0.7893525 0.6136492
1658133467.375067 74.8022614 -165.5689697 -43.1726913 -0.0009864 -0.0074473 0.7872095 0.6166399
1658133467.776468 75.1588287 -167.0004883 -43.3114929 -0.0299255 -0.0025206 0.7876908 0.6153384
1658133468.178106 75.5000458 -168.4168091 -43.4312210 -0.0070534 -0.0068793 0.7888654 0.6144869
1658133468.575553 75.8443146 -169.8295746 -43.5604362 -0.0082684 -0.0101406 0.7887931 0.6145195
1658133469.077428 76.2788086 -171.6085815 -43.7265396 -0.0072861 -0.0112508 0.7906714 0.6120940
1658133469.575294 76.7197266 -173.3742981 -43.8955116 -0.0050166 -0.0111909 0.7873291 0.6164110
1658133469.976995 77.0646820 -174.7958679 -44.0359421 -0.0037718 -0.0100733 0.7873489 0.6164139
1658133470.677176 77.6771545 -177.2523804 -44.2804413 -0.0027567 -0.0038729 0.7891605 0.6141686
1658133471.079122 78.0319977 -178.6720276 -44.4272766 -0.0136640 -0.0013567 0.7900585 0.6128777
1658133471.576169 78.4663239 -180.4167480 -44.6071892 0.0051352 -0.0023781 0.7870094 0.6169151
1658133472.178160 78.9961395 -182.5430450 -44.8298454 -0.0082719 -0.0037654 0.7877185 0.6159683
1658133472.876646 79.6067352 -185.0008087 -45.0774689 0.0065919 -0.0120453 0.7905842 0.6121994
1658133473.374848 80.0248108 -186.7729492 -45.2736359 -0.0140253 -0.0036676 0.7915543 0.6109269
1658133473.977074 80.5311890 -188.8993835 -45.4874344 0.0033537 -0.0180059 0.7916953 0.6106415
1658133474.475139 80.9527893 -190.6809082 -45.6720276 -0.0178224 -0.0121562 0.7881200 0.6151435
1658133474.876424 81.2909088 -192.1142578 -45.7996979 -0.0099731 -0.0203813 0.7900376 0.6126384
1658133475.575248 81.9097443 -194.5948944 -46.0621986 0.0105013 -0.0151725 0.7939029 0.6077646
1658133476.273704 82.5164490 -197.0619659 -46.3530045 0.0054927 -0.0212316 0.7902887 0.6123421
1658133476.976885 83.1165771 -199.5468597 -46.6468582 -0.0029866 -0.0178229 0.7876180 0.6158988
1658133477.375188 83.4655914 -200.9541779 -46.7994080 0.0082344 -0.0189554 0.7863575 0.6174259
1658133477.877058 83.9086914 -202.7307739 -46.9878082 0.0139580 -0.0207069 0.7876154 0.6156609
1658133478.575593 84.5138550 -205.1867065 -47.2645607 0.0057472 -0.0204732 0.7887571 0.6143371
1658133479.177792 85.0229340 -207.3035583 -47.5138512 0.0061127 -0.0172967 0.7882751 0.6150495
1658133479.876280 85.6169128 -209.7455597 -47.8054047 0.0081115 -0.0164039 0.7885519 0.6146958
1658133480.374554 86.0377808 -211.4917603 -48.0102921 -0.0020856 -0.0188362 0.7882853 0.6150180
1658133481.273810 86.8108215 -214.6581879 -48.3752823 0.0173551 -0.0197429 0.7870862 0.6162827
1658133481.674979 87.1531982 -216.0757751 -48.5537071 0.0098855 -0.0219775 0.7873701 0.6160094
1658133482.574724 87.9201355 -219.2239990 -48.9579849 0.0009532 -0.0221416 0.7883208 0.6148651
1658133483.076612 88.3866882 -220.9670258 -49.1650391 -0.0150819 -0.0488810 0.7914187 0.6091303
1658133483.675937 89.0291290 -223.0334778 -49.4160576 -0.0339027 -0.0762840 0.8073223 0.5841764
1658133484.177950 89.7091064 -224.7145233 -49.6215019 -0.0455436 -0.1023555 0.8277979 0.5497270
1658133484.776246 90.7412720 -226.6088715 -49.8709793 -0.0626565 -0.1339238 0.8569918 0.4936635
1658133485.273355 91.8327332 -228.0480499 -50.0695953 -0.0560485 -0.1489854 0.8851448 0.4372421
1658133485.976711 93.7260437 -229.8130035 -50.3307724 -0.0638930 -0.1631500 0.9193857 0.3521786
1658133486.374479 94.9535217 -230.6326141 -50.4436722 -0.0400954 -0.1825206 0.9367535 0.2959248
1658133487.076895 97.3293304 -231.7366333 -50.6453743 -0.0408390 -0.1886683 0.9591761 0.2066826
1658133487.675214 99.4999695 -232.2943115 -50.7769547 -0.0413666 -0.1963418 0.9715548 0.1257782
1658133488.373833 102.1109772 -232.4890594 -50.8803024 -0.0344462 -0.1955023 0.9796832 0.0285171
1658133488.775324 103.6147842 -232.3846588 -50.9089317 -0.0302633 -0.1900315 0.9810634 -0.0220612
1658133489.575563 106.5534592 -231.7977295 -50.9279099 -0.0326397 -0.1689738 0.9791728 -0.1077183
1658133490.077197 108.3398895 -231.2363281 -50.9136009 -0.0412962 -0.1360734 0.9799677 -0.1394349
1658133490.976664 111.4779892 -230.0741272 -50.8589211 -0.0481675 -0.1083546 0.9787223 -0.1674570
1658133491.374272 112.8410034 -229.5478210 -50.8340569 -0.0374395 -0.0957888 0.9803096 -0.1685701
1658133492.273100 115.9096985 -228.3591309 -50.7874527 -0.0401077 -0.1193915 0.9774421 -0.1695409
1658133492.675130 117.2655182 -227.8020020 -50.7588806 -0.0320486 -0.1403141 0.9725344 -0.1829253
1658133493.176961 118.9053879 -227.0180359 -50.7111511 -0.0251150 -0.1716307 0.9608949 -0.2158545
1658133493.574135 120.1521454 -226.2984467 -50.6645279 -0.0216892 -0.1871134 0.9488270 -0.2534669
1658133494.076066 121.6036072 -225.2321930 -50.5875130 -0.0129791 -0.2199819 0.9225629 -0.3167289
1658133494.474206 122.6310120 -224.2385559 -50.5048332 -0.0013333 -0.2296272 0.8984780 -0.3741750
1658133494.978297 123.7309570 -222.8030090 -50.3742218 0.0053004 -0.2336941 0.8626976 -0.4484550
1658133495.374420 124.4226532 -221.5416260 -50.2509384 0.0060798 -0.2315700 0.8317118 -0.5045730
1658133495.875403 125.0588379 -219.8187103 -50.0621262 0.0106199 -0.2221409 0.7901561 -0.5711340
1658133496.275496 125.3648987 -218.3819885 -49.9005089 0.0282191 -0.2222856 0.7509460 -0.6211866
1658133496.777290 125.4743500 -216.5243225 -49.6883469 0.0321620 -0.2197780 0.6967659 -0.6820414
1658133497.178182 125.3418732 -215.0351715 -49.5101166 0.0316688 -0.2096361 0.6509393 -0.7289223
1658133497.674775 124.9174957 -213.2210541 -49.2714806 0.0313531 -0.1873542 0.5985100 -0.7782681
1658133498.275154 124.0911102 -211.1331940 -48.9961205 0.0064617 -0.1657393 0.5452892 -0.8216742
1658133498.775951 123.2028503 -209.4646454 -48.7722130 -0.0160469 -0.1451104 0.5111949 -0.8469742
1658133499.476225 121.8245697 -207.2287292 -48.4782944 -0.0525512 -0.1137358 0.4865718 -0.8646100
1658133500.273405 120.1994095 -204.7401428 -48.1406593 -0.0669014 -0.1091913 0.4828723 -0.8662770
1658133501.176854 118.3873978 -201.9107513 -47.7620544 -0.0620476 -0.1056023 0.4833981 -0.8667898
1658133501.875232 117.0368423 -199.7248688 -47.4748764 -0.0494062 -0.1020087 0.4811953 -0.8692551
1658133502.978322 114.9895172 -196.3241119 -47.0444069 -0.0568135 -0.1175934 0.4787550 -0.8681807
1658133503.875002 113.3394775 -193.5657349 -46.7056961 -0.0606296 -0.1186754 0.4803191 -0.8669105
1658133504.775164 111.6856995 -190.7965240 -46.3559990 -0.0553534 -0.1154852 0.4817630 -0.8668931
1658133505.176700 110.9434586 -189.5591583 -46.2021713 -0.0516112 -0.1173007 0.4793819 -0.8681992
1658133506.076913 109.2742538 -186.7623291 -45.8618736 -0.0569460 -0.1161726 0.4803538 -0.8674799
1658133506.473726 108.5360489 -185.5303497 -45.7181244 -0.0489304 -0.1019626 0.4791709 -0.8704049
1658133507.372928 106.8603668 -182.7186890 -45.4014549 -0.0539916 -0.1035439 0.4816721 -0.8685365
1658133507.874847 105.9298019 -181.1544037 -45.2219048 -0.0479677 -0.1041746 0.4809951 -0.8691896
1658133508.272682 105.1850662 -179.9173737 -45.0814514 -0.0488708 -0.1000516 0.4815508 -0.8693159
1658133508.876044 104.0603180 -178.0330658 -44.8706703 -0.0456815 -0.0796700 0.4825851 -0.8710210
1658133509.373930 103.1222076 -176.4766693 -44.7119865 -0.0468168 -0.1014529 0.4829762 -0.8684754
1658133510.176669 101.6193695 -173.9592438 -44.4301453 -0.0551077 -0.0938498 0.4852711 -0.8675641
1658133510.674552 100.6866379 -172.4084778 -44.2646637 -0.0494882 -0.0900741 0.4855656 -0.8681381
1658133511.272351 99.5748672 -170.5381622 -44.0816994 -0.0536952 -0.1000993 0.4837809 -0.8677862
1658133511.774317 98.6564331 -168.9743347 -43.9176483 -0.0376318 -0.0915211 0.4825275 -0.8702729
1658133512.473412 97.3813858 -166.8031311 -43.7140617 -0.0466191 -0.1028153 0.4840928 -0.8677038
1658133513.075788 96.2779846 -164.9389648 -43.5203400 -0.0409796 -0.1056264 0.4799564 -0.8699458
1658133513.774231 94.9979019 -162.7742310 -43.3118134 -0.0542264 -0.1193081 0.4809330 -0.8669075
1658133514.272905 94.0839539 -161.2443237 -43.1514473 -0.0403101 -0.1010279 0.4819576 -0.8694167
1658133514.674863 93.3359756 -159.9870605 -43.0360184 -0.0500139 -0.1007629 0.4825035 -0.8686402
1658133515.076317 92.5957260 -158.7409210 -42.9230919 -0.0432928 -0.0978865 0.4801258 -0.8706453
1658133515.574179 91.6685562 -157.1906738 -42.7828369 -0.0518775 -0.0959134 0.4801140 -0.8704022
1658133516.272473 90.3580551 -155.0051727 -42.5640259 -0.0491243 -0.1016925 0.4838544 -0.8678308
1658133516.674459 89.6069107 -153.7275238 -42.4174309 -0.0468222 -0.0901262 0.4861002 -0.8679813
1658133517.372679 88.2926178 -151.5440521 -42.1929588 -0.0519439 -0.0900052 0.4898134 -0.8656118
1658133517.774168 87.5447235 -150.2997284 -42.0798035 -0.0491863 -0.0949274 0.4857719 -0.8675224
1658133518.473601 86.2524796 -148.1324158 -41.8900375 -0.0535175 -0.0992175 0.4849834 -0.8672271
1658133518.975347 85.3214035 -146.5899353 -41.7583427 -0.0562998 -0.1039826 0.4839569 -0.8670661
1658133519.372724 84.5913544 -145.3651886 -41.6530342 -0.0602099 -0.1032458 0.4860511 -0.8657191
1658133519.874648 83.6722794 -143.8101501 -41.5231056 -0.0513929 -0.1015625 0.4847476 -0.8672160
1658133520.574976 82.3882751 -141.6320648 -41.3492966 -0.0517839 -0.1055171 0.4805806 -0.8690379
1658133521.076215 81.4657974 -140.0544739 -41.2182236 -0.0608046 -0.1086692 0.4815068 -0.8675511
1658133521.474218 80.7418594 -138.8185883 -41.1112823 -0.0498500 -0.0918043 0.4837146 -0.8689690
1658133522.272302 79.2595673 -136.3204651 -40.9079208 -0.0499771 -0.1000998 0.4818883 -0.8690605
1658133522.675055 78.5174255 -135.0613708 -40.8070412 -0.0491459 -0.1020920 0.4821655 -0.8687223
1658133523.176101 77.5988083 -133.4925537 -40.6889915 -0.0476831 -0.0970474 0.4829567 -0.8689424
1658133523.874865 76.2983093 -131.3109436 -40.5257607 -0.0487305 -0.0997155 0.4824720 -0.8688515
1658133524.273573 75.5569611 -130.0754547 -40.4300156 -0.0479650 -0.0958930 0.4842441 -0.8683384
1658133524.874818 74.4418106 -128.1953278 -40.2867775 -0.0504193 -0.0971994 0.4841045 -0.8681320
1658133525.372648 73.5263824 -126.6423492 -40.1721649 -0.0472917 -0.1009822 0.4839373 -0.8679694
1658133525.974924 72.4166946 -124.7616348 -40.0379562 -0.0509478 -0.1038800 0.4835516 -0.8676354
1658133526.373409 71.6813354 -123.5277023 -39.9441032 -0.0438342 -0.0939052 0.4829146 -0.8695136
1658133527.076114 70.3948669 -121.3293076 -39.7925224 -0.0429227 -0.0999277 0.4817187 -0.8695512
1658133527.676903 69.2961197 -119.4666748 -39.6662903 -0.0423953 -0.0981547 0.4831033 -0.8690107
1658133528.271789 68.1894379 -117.6199722 -39.5390091 -0.0425337 -0.0934957 0.4830640 -0.8695393
1658133528.874913 67.0715408 -115.7366714 -39.4210243 -0.0360478 -0.0902707 0.4812506 -0.8711772
1658133529.472984 65.9566040 -113.8709793 -39.3089104 -0.0362774 -0.0886374 0.4817830 -0.8710411
1658133530.272341 64.4778595 -111.3724976 -39.1469727 -0.0329005 -0.0873614 0.4825837 -0.8708608
1658133531.177286 62.7961159 -108.5413666 -38.9747429 -0.0379397 -0.0931833 0.4821584 -0.8702877
1658133531.974733 61.3172150 -106.0615997 -38.8345451 -0.0414094 -0.0856384 0.4843997 -0.8696598
1658133532.874832 59.6632957 -103.2895203 -38.6856689 -0.0448406 -0.0958379 0.4833304 -0.8690203
1658133533.674028 58.2027855 -100.8071289 -38.5272217 -0.0421346 -0.1012160 0.4841046 -0.8681145
1658133534.573325 56.5591736 -98.0186462 -38.3451080 -0.0436720 -0.1001866 0.4854006 -0.8674340
1658133535.573133 54.7171249 -94.9156570 -38.1860657 -0.0398996 -0.0910439 0.4879720 -0.8671807
1658133536.175691 53.6060715 -93.0352478 -38.0945435 -0.0430202 -0.0972109 0.4863134 -0.8672939
1658133536.573001 52.8760071 -91.7954330 -38.0283737 -0.0366760 -0.0895398 0.4857312 -0.8687363
1658133537.372020 51.4037018 -89.3083191 -37.9105453 -0.0369359 -0.0957763 0.4858572 -0.8679893
1658133537.773712 50.6673775 -88.0589828 -37.8573380 -0.0367803 -0.1000255 0.4847341 -0.8681446
1658133538.371725 49.5575218 -86.1963654 -37.7717857 -0.0374750 -0.0963468 0.4836797 -0.8691185
1658133538.873600 48.6272545 -84.6310196 -37.7061882 -0.0360795 -0.0932230 0.4822525 -0.8703105
1658133539.473042 47.5059967 -82.7681656 -37.6305466 -0.0374099 -0.0927218 0.4825064 -0.8701671
1658133540.075182 46.3760490 -80.8971558 -37.5444031 -0.0360010 -0.0848868 0.4839731 -0.8702115
1658133540.874222 44.8966179 -78.3992310 -37.4422646 -0.0397274 -0.0849253 0.4835969 -0.8702548
1658133541.271306 44.1559067 -77.1638565 -37.3947067 -0.0366037 -0.0826802 0.4839423 -0.8704160
1658133542.074939 42.6698494 -74.6396637 -37.3009491 -0.0378124 -0.0846428 0.4831096 -0.8706383
1658133542.673089 41.5697975 -72.7844086 -37.2333679 -0.0339323 -0.0880335 0.4850042 -0.8694076
1658133543.472124 40.0942955 -70.2895126 -37.1438713 -0.0354504 -0.0848252 0.4836698 -0.8704089
1658133544.271428 38.6164551 -67.7956009 -37.0570145 -0.0387520 -0.0850264 0.4840497 -0.8700372
1658133545.075160 37.1280212 -65.2999191 -36.9606781 -0.0353166 -0.0862452 0.4836051 -0.8703107
1658133545.773871 35.8539200 -63.1221085 -36.8826027 -0.0365106 -0.0883328 0.4830299 -0.8703715
1658133546.572783 34.3809052 -60.6219101 -36.7819214 -0.0329932 -0.0810799 0.4842209 -0.8705559
1658133547.371903 32.9016685 -58.1369171 -36.6920395 -0.0356350 -0.0827176 0.4853390 -0.8696747
1658133547.873955 31.9782448 -56.5795212 -36.6402702 -0.0333103 -0.0840634 0.4859016 -0.8693236
1658133548.773879 30.3270111 -53.7770920 -36.5465431 -0.0335727 -0.0835820 0.4845733 -0.8701010
1658133549.371483 29.2247734 -51.9202995 -36.4894180 -0.0348742 -0.0823270 0.4851922 -0.8698245
1658133550.073947 27.9433136 -49.7316589 -36.4206886 -0.0317060 -0.0797117 0.4870165 -0.8691695
1658133550.873082 26.4760799 -47.2376633 -36.3517494 -0.0309357 -0.0821505 0.4865403 -0.8692369
1658133551.372096 25.5672626 -45.6858444 -36.3085136 -0.0277797 -0.0738106 0.4875252 -0.8695398
1658133551.874211 24.6380215 -44.1225433 -36.2740479 -0.0286388 -0.0780388 0.4869920 -0.8694416
1658133552.472209 23.5479298 -42.2616158 -36.2314796 -0.0241007 -0.0822014 0.4878104 -0.8687365
1658133552.974061 22.6347389 -40.7059555 -36.1928329 -0.0260528 -0.0868538 0.4891525 -0.8674719
1658133553.672701 21.3517838 -38.5323296 -36.1417923 -0.0234867 -0.0840175 0.4864025 -0.8693688
1658133554.270704 20.2485199 -36.6717072 -36.1136665 -0.0248878 -0.0778597 0.4827667 -0.8719260
1658133554.976168 18.9443684 -34.4931526 -36.0789871 -0.0296225 -0.0821371 0.4809928 -0.8723658
1658133555.472766 18.0215092 -32.9519997 -36.0520287 -0.0305924 -0.0807429 0.4811313 -0.8723860
1658133556.174042 16.7201099 -30.7649860 -36.0086365 -0.0383742 -0.0821748 0.4821863 -0.8713617
1658133556.573204 15.9880543 -29.5296173 -35.9754181 -0.0302338 -0.0788164 0.4833086 -0.8713706
1658133557.174979 14.8792877 -27.6552391 -35.9362526 -0.0285751 -0.0867736 0.4831675 -0.8707485
1658133557.574789 14.1503639 -26.4248009 -35.9102249 -0.0334557 -0.0806411 0.4845789 -0.8703798
1658133558.270585 12.8727169 -24.2667656 -35.8761673 -0.0304299 -0.0796725 0.4850408 -0.8703228
1658133558.572444 12.3218431 -23.3261471 -35.8671837 -0.0288473 -0.0830887 0.4846982 -0.8702481
1658133558.976164 11.5793762 -22.0752773 -35.8584061 -0.0333041 -0.0813609 0.4850248 -0.8700702
1658133559.472104 10.6595306 -20.5329151 -35.8443336 -0.0311589 -0.0792842 0.4842849 -0.8707533
1658133560.073905 9.5518827 -18.6526833 -35.8289909 -0.0329602 -0.0785970 0.4846257 -0.8705596
1658133560.672238 8.4478645 -16.7949696 -35.8146057 -0.0338030 -0.0864916 0.4827123 -0.8708418
1658133561.174004 7.5294237 -15.2396135 -35.7982674 -0.0377241 -0.0873912 0.4832052 -0.8703175
1658133561.672168 6.6125984 -13.7030306 -35.7712669 -0.0264188 -0.0810718 0.4821885 -0.8719081
1658133562.270197 5.5114832 -11.8494577 -35.7628174 -0.0336032 -0.0840685 0.4850031 -0.8698134
1658133562.773176 4.5871572 -10.2956038 -35.7506256 -0.0329270 -0.0879384 0.4848884 -0.8695205
1658133563.370513 3.4978237 -8.4371271 -35.7355347 -0.0345575 -0.0849299 0.4855067 -0.8694112
1658133563.872446 2.5723515 -6.8813124 -35.7215385 -0.0333277 -0.0822202 0.4852102 -0.8698851
1658133564.371299 1.6637659 -5.3279476 -35.7102890 -0.0291014 -0.0822688 0.4850990 -0.8700942
1658133564.974016 0.5559368 -3.4465339 -35.6931877 -0.0265241 -0.0790062 0.4845730 -0.8707718
1658133565.571822 -0.4791632 -1.6584188 -35.6143608 0.0407254 0.0371002 0.4845826 -0.8730090
1658133565.872813 -0.9555423 -0.8396168 -35.5793190 0.0806443 0.0764084 0.4742971 -0.8733273
1658133566.270099 -1.5169772 0.0794671 -35.5651321 0.0803529 0.1001161 0.4636105 -0.8766901
1658133567.571347 -2.4216118 1.6503472 -35.5027504 0.0778626 0.1241965 0.4902304 -0.8591780
1658133577.269690 -2.4522634 1.6193347 -35.6356659 0.0216416 -0.0415433 0.6107106 -0.7904671
1658133577.872825 -2.5915585 1.6958773 -35.6352463 -0.0143210 -0.0333459 0.8985217 -0.4374261
1658133578.771898 -2.5944896 1.8703876 -35.6125717 0.0101846 -0.0152723 0.9998050 -0.0072867
1658133581.175731 -2.5241203 1.7759756 -35.6517525 -0.0729121 0.0082287 0.9773207 0.1986466
1658133582.269425 -2.1384540 1.5871528 -35.6264534 -0.0333002 -0.0315860 0.9784014 0.2015541
1658133582.872876 -1.6961894 1.3994823 -35.6374245 -0.0320298 -0.0135768 0.9783610 0.2039600
1658133583.370493 -1.3075690 1.2414628 -35.6330070 -0.0148820 -0.0261425 0.9784041 0.2045005
1658133587.872408 0.4296311 0.5338340 -35.5815582 0.0127567 -0.0237066 0.9244632 0.3803198
1658133589.370260 0.6438151 0.5373040 -35.5562668 -0.0008581 -0.0024807 0.3966423 0.9179695
1658133590.771411 0.7020825 0.5000575 -35.5958328 -0.0027224 0.0061855 -0.0173418 0.9998268
1658133591.370105 0.7090976 0.5054812 -35.5312004 0.0016422 0.0145434 -0.0220372 0.9996500
1658133593.370541 0.6091546 0.4386917 -34.0504265 -0.0210859 -0.0021055 -0.0013037 0.9997746
1658133593.972932 0.5397545 0.4033546 -33.2293587 0.0300738 -0.0424579 0.0041992 0.9986367
1658133594.470992 0.4656503 0.3695133 -32.5567627 0.0017302 0.0137636 -0.0102024 0.9998518
1658133595.073282 0.4412872 0.3670015 -31.7010403 0.0357142 0.0137506 -0.0135888 0.9991751
1658133595.871759 0.4851152 0.3911566 -30.5671291 -0.0060552 -0.0199554 -0.0034624 0.9997765
1658133596.570695 0.5709871 0.3856556 -29.6784992 -0.0079965 0.0511379 -0.0047874 0.9986481
1658133597.369659 0.6295786 0.3565719 -28.5647469 -0.0039675 0.0023396 -0.0128585 0.9999067
1658133598.072435 0.5953771 0.3385850 -27.6311474 -0.0036282 0.0267545 -0.0173492 0.9994849
1658133598.872839 0.5336007 0.3611104 -26.5377789 -0.0312182 0.0141967 -0.0045516 0.9994015
1658133599.671449 0.5167565 0.3801092 -25.4158840 -0.0443420 -0.0146585 0.0006518 0.9989086
1658133600.469549 0.4874782 0.3604684 -24.3375206 -0.0256722 -0.0309419 -0.0084771 0.9991555
1658133601.268667 0.4425801 0.3610668 -23.2537937 -0.0335752 -0.0110632 -0.0038328 0.9993677
1658133601.972301 0.4227305 0.3010581 -22.3108749 0.0086977 0.0047788 0.0070776 0.9999257
1658133602.771101 0.3455161 0.2218277 -21.1855869 -0.0294772 -0.0094527 -0.0208081 0.9993042
1658133603.469829 0.3086443 0.1654650 -20.2495232 0.0263728 0.0053234 -0.0255242 0.9993121
1658133604.270172 0.3712302 0.2004668 -19.1819077 0.0019749 -0.0173395 -0.0251259 0.9995320
1658133604.971524 0.4083720 0.2215415 -18.2243729 0.0194157 -0.0051081 -0.0294615 0.9993643
1658133605.770466 0.3978427 0.2367163 -17.1530991 -0.0029468 -0.0069712 -0.0021739 0.9999690
1658133606.570468 0.3670177 0.2150759 -16.0985985 -0.0059975 -0.0104448 0.0011976 0.9999267
1658133607.369513 0.2962511 0.1640428 -15.1022024 -0.0007634 -0.0303659 -0.0144441 0.9994342
1658133608.172470 0.2835544 0.1421998 -14.2260504 -0.0154420 0.0056934 -0.0038367 0.9998572
1658133608.873404 0.2681281 0.1241489 -13.5041914 -0.0156020 0.0089959 -0.0103582 0.9997842
1658133609.670381 0.2499066 0.1320866 -12.7349968 -0.0109534 0.0043247 -0.0009159 0.9999303
1658133610.468973 0.2522552 0.1500794 -12.0384359 0.0036733 0.0255040 -0.0201362 0.9994652
1658133611.172514 0.2368146 0.1808344 -11.4605036 -0.0071163 -0.0125364 0.0082109 0.9998624
1658133611.973258 0.2265547 0.1386369 -10.8428288 -0.0103662 0.0283147 -0.0213240 0.9993178
1658133612.670637 0.3156915 0.2543689 -10.3157120 0.0051024 -0.0014379 -0.0038520 0.9999785
1658133613.469559 0.3381161 0.2417460 -9.8003769 0.0096501 0.0075613 -0.0100949 0.9998739
1658133614.172224 0.3435239 0.2274877 -9.3904371 0.0057637 0.0216542 -0.0117193 0.9996802
1658133614.970598 0.3096146 0.2030200 -8.9493208 0.0151076 0.0035210 -0.0098145 0.9998316
1658133615.670307 0.2689194 0.2108094 -8.5837288 0.0004574 0.0025149 -0.0070470 0.9999719
1658133616.469042 0.2248259 0.2124791 -8.2038183 0.0030985 -0.0105943 -0.0023521 0.9999363
1658133617.171570 0.2079865 0.1950627 -7.8956761 0.0127005 -0.0056388 -0.0052001 0.9998900
1658133617.970714 0.2073231 0.1779457 -7.5379281 0.0082688 -0.0025928 -0.0069876 0.9999381
1658133618.771170 0.2269813 0.1589750 -7.1754689 0.0077481 0.0040621 -0.0065061 0.9999406
1658133619.469420 0.2285254 0.1433359 -6.8594809 0.0119670 0.0023703 -0.0092069 0.9998832
1658133620.267789 0.2265579 0.1313307 -6.4964948 0.0189463 0.0036648 -0.0089195 0.9997740
1658133620.970398 0.2222143 0.1368388 -6.1765018 0.0012070 -0.0003117 -0.0030905 0.9999945
1658133621.770063 0.1979524 0.1200012 -5.8105092 0.0100039 -0.0037322 -0.0098922 0.9998941
1658133622.569429 0.1747707 0.1111267 -5.4496918 0.0088490 -0.0028515 -0.0100346 0.9999065
1658133623.371117 0.1504949 0.1098104 -5.0871038 0.0036483 -0.0048959 -0.0079191 0.9999501
1658133624.070792 0.1339352 0.1004840 -4.7722621 0.0089203 -0.0070978 -0.0083246 0.9999004
1658133624.970176 0.1270208 0.1064607 -4.3650413 0.0058989 -0.0047285 -0.0085647 0.9999348
1658133625.569795 0.1293879 0.1095604 -4.0917234 -0.0023577 0.0014108 -0.0054040 0.9999816
1658133626.368621 0.1204167 0.0960993 -3.7217429 0.0068506 -0.0016959 -0.0061297 0.9999563
1658133627.071513 0.1062260 0.0883785 -3.4055140 0.0016262 0.0041498 -0.0070303 0.9999654
1658133627.869657 0.0879290 0.0721312 -3.0441916 0.0000365 0.0008717 -0.0045528 0.9999893
1658133628.569273 0.0803432 0.0521899 -2.7256970 0.0062748 0.0057119 -0.0088985 0.9999244
1658133629.367784 0.0681142 0.0470710 -2.3581486 -0.0005307 0.0028475 -0.0104600 0.9999411
1658133629.970000 0.0561070 0.0433813 -2.0842166 -0.0019838 0.0003370 -0.0080047 0.9999660
1658133630.468094 0.0477115 0.0358751 -1.8559545 -0.0049227 0.0030843 -0.0030412 0.9999785
1658133631.070676 0.0364289 0.0196629 -1.5776728 0.0034313 0.0010370 -0.0043328 0.9999842
1658133631.669960 0.0295644 0.0112411 -1.2970499 -0.0057413 -0.0004917 -0.0042340 0.9999744
1658133632.267228 0.0290345 -0.0021374 -1.0219703 -0.0022970 0.0002116 -0.0054042 0.9999827
1658133632.869639 0.0231897 -0.0204906 -0.7364343 0.0019443 0.0080937 -0.0107284 0.9999079
1658133633.367706 -0.0008539 -0.0290782 -0.5019405 0.0091939 -0.0022853 -0.0149206 0.9998438
1658133634.870751 -0.0389734 0.0063893 0.1843657 -0.0162462 -0.0079509 -0.0099423 0.9997870
1658133635.266984 -0.0490499 -0.0056620 0.3656276 -0.0032593 -0.0044600 -0.0118324 0.9999148
1658133636.070786 -0.0482788 -0.0334753 0.6606131 0.0006544 0.0026042 -0.0063798 0.9999760
1658133636.367632 -0.0580913 -0.0402877 0.7291315 -0.0035961 -0.0008491 -0.0039791 0.9999853
1658133636.668740 -0.0814500 -0.0474492 0.7798968 0.0056915 -0.0428540 -0.0027674 0.9990613
1658133636.971147 -0.0825665 -0.0474693 0.8204923 0.0100082 -0.0185083 -0.0045174 0.9997684
1658133637.170791 -0.0798499 -0.0408612 0.8435439 -0.0006546 -0.0044520 -0.0040671 0.9999816
1658133637.467977 -0.0835397 -0.0312260 0.8465852 0.0046710 -0.0076690 -0.0021151 0.9999574
